ID,Source,Severity,Start_Time,End_Time,Start_Lat,Start_Lng,End_Lat,End_Lng,Distance(mi),Description,Street,City,County,State,Zipcode,Country,Timezone,Airport_Code,Weather_Timestamp,Temperature(F),Wind_Chill(F),Humidity(%),Pressure(in),Visibility(mi),Wind_Direction,Wind_Speed(mph),Precipitation(in),Weather_Condition,Amenity,Bump,Crossing,Give_Way,Junction,No_Exit,Railway,Roundabout,Station,Stop,Traffic_Calming,Traffic_Signal,Turning_Loop,Sunrise_Sunset,Civil_Twilight,Nautical_Twilight,Astronomical_Twilight,Day_Of_Week
A-1016822,Source2,3,2021-06-04 07:08:02,2021-06-04 11:06:37,43.266518,-72.432625,,,0.0,Left lane blocked and shoulder blocked due to accident Tractor Trailer involved on I-91 Southbound near Exit 7 US-5.,I-91 N,Springfield,Windsor,VT,05156,US,US/Eastern,KVSF,2021-06-04 06:54:00,62.0,62.0,100.0,29.25,10.0,CALM,0.0,0.0,Light Rain,False,False,False,False,False,False,False,False,False,False,False,False,False,Day,Day,Day,Day,Friday
A-3633914,Source1,2,2017-06-30 18:29:30,2017-07-01 00:29:30,42.977541,-72.483387,42.96577,-72.516064,1.841,At US-5/VT-4/Exit 4 - Accident.,I-91 S,Putney,Windham,VT,05346,US,US/Eastern,KEEN,2017-06-30 18:30:00,69.8,,88.0,29.92,5.0,SSE,4.6,,Thunderstorms and Rain,False,False,False,False,False,False,False,False,False,False,False,False,False,Day,Day,Day,Day,Friday
A-7692078,Source1,2,2017-08-07 06:48:34,2017-08-07 12:48:34,44.699254,-73.106279,44.58707,-73.17148,8.388,Between VT-104/Exit 19 and US-2/Exit 17 - Accident.,I-89 S,Fairfax,Franklin,VT,05454,US,US/Eastern,KBTV,2017-08-07 06:54:00,60.1,,83.0,30.06,10.0,Calm,,,Scattered Clouds,False,False,False,False,False,False,False,False,False,False,False,False,False,Day,Day,Day,Day,Monday
A-2916880,Source2,3,2018-02-28 09:58:31,2018-02-28 10:28:10,44.298164,-72.68512700000002,,,0.0,Right lane closed due to earlier accident on I-89 Northbound near Exit 9 Center Rd.,I-89 N,Montpelier,Washington,VT,05602,US,US/Eastern,KMPV,2018-02-28 09:51:00,46.9,,44.0,29.99,10.0,SSE,5.8,,Scattered Clouds,False,False,False,False,False,False,False,False,False,False,False,False,False,Day,Day,Day,Day,Wednesday
A-2394355,Source2,3,2018-12-13 14:17:05,2018-12-13 14:45:29,42.853535,-72.580208,,,2.3299999237060547,Jackknifed trailer on I-91 Northbound between Exit 1 US-5 Canal St and Exit 2 VT-9 Western Ave.,I-91 S,Brattleboro,Windham,VT,05301,US,US/Eastern,KEEN,2018-12-13 13:56:00,28.9,,58.0,30.56,10.0,Calm,,,Overcast,False,False,False,False,False,False,False,False,False,False,False,False,False,Day,Day,Day,Day,Thursday
A-2572293,Source2,3,2018-09-09 08:01:59,2018-09-09 08:30:16,43.178951,-72.464569,,,0.0,Multi-vehicle accident on I-91 Southbound near Exit 6 US-5 Rockingham Rd.,Rockingham Rd,Bellows Falls,Windham,VT,05101,US,US/Eastern,KVSF,2018-09-09 07:54:00,45.0,,97.0,30.35,10.0,Calm,,,Clear,False,False,False,False,False,False,False,False,False,False,False,False,False,Day,Day,Day,Day,Sunday
A-1337325,Source2,2,2020-10-13 06:49:37,2020-10-13 08:21:42,43.233822,-72.448036,,,0.0,Accident on I-91 Northbound at Rest Area.,I-91 S,Springfield,Windsor,VT,05156,US,US/Eastern,KVSF,2020-10-13 06:54:00,45.0,45.0,93.0,29.5,4.0,CALM,0.0,0.11,Rain,False,False,False,False,False,False,False,False,False,False,False,False,False,Night,Day,Day,Day,Tuesday
A-7452928,Source1,4,2019-02-25 15:07:34,2019-02-25 15:36:49,43.613519,-73.288337,43.686522,-73.289905,5.045,Closed at Mill Pond Rd - Road closed due to accident., Sheldon Rd,Fair Haven,Rutland,VT,05743-6214,US,US/Eastern,KRUT,2019-02-25 14:56:00,28.0,15.7,49.0,29.67,9.0,West,17.3,0.0,Light Snow,False,False,False,False,False,False,False,False,False,False,False,False,False,Day,Day,Day,Day,Monday
A-7489003,Source1,4,2018-12-22 12:46:52,2018-12-22 13:16:47,44.90356,-72.94621,44.918657,-72.962663,1.318,Closed between VT-105 and VT-207/Gore Rd - Road closed due to accident., VT Route 105,Sheldon,Franklin,VT,05483-9506,US,US/Eastern,KFSO,2018-12-22 12:55:00,28.8,19.5,85.0,29.46,10.0,West,10.4,,Overcast,False,False,False,False,False,False,False,False,False,False,False,False,False,Day,Day,Day,Day,Saturday
A-3615726,Source1,2,2017-05-18 13:16:05,2017-05-18 19:16:05,44.80702,-72.21239,44.802232,-72.214737,0.35,At VT-16/Exit 25 - Accident.,I-91 S,Orleans,Orleans,VT,05860,US,US/Eastern,KEFK,2017-05-18 13:15:00,83.1,,46.0,29.75,10.0,SW,12.7,,Clear,False,False,False,False,False,False,False,False,False,False,False,False,False,Day,Day,Day,Day,Thursday
