ID,Source,Severity,Start_Time,End_Time,Start_Lat,Start_Lng,End_Lat,End_Lng,Distance(mi),Description,Street,City,County,State,Zipcode,Country,Timezone,Airport_Code,Weather_Timestamp,Temperature(F),Wind_Chill(F),Humidity(%),Pressure(in),Visibility(mi),Wind_Direction,Wind_Speed(mph),Precipitation(in),Weather_Condition,Amenity,Bump,Crossing,Give_Way,Junction,No_Exit,Railway,Roundabout,Station,Stop,Traffic_Calming,Traffic_Signal,Turning_Loop,Sunrise_Sunset,Civil_Twilight,Nautical_Twilight,Astronomical_Twilight,Day_of_Week
A-3918576,Source1,2,2022-11-23 17:02:12,2022-11-24 17:47:16.000000000,41.647744,-108.68683500000002,41.651612,-108.703885,0.92,Construction on I-80 WB near PATRICK DRAW Road closed. Take alternate route.,I-80 W,Rock Springs,Sweetwater,WY,82901,US,US/Mountain,KRKS,2022-11-23 16:54:00,31.0,23.0,69.0,23.47,10.0,WNW,9.0,0.0,Cloudy,False,False,False,False,False,False,False,False,False,False,False,False,False,Night,Day,Day,Day,Wednesday
A-3724994,Source1,2,2022-12-22 16:41:00,2022-12-22 20:02:30.000000000,41.630879,-108.319548,41.648175,-108.635375,16.352,Stationary traffic on I-80 W - US-30 W from BLM Rd/Exit 156 (I-80) to I-80 Service Rd/Exit 136 (I-80) due to accident.,I-80,Wamsutter,Sweetwater,WY,82336,US,US/Mountain,KCTD,2022-12-22 16:53:00,-17.0,-35.0,70.0,23.48,10.0,SSW,8.0,0.0,Fair,False,False,False,False,False,False,False,False,False,False,False,False,False,Day,Day,Day,Day,Thursday
A-5401282,Source1,2,2022-11-03 06:47:00,2022-11-03 08:05:30.000000000,41.629916,-108.300422,41.641845,-108.19335900000002,5.59,Slow traffic on US-30 E - I-80 E from BLM Rd/Exit 156 (I-80) to Red Desert Rd/Exit 165 (I-80) due to accident.,I-80 E,Wamsutter,Sweetwater,WY,82336,US,US/Mountain,KCTD,2022-11-03 06:53:00,30.0,24.0,88.0,23.2,4.0,NW,6.0,0.0,Light Snow,False,False,False,False,False,False,False,False,False,False,False,False,False,Night,Night,Day,Day,Thursday
A-5204459,Source1,2,2022-03-06 09:33:00,2022-03-06 11:10:00.000000000,41.55496001223776,-109.31625008530943,41.52501001223777,-109.43686008530943,6.572,Slow traffic on I-80 W - US-30 W from US-191/Exit 99 (I-80) to US-30/Exit 91 (I-80) due to accident.,I-80 W,Rock Springs,Sweetwater,WY,82901,US,US/Mountain,KRKS,2022-03-06 09:37:00,15.0,-3.0,80.0,23.31,1.0,NE,22.0,0.0,Light Snow / Windy,False,False,False,False,False,False,False,False,False,False,False,False,False,Day,Day,Day,Day,Sunday
A-5984389,Source1,2,2021-12-15 17:15:31,2021-12-15 19:20:58.000000000,41.59062700000001,-106.185177,41.577852,-106.162648,1.461,Incident on I-80 EB near MM 266 Left lane blocked.,I-80 E,Rock River,Carbon,WY,82083,US,US/Mountain,KARL,2021-12-15 17:15:00,18.0,,53.0,22.73,10.0,,,0.0,Cloudy,False,False,False,False,False,False,False,False,False,False,False,False,False,Night,Night,Day,Day,Wednesday
A-5254450,Source1,2,2023-01-05 20:19:10,2023-01-05 21:59:29.000000000,41.74818,-107.578125,41.752236,-107.559114,1.019,Incident on I-80 EB near MM 192 Left lane blocked.,I-80,Wamsutter,Sweetwater,WY,82336,US,US/Mountain,KCTD,2023-01-05 19:53:00,29.0,16.0,72.0,23.34,10.0,WSW,20.0,0.0,Cloudy,False,False,False,False,False,False,False,False,False,False,False,False,False,Night,Night,Night,Night,Thursday
A-5315747,Source1,2,2022-02-16 07:31:24,2022-02-16 09:38:02.000000000,41.68930649737506,-108.84493231721474,41.676876497375055,-108.92262231721476,4.1,Incident on I-80 WB near MM 127 Road closed. Take alternate route.,I-80 W,Rock Springs,Sweetwater,WY,82901,US,US/Mountain,KRKS,2022-02-16 07:54:00,20.0,9.0,81.0,23.15,10.0,WSW,10.0,0.0,Mostly Cloudy,False,False,False,False,False,False,False,False,False,False,False,False,False,Day,Day,Day,Day,Wednesday
A-5030118,Source1,2,2023-01-24 19:56:11,2023-01-24 21:17:03.000000000,41.532532,-109.381358,41.543442,-109.345878,1.984,Incident on I-80 EB near MM 96 Road closed. Take alternate route.,I-80 E,Green River,Sweetwater,WY,82935,US,US/Mountain,KCMS,2023-01-24 19:54:00,12.0,-2.0,84.0,23.47,10.0,W,12.0,0.0,Fair,False,False,False,False,False,False,False,False,False,False,False,False,False,Night,Night,Night,Night,Tuesday
A-5425545,Source1,2,2022-11-06 03:08:30,2022-11-06 08:39:30.000000,41.126083,-105.31783,41.279465,-105.515496,14.761,Slow traffic on I-80 W - US-30 W from North Buford Rd/Exit 335 (I-80) to I-80/US-30/Grand Ave/Exit 316 (I-80) due to accident.,I-80 W,Laramie,Albany,WY,82070,US,US/Mountain,KLAR,2022-11-06 02:53:00,27.0,13.0,72.0,22.77,10.0,SW,21.0,0.0,Cloudy / Windy,False,False,False,False,False,False,False,False,False,False,False,False,False,Night,Night,Night,Night,Sunday
A-4429896,Source1,2,2022-02-25 17:43:04,2022-02-25 19:02:06.000000000,41.69145226458696,-108.89080882020524,41.68911226458697,-108.84498882020524,2.37,Incident on I-80 EB near MM 126 Right lane blocked. Expect delays.,I-80 E,Rock Springs,Sweetwater,WY,82901,US,US/Mountain,KRKS,2022-02-25 17:54:00,13.0,-3.0,51.0,23.5,10.0,W,16.0,0.0,Fair,False,False,False,False,False,False,False,False,False,False,False,False,False,Day,Day,Day,Day,Friday
A-5274140,Source1,2,2022-02-18 07:37:00,2022-02-18 10:03:30.000000000,41.134804,-105.34753899999998,41.220703,-105.438307,7.582999999999998,Stationary traffic on I-80 W - US-30 W from North Buford Rd/Exit 335 (I-80) to WY-210/Happy Jack Rd/Exit 323 (I-80) due to accident.,I-80 W,Laramie,Albany,WY,82070,US,US/Mountain,KLAR,2022-02-18 07:53:00,20.0,4.0,65.0,22.99,10.0,WSW,20.0,0.0,Fair,False,False,False,False,False,False,False,False,False,False,False,False,False,Day,Day,Day,Day,Friday
A-5076255,Source1,2,2023-01-22 19:02:30,2023-01-22 23:18:00.000000000,41.781928,-107.138671,41.773631,-107.109118,1.6269999999999998,Stationary traffic on US-30 E - I-80 E - US-287 S from US-287/Exit 215 (I-80) to WY-76/Exit 221 (I-80) due to accident.,US-30,Sinclair,Carbon,WY,82334,US,US/Mountain,KRWL,2023-01-22 18:53:00,10.0,-1.0,76.0,23.25,10.0,WNW,7.0,0.0,Fair,False,False,False,False,False,False,False,False,False,False,False,False,False,Night,Night,Night,Night,Sunday
A-5270502,Source1,2,2022-01-22 23:37:30,2022-01-22 23:51:00.000000000,41.74930214861989,-106.53104424425824,41.74049214861989,-106.49313424425829,2.047,Slow traffic on I-80 E from Peterson Rd/Exit 238 (I-80) to WY-72/Exit 255 (I-80) due to accident.,I-80 E,Hanna,Carbon,WY,82327,US,US/Mountain,KEHY,2022-01-22 23:35:00,27.0,,51.0,23.07,10.0,,,0.0,Fair,False,False,False,False,False,False,False,False,False,False,False,False,False,Night,Night,Night,Night,Saturday
A-5306603,Source1,2,2023-01-18 17:30:06,2023-01-18 19:35:01.000000000,41.029207,-104.899968,41.012252,-104.904675,1.197,Incident on I-25 SB near MM 3 Road closed. Take alternate route.,I-25,Cheyenne,Laramie,WY,82007,US,US/Mountain,KFEW,2023-01-18 17:34:00,25.0,11.0,81.0,23.73,9.0,NNW,18.0,0.0,Light Snow,False,False,False,False,False,False,False,False,False,False,False,False,False,Night,Night,Day,Day,Wednesday
A-5260070,Source1,2,2022-11-03 09:03:00,2022-11-03 13:45:00.000000000,41.778945,-107.34318600000002,41.785456,-107.366104,1.264,Incident on I-80 WB near WY-78 Traffic stopped.,I-80 W,Rawlins,Carbon,WY,82301,US,US/Mountain,KRWL,2022-11-03 08:53:00,27.0,20.0,89.0,23.2,0.5,N,6.0,0.02,Snow,False,False,False,False,False,False,False,False,False,False,False,False,False,Day,Day,Day,Day,Thursday
A-5180500,Source1,2,2022-06-18 19:22:32,2022-06-19 20:07:36.000000000,41.425592,-104.87627,41.411991,-104.875018,0.942,Construction on I-25 SB near CHUGWATER Left lane blocked.,I-25 S,Cheyenne,Laramie,WY,82009,US,US/Mountain,KCYS,2022-06-18 19:44:00,82.0,82.0,23.0,23.88,10.0,S,14.0,0.0,Fair,False,False,False,False,False,False,False,False,False,False,False,False,False,Day,Day,Day,Day,Saturday
