ID,Source,Severity,Start_Time,End_Time,Start_Lat,Start_Lng,End_Lat,End_Lng,Distance(mi),Description,Street,City,County,State,Zipcode,Country,Timezone,Airport_Code,Weather_Timestamp,Temperature(F),Wind_Chill(F),Humidity(%),Pressure(in),Visibility(mi),Wind_Direction,Wind_Speed(mph),Precipitation(in),Weather_Condition,Amenity,Bump,Crossing,Give_Way,Junction,No_Exit,Railway,Roundabout,Station,Stop,Traffic_Calming,Traffic_Signal,Turning_Loop,Sunrise_Sunset,Civil_Twilight,Nautical_Twilight,Astronomical_Twilight,Day_Of_Week
A-1731974,Source2,3,2019-12-22 12:46:19,2019-12-22 15:22:00,39.338051,-119.872818,,,0.0,Accident on NV-431 Mt Rose Hwy Southbound at Sky Tavern Rd.,Mount Rose Hwy,Reno,Washoe,NV,89511-5726,US,US/Pacific,KRNO,2019-12-22 12:55:00,45.0,34.0,60.0,25.27,10.0,S,38.0,0.0,Light Rain / Windy,False,False,False,False,False,False,False,False,False,False,False,False,False,Day,Day,Day,Day,Sunday
A-1849296,Source2,2,2019-11-27 06:00:24,2019-11-27 10:29:58,39.589573,-119.82638500000002,,,0.0,Left lane blocked due to accident on US-395 Southbound before Exit 72 US-395-BR Virginia St.,Martin Luther King Jr Memorial Fwy,Reno,Washoe,NV,89506,US,US/Pacific,KRTS,2019-11-27 05:55:00,28.0,20.0,80.0,24.33,9.0,W,9.0,0.0,N/A Precipitation,False,False,False,False,False,False,False,False,False,False,False,False,False,Night,Night,Day,Day,Wednesday
A-4532963,Source1,2,2022-02-21 04:57:51,2022-02-21 08:38:28,39.348954,-119.79136,39.340063,-119.805346,0.967,Incident on US-395 near LEMMON DR Expect delays.,I-580,Reno,Washoe,NV,89511,US,US/Pacific,KRNO,2022-02-21 04:55:00,28.0,23.0,96.0,25.36,0.5,N,5.0,0.08,Snow,False,False,False,False,False,False,False,False,False,False,False,False,False,Night,Night,Night,Night,Monday
A-1741809,Source2,3,2019-10-08 14:15:16,2019-10-08 14:45:00,40.66243400000001,-116.439949,,,0.0,Accident on I-80 Eastbound at Exit 261 NV-306.,I-80 E,Crescent Valley,Eureka,NV,89821,US,US/Pacific,KB23,2019-10-08 13:56:00,77.0,77.0,13.0,25.5,10.0,SW,21.0,0.0,Fair / Windy,False,False,False,False,False,False,False,False,False,False,False,False,False,Day,Day,Day,Day,Tuesday
A-2031322,Source2,2,2019-06-03 13:56:41,2019-06-03 15:26:09,39.172009,-119.750961,,,0.0,Accident on Us-50 Eastbound after Saliman Rd.,N Saliman Rd,Carson City,Carson City,NV,89706-3273,US,US/Pacific,KCXP,2019-06-03 13:55:00,73.0,73.0,44.0,25.29,6.0,NNE,9.0,0.0,T-Storm,False,False,False,False,False,False,False,False,False,False,False,False,False,Day,Day,Day,Day,Monday
A-3620610,Source1,4,2017-05-11 16:39:28,2017-05-11 22:39:28,39.469874,-119.789092,39.475408,-119.791011,0.396,Closed at Del Monte Ln/Exit 62 - Road closed due to accident.,Martin Luther King Jr Memorial Fwy,Reno,Washoe,NV,89511,US,US/Pacific,KRNO,2017-05-11 16:55:00,73.0,,20.0,29.89,10.0,SSW,23.0,,Scattered Clouds,False,False,False,False,False,False,False,False,False,False,False,False,False,Day,Day,Day,Day,Thursday
A-7263308,Source1,4,2020-02-14 17:03:17,2020-02-14 17:32:51,39.51144,-119.74441000000002,39.51277,-119.74357,0.102,Closed at Truckee River Bridge - Road closed due to accident., S McCarran Blvd,Reno,Washoe,NV,89502,US,US/Pacific,KRNO,2020-02-14 16:55:00,58.0,58.0,16.0,25.56,10.0,NNW,8.0,0.0,Mostly Cloudy,False,False,True,False,False,False,False,False,False,False,False,True,False,Day,Day,Day,Day,Friday
A-2074456,Source2,3,2019-06-26 17:51:29,2019-06-26 18:21:12,39.533821,-119.766785,,,0.0,Accident on I-80 Eastbound at Exit 17 Rock Blvd.,I-80 E,Sparks,Washoe,NV,89431,US,US/Pacific,KRNO,2019-06-26 17:55:00,71.0,71.0,19.0,25.46,10.0,S,30.0,0.0,Partly Cloudy / Windy,False,False,False,False,False,False,False,False,False,False,False,False,False,Day,Day,Day,Day,Wednesday
A-1885403,Source2,3,2019-09-28 14:53:00,2019-09-28 15:37:45,39.50584,-119.780327,,,0.0,Accident on I-580 Northbound near Exit 65 Plumb Ln.,E Plumb Ln,Reno,Washoe,NV,89502,US,US/Pacific,KRNO,2019-09-28 14:55:00,39.0,31.0,86.0,25.29,5.0,NNE,15.0,0.01,Wintry Mix,False,False,True,False,False,False,False,False,False,False,False,True,False,Day,Day,Day,Day,Saturday
A-1458676,Source2,2,2020-04-30 15:03:51,2020-04-30 15:48:34,39.478161,-118.807953,,,0.0,Accident on US-50 Reno Hwy at Casey Rd.,Reno Hwy,Fallon,Churchill,NV,89406,US,US/Pacific,KNFL,2020-04-30 14:56:00,80.0,80.0,11.0,25.95,10.0,W,24.0,0.0,Mostly Cloudy / Windy,False,False,True,False,False,False,False,False,False,False,False,True,False,Day,Day,Day,Day,Thursday
A-1394537,Source2,4,2020-07-21 15:20:09,2020-07-21 17:39:10,39.439598,-119.765648,,,1.4800000190734863,Lane blocked due to accident on I-580 Southbound from Exit 61 Virginia St to Exit 60 Meadows Pkwy.,Martin Luther King Jr Memorial Fwy,Reno,Washoe,NV,89511,US,US/Pacific,KRNO,2020-07-21 14:55:00,96.0,96.0,10.0,25.44,10.0,VAR,6.0,0.0,Partly Cloudy,False,False,False,False,False,False,False,False,False,False,False,False,False,Day,Day,Day,Day,Tuesday
A-2275052,Source2,2,2019-02-09 04:33:43,2019-02-09 05:48:26,39.502048,-118.987411,,,0.0,Accident on US-50 Carson Hwy at Pioneer Way.,Carson Hwy,Fallon,Churchill,NV,89406,US,US/Pacific,KNFL,2019-02-09 04:56:00,25.0,20.7,81.0,29.68,10.0,WSW,3.5,,Clear,False,False,False,False,False,False,False,False,False,False,False,False,False,Night,Night,Night,Night,Saturday
A-4281565,Source1,2,2023-01-29 08:19:30,2023-01-29 10:15:30,39.526899,-119.704247,39.52336500000001,-119.623737,4.298,Slow traffic on I-80 E from Sparks Blvd/Exit 20 (I-80) to Exit 28 (I-80) due to accident.,Interstate 80 E,Sparks,Washoe,NV,89434,US,US/Pacific,KRNO,2023-01-29 08:25:00,30.0,25.0,85.0,25.35,0.5,WNW,5.0,0.0,Snow,False,False,False,False,False,False,False,False,False,False,False,False,False,Day,Day,Day,Day,Sunday
A-3050764,Source2,2,2018-01-07 06:28:14,2018-01-07 06:57:59,39.198631,-119.928032,,,0.0,Accident on NV-28 at Sand Harbor Park.,NV-28,Incline Village,Washoe,NV,89451,US,US/Pacific,KTRK,2018-01-07 06:45:00,19.4,,93.0,30.22,2.0,Calm,,,Light Freezing Fog,False,False,False,False,False,False,False,False,False,False,False,False,False,Night,Night,Day,Day,Sunday
A-3221743,Source2,3,2017-10-03 09:36:21,2017-10-03 10:20:58,40.188412,-118.463318,,,9.100000381469728,Accident on I-80 Westbound between Exit 112 US-95 Bus Coal Canyon Rd and Exit 107 I-80 Bus Airport Rd.,I-80 W,Lovelock,Pershing,NV,89419,US,US/Pacific,KLOL,2017-10-03 09:53:00,46.0,38.3,46.0,29.95,10.0,NE,20.7,,Overcast,False,False,False,False,False,False,False,False,False,False,False,False,False,Day,Day,Day,Day,Tuesday
A-4039002,Source1,4,2022-02-22 13:13:00,2022-02-22 15:17:23,39.16775107365051,-119.92700457515753,39.19365107365051,-119.9266745751575,1.79,Road Closed (Crash) - on SR-28 in both directions from US-50 to Sand Harbor in Washoe County Nevada. Use alternate route.,NV-28,Incline Village,Washoe,NV,89451,US,US/Pacific,KTRK,2022-02-22 17:21:00,19.0,19.0,74.0,23.9,7.0,CALM,0.0,0.0,N/A Precipitation,False,False,False,False,False,False,False,False,False,False,False,False,False,Day,Day,Day,Day,Tuesday
A-3056023,Source2,2,2018-01-09 14:34:40,2018-01-09 15:04:12,35.172226,-114.571518,,,0.0,Accident on NV-163 Laughlin Bridge Rd Eastbound around Casino Dr.,State Road 163,Laughlin,Clark,NV,89029,US,US/Mountain,KIFP,2018-01-09 14:35:00,55.4,,88.0,29.71,4.0,North,12.7,,Heavy Rain,False,False,False,False,False,False,False,False,False,False,False,True,False,Day,Day,Day,Day,Tuesday
A-968369,Source2,3,2021-07-19 17:41:45,2021-07-19 18:33:44,39.554649,-119.564552,,,0.0,Left lane blocked due to accident on I-80 Eastbound at Exit 28 Nf-413.,Interstate 80 E,Sparks,Washoe,NV,89434,US,US/Pacific,KRNO,2021-07-19 17:34:00,76.0,76.0,48.0,25.68,8.0,NE,17.0,0.0,Thunder,False,False,False,False,False,False,False,False,False,False,False,False,False,Day,Day,Day,Day,Monday
A-3533386,Source1,2,2016-10-24 19:54:53,2016-10-25 01:54:53,36.17154,-115.20591,36.174306,-115.2058,0.191,Between US-95/Las Vegas Expy and Nebraska Ave - Accident.,S Decatur Blvd,Las Vegas,Clark,NV,89107,US,US/Pacific,KVGT,2016-10-24 19:53:00,63.0,,87.0,30.09,10.0,Calm,,,Thunderstorm,False,False,False,False,False,False,False,False,False,False,False,False,False,Night,Night,Night,Night,Monday
A-4455006,Source1,2,2023-01-29 09:59:30,2023-01-29 14:21:30,39.66384,-119.993184,39.375,-119.753807,23.687,Slow traffic on I-580 S - US-395 S from White Lake Pkwy/Exit 83 (US-395) to US-395 Alt/NV-429 (I-580/US-395) due to accident.,US-395,Reno,Washoe,NV,89508,US,US/Pacific,KRTS,2023-01-29 09:55:00,25.0,15.0,86.0,24.78,0.25,N,10.0,0.01,Light Snow,False,False,False,False,False,False,False,False,False,False,False,False,False,Day,Day,Day,Day,Sunday
A-545793,Source2,1,2022-08-04 16:23:16,2022-08-04 17:08:30,39.546116,-119.788116,,,0.0,Crash on US-395 Southbound at Exit 69 Oddie Blvd.,Martin Luther King Jr Memorial Fwy,Reno,Washoe,NV,89512,US,US/Pacific,KRNO,2022-08-04 16:23:00,70.0,70.0,76.0,25.57,5.0,S,17.0,0.2,Heavy T-Storm,False,False,False,False,False,False,False,False,False,False,False,True,False,Day,Day,Day,Day,Thursday
A-2158009,Source2,2,2019-04-09 13:07:28,2019-04-09 14:27:28,38.966148,-118.809608,,,0.0,Accident on US-95 Southbound after Sunset Dr.,US-95 N,Schurz,Mineral,NV,89427,US,US/Pacific,KNFL,2019-04-09 12:56:00,52.0,52.0,32.0,26.05,10.0,NW,21.0,0.0,Mostly Cloudy / Windy,False,False,False,False,False,False,False,False,False,False,False,False,False,Day,Day,Day,Day,Tuesday
A-3839240,Source1,2,2022-04-11 14:52:30,2022-04-11 16:55:43,41.08804106692749,-114.70440030043264,41.07801106692749,-114.57342030043266,6.857,Crash - on I-80 near mile post 373 in Elko County Nevada. Use caution slow down and move over for emergency responders and equipment.,US-93-ALT,Wells,Elko,NV,89835,US,US/Pacific,K9BB,2022-04-11 14:56:00,30.0,24.0,85.0,24.37,0.25,VAR,6.0,0.01,Heavy Snow,False,False,False,False,False,False,False,False,False,False,False,False,False,Day,Day,Day,Day,Monday
A-7664138,Source1,4,2017-11-26 14:44:37,2017-11-26 20:44:37,39.625379,-119.91171,39.61821,-119.87849,1.836,Closed between Red Rock Rd/Exit 78 and Stead Blvd/Exit 76 - Road closed due to accident.,Martin Luther King Jr Memorial Fwy,Reno,Washoe,NV,89506,US,US/Pacific,KRTS,2017-11-26 14:50:00,48.2,,71.0,29.92,5.0,SSW,26.5,0.19,Haze,False,False,False,False,False,False,False,False,False,False,False,False,False,Day,Day,Day,Day,Sunday
A-4356492,Source1,2,2022-12-30 18:33:59,2022-12-30 19:51:23,39.583543,-119.74301,39.583874,-119.74288,0.024,Incident on PYRAMID WAY NB near LOS ALTOS PKY Expect delays.,Los Altos Pkwy,Sparks,Washoe,NV,89436,US,US/Pacific,KRTS,2022-12-30 18:35:00,50.0,50.0,71.0,24.7,10.0,WSW,28.0,0.0,Light Drizzle / Windy,False,False,False,False,False,False,False,False,False,False,False,True,False,Night,Night,Night,Night,Friday
A-1596938,Source2,2,2020-01-16 15:48:36,2020-01-16 20:29:44,38.80402,-119.606873,,,0.0,Accident on US-395 at Leviathan Mine Rd.,US Highway 395 S,Gardnerville,Douglas,NV,89410,US,US/Pacific,KTVL,2020-01-16 15:53:00,26.0,17.0,88.0,23.51,0.0,S,9.0,0.1,Heavy Snow,False,False,False,False,False,False,False,False,False,False,False,False,False,Day,Day,Day,Day,Thursday
A-908188,Source2,3,2021-09-08 18:51:08,2021-09-08 19:50:46,39.205364,-119.788734,,,0.0,Lane blocked due to accident on I-580 Northbound at US-395-BR Carson St.,I-580 S,Carson City,Carson City,NV,89703,US,US/Pacific,KCXP,2021-09-08 18:55:00,90.0,90.0,12.0,25.33,10.0,W,13.0,0.0,Fair,False,False,False,False,False,False,False,False,False,False,False,False,False,Day,Day,Day,Day,Wednesday
A-1169363,Source2,2,2021-02-03 10:47:44,2021-02-03 12:34:10,39.536568,-119.802719,,,0.0,Accident on I-80 Eastbound at Exit 14 Wells Ave.,I-80 E,Reno,Washoe,NV,89512,US,US/Pacific,KRNO,2021-02-03 10:55:00,42.0,34.0,29.0,25.58,10.0,SW,17.0,0.0,Mostly Cloudy,False,False,False,False,False,False,False,False,False,False,False,False,False,Day,Day,Day,Day,Wednesday
A-7511082,Source1,4,2018-11-28 10:56:52,2018-11-28 11:26:41,39.204952,-118.024851,39.221766,-118.019281,1.199,Closed at US-50/Austin Hwy - Road closed due to accident.,NV-361,Fallon,Churchill,NV,89406,US,US/Pacific,KNFL,2018-11-28 10:56:00,42.1,39.2,89.0,29.78,10.0,East,4.6,0.01,Light Rain,False,False,False,False,False,False,False,False,False,False,False,False,False,Day,Day,Day,Day,Wednesday
A-4676335,Source1,2,2022-12-01 18:27:33,2022-12-01 21:08:34,39.56185,-119.750851,39.561973,-119.751004,0.012,Incident on PYRAMID WAY NB near FARR LN Expect delays.,Farr Ln,Sparks,Washoe,NV,89436,US,US/Pacific,KRTS,2022-12-01 18:35:00,28.0,17.0,74.0,24.72,10.0,W,16.0,0.0,Cloudy,False,False,False,False,False,False,False,False,False,False,False,True,False,Night,Night,Night,Night,Thursday
A-3607842,Source1,4,2017-04-13 07:12:29,2017-04-13 13:12:29,36.200969,-115.121811,36.20257,-115.119085,0.188,Closed between Hamilton St and Carey Ave - Road closed due to accident., Las Vegas Blvd N,North Las Vegas,Clark,NV,89030-5803,US,US/Pacific,KVGT,2017-04-13 06:53:00,64.9,,33.0,29.83,10.0,SSW,9.2,,Clear,False,False,False,False,False,False,False,False,False,False,False,False,False,Day,Day,Day,Day,Thursday
A-4357320,Source1,2,2023-01-14 20:34:30,2023-01-14 21:17:30.000000000,39.583703,-119.820747,39.595536,-119.832337,1.024,Stationary traffic on US-395 N from Dandini Blvd/Parr Blvd/Exit 71 (US-395) to E Golden Valley Rd/Exit 73 (US-395) due to accident.,Martin Luther King Jr Memorial Fwy,Reno,Washoe,NV,89506,US,US/Pacific,KRTS,2023-01-14 20:35:00,36.0,36.0,65.0,24.55,10.0,CALM,0.0,0.0,Cloudy,False,False,False,False,False,False,False,False,False,False,False,False,False,Night,Night,Night,Night,Saturday
A-5928229,Source1,2,2021-10-08 13:44:30,2021-10-08 15:46:19.000000,41.54611945132472,-114.78415846769911,41.58785945132472,-114.79511846769913,2.939,Crash - on US-93 South near milepost 109 in Elko County Nevada. Use caution slow down and move over for emergency vehicles and personnel.,US-93,Wells,Elko,NV,89835,US,US/Pacific,K9BB,2021-10-08 13:49:00,46.0,38.0,86.0,24.78,3.0,WSW,20.0,0.12,Rain,False,False,False,False,False,False,False,False,False,False,False,False,False,Day,Day,Day,Day,Friday
A-2266245,Source2,3,2019-02-05 15:43:20,2019-02-05 17:28:02,39.607658,-119.222267,,,0.0,Accident on I-80 Bus Southbound at Fremont St.,Commerce Way,Fernley,Lyon,NV,89408-9690,US,US/Pacific,KRNO,2019-02-05 15:55:00,33.1,24.4,46.0,29.77,10.0,NW,11.5,,Scattered Clouds,False,False,True,False,False,False,False,False,False,False,False,True,False,Day,Day,Day,Day,Tuesday
A-3190343,Source2,3,2017-11-16 07:06:58,2017-11-16 07:36:42,39.527428,-119.783997,,,0.0,Accident on I-580 Martin Luther King Jr Memorial Fwy Northbound at Exits 66 67 NV-648 2nd St.,Martin Luther King Jr Memorial Fwy,Reno,Washoe,NV,89502,US,US/Pacific,KRNO,2017-11-16 06:55:00,45.0,43.5,90.0,29.73,6.0,Variable,3.5,0.09,Rain,False,False,False,False,False,False,False,False,False,False,False,False,False,Day,Day,Day,Day,Thursday
A-4154929,Source1,4,2023-01-17 17:52:00,2023-01-17 19:58:40,38.983453,-119.942068,38.983674,-119.942374,0.022,US-50 W - US-50 E is closed from NV-207/Kingsbury Grade (US-50) to Lakeside Cove Resort Rd/Sugar Pine Cir (US-50) due to accident., US Highway 50,Zephyr Cove,Douglas,NV,89448,US,US/Pacific,KTVL,2023-01-17 17:53:00,16.0,16.0,92.0,23.75,1.0,CALM,0.0,0.0,Fog,False,False,False,False,False,False,False,False,False,False,False,False,False,Night,Night,Day,Day,Tuesday
A-3966148,Source1,2,2022-08-08 16:26:30,2022-08-08 17:14:30,39.535325,-119.778712,39.533827,-119.757213,1.15,Slow traffic on I-80 E from US-395/Exit 15 (I-80) to NV-445/Pyramid Way/Exit 18 (I-80) due to accident.,I-80 E,Sparks,Washoe,NV,89431,US,US/Pacific,KRNO,2022-08-08 16:55:00,79.0,79.0,47.0,25.57,10.0,ESE,18.0,0.0,Thunder in the Vicinity,False,False,False,False,False,False,False,False,False,False,False,True,False,Day,Day,Day,Day,Monday
A-4061132,Source1,2,2022-06-23 17:54:00,2022-06-23 20:08:31,39.592691,-119.780569,39.589093,-119.780476,0.249,Crash (Minor Delays) - on SR-443 near 5th Avenue in Washoe County Nevada. Watch for emergency vehicles and personnel., E 5th Ave,Sun Valley,Washoe,NV,89433-7701,US,US/Pacific,KRNO,2022-06-23 17:55:00,72.0,72.0,43.0,25.59,10.0,NNE,18.0,0.0,Thunder,False,False,True,False,False,False,False,False,False,False,False,True,False,Day,Day,Day,Day,Thursday
A-634450,Source2,3,2022-04-28 12:51:03,2022-04-28 14:25:22,40.931381,-117.799561,,,0.0,Lane blocked due to crash on I-80 Westbound at Exit 173 I-80-BL.,W Winnemucca Blvd,Winnemucca,Humboldt,NV,89445,US,US/Pacific,KWMC,2022-04-28 12:56:00,60.0,60.0,16.0,25.44,10.0,W,24.0,0.0,Mostly Cloudy / Windy,False,False,False,False,False,False,False,False,False,False,False,False,False,Day,Day,Day,Day,Thursday
A-4367688,Source1,4,2023-02-10 15:13:00,2023-02-10 17:23:04.000000000,39.476693,-119.790979,39.475352,-119.791505,0.097,Crash on ramp from US-395 Southbound to Meadowood Mall Way. All Lanes Closed.,I-580,Reno,Washoe,NV,89509,US,US/Pacific,KRNO,2023-02-10 14:55:00,61.0,61.0,21.0,25.5,10.0,S,22.0,0.0,Partly Cloudy / Windy,False,False,False,False,True,False,False,False,False,False,False,False,False,Day,Day,Day,Day,Friday
A-2225195,Source2,2,2019-03-18 08:22:49,2019-03-18 10:15:44,39.415279,-118.781662,,,0.0,Accident on US-95 Schurz Hwy at Corkill Ln.,W Corkill Ln,Fallon,Churchill,NV,89406,US,US/Pacific,KNFL,2019-03-18 07:56:00,37.0,34.5,79.0,30.04,10.0,SSW,3.5,,Scattered Clouds,False,False,False,False,False,False,False,False,False,False,False,False,False,Day,Day,Day,Day,Monday
A-1931146,Source2,3,2019-08-23 14:28:44,2019-08-23 16:13:45,39.527466,-119.739784,,,0.0,Accident on NV-659 Mccarran Blvd at NV-648 Glendale Ave.,E Glendale Ave,Sparks,Washoe,NV,89431,US,US/Pacific,KRNO,2019-08-23 14:55:00,89.0,89.0,17.0,25.47,10.0,VAR,6.0,0.0,Fair,False,False,True,False,False,False,False,False,False,False,False,True,False,Day,Day,Day,Day,Friday
A-557081,Source2,3,2022-07-24 05:05:32,2022-07-24 06:51:01,36.671318,-114.520103,,,0.0,Right lane blocked due to crash on I-15 Northbound at Exit 93 NV-169 Moapa Valley Blvd.,I-15,Logandale,Clark,NV,89021,US,US/Pacific,KLSV,2022-07-24 04:58:00,86.0,86.0,33.0,27.87,10.0,CALM,0.0,0.0,Fair,False,False,False,False,False,False,False,False,False,False,False,False,False,Night,Night,Day,Day,Sunday
A-6074936,Source1,4,2021-12-26 11:46:00,2021-12-29 07:01:00,39.301314,-119.824921,39.312097,-119.824613,0.745,Road Closed - on I-580 from Eastlake Boulevard (Exit 10) to Old US-395 (Exit 16) in Nevada.,I-580 N,Washoe Valley,Washoe,NV,89704,US,US/Pacific,KCXP,2021-12-26 11:55:00,32.0,24.0,44.0,25.09,9.0,SSE,10.0,0.0,Mostly Cloudy,False,False,False,False,False,False,False,False,False,False,False,False,False,Day,Day,Day,Day,Sunday
A-4218021,Source1,2,2022-12-07 04:30:46,2022-12-07 05:55:51.000000000,40.247038,-118.384972,40.243187,-118.388671,0.33,Incident on I-80 WB near MM 112 Expect delays.,US-95,Lovelock,Pershing,NV,89419,US,US/Pacific,KLOL,2022-12-07 04:28:00,10.0,2.0,87.0,26.11,1.0,SE,5.0,0.0,Fog,False,False,False,False,True,False,False,False,False,False,False,False,False,Night,Night,Night,Night,Wednesday
A-6080178,Source1,2,2021-08-21 22:12:00,2021-08-22 13:07:00.000000,36.787918,-114.093868,36.78763,-114.094011,0.021,Crash - on SR-170/Riverside Rd northbound at White Rock Rd in Mesquite Clark County Nevada. Right lane blocked. Use caution around this area., White Rock Rd,Overton,Clark,NV,89040,US,US/Pacific,KLSV,2021-08-21 18:58:00,95.0,95.0,15.0,27.69,10.0,S,24.0,0.0,Fair / Windy,False,False,False,False,False,False,False,False,False,False,False,False,False,Night,Night,Night,Night,Saturday
A-1182070,Source2,2,2021-01-25 05:16:29,2021-01-25 08:06:08,39.53323,-119.737869,,,0.0,Accident on I-80 Eastbound at NV-659 Mccarran Blvd.,I-80 W,Sparks,Washoe,NV,89431,US,US/Pacific,KRNO,2021-01-25 04:59:00,28.0,17.0,85.0,25.13,5.0,N,14.0,0.0,Wintry Mix,False,False,False,False,False,False,False,False,False,False,False,False,False,Night,Night,Night,Night,Monday
A-4948674,Source1,2,2022-12-30 17:19:00,2022-12-31 00:03:12.000000000,41.709293,-115.877724,41.725782,-115.89378700000002,1.409,Crash on NV-225 near mile marker EL-99.,NV-225,Mountain City,Elko,NV,89831,US,US/Pacific,KAWH,2022-12-30 17:16:00,34.0,29.0,92.0,24.61,4.0,W,6.0,0.05,Light Snow,False,False,False,False,False,False,False,False,False,False,False,False,False,Night,Night,Day,Day,Friday
A-3142538,Source2,3,2017-12-20 08:35:29,2017-12-20 09:05:11,40.809109,-115.824554,,,0.0,Accident on I-80 Westbound after Exit 298 I-80 Bus Idaho St.,I-80 W,Elko,Elko,NV,89801,US,US/Pacific,KEKO,2017-12-20 08:29:00,28.0,21.7,88.0,29.89,0.5,West,5.8,0.02,Snow,False,False,False,False,False,False,False,False,False,False,False,False,False,Day,Day,Day,Day,Wednesday
A-6032289,Source1,4,2021-09-04 22:08:46,2021-09-04 23:23:48,39.626324,-119.196445,39.787122,-119.023341,14.425999999999998,Incident on I-80 EB near EXIT 65 Road closed. Take alternate route.,US-95 Alt N,Fernley,Lyon,NV,89408,US,US/Pacific,KRNO,2021-09-04 21:55:00,74.0,74.0,15.0,25.62,6.0,E,3.0,0.0,Smoke,False,False,False,False,False,False,False,False,False,False,False,False,False,Night,Night,Night,Night,Saturday
A-7544313,Source1,4,2018-08-02 15:38:23,2018-08-02 21:38:23,38.318132,-118.590141,38.328004,-118.587061,0.7020000000000001,Closed at Yerington - Road closed due to accident.,NV-359,Hawthorne,Mineral,NV,89415,US,US/Pacific,KBAN,2018-08-02 15:44:00,84.0,,14.0,30.22,2.0,WSW,16.1,,Haze,False,False,False,False,False,False,False,False,False,False,False,False,False,Day,Day,Day,Day,Thursday
A-3552963,Source1,2,2016-06-30 06:20:56,2016-06-30 12:20:56,36.2177,-115.12558,36.21768,-115.122,0.2,At I-15/US-93 - Accident.,E Cheyenne Ave,North Las Vegas,Clark,NV,89030,US,US/Pacific,KVGT,2016-06-30 05:53:00,86.0,,29.0,29.84,10.0,Calm,,,Clear,False,False,False,False,False,False,False,False,False,False,False,False,False,Day,Day,Day,Day,Thursday
A-610004,Source2,1,2022-05-26 12:28:57,2022-05-26 13:43:49,39.537491,-119.735558,,,0.0,Crash on NV-659 Mccarran Blvd Southbound at Lincoln Way.,E Lincoln Way,Sparks,Washoe,NV,89431,US,US/Pacific,KRNO,2022-05-26 12:55:00,88.0,88.0,12.0,25.46,10.0,SSW,22.0,0.0,Mostly Cloudy / Windy,False,False,False,False,False,False,False,False,False,False,False,True,False,Day,Day,Day,Day,Thursday
A-3951786,Source1,4,2022-03-05 21:16:13,2022-03-05 23:34:17,39.52673792820202,-119.78383898677929,39.51603792820202,-119.78231898677927,0.7440000000000001,Road Closed (Crash) - on I-580 in both directions near Glendale Exit 35 in Reno Nevada. Southbound closed. Left lanes closed Northbound.,Martin Luther King Jr Memorial Fwy,Reno,Washoe,NV,89502,US,US/Pacific,KRNO,2022-03-05 20:55:00,37.0,32.0,50.0,25.58,10.0,NNW,7.0,0.0,Cloudy,False,False,False,False,False,False,False,False,False,False,False,False,False,Night,Night,Night,Night,Saturday
A-548089,Source2,1,2022-08-02 13:15:34,2022-08-02 14:15:13,39.249783,-119.954872,,,0.0,Crash on NV-28 Tahoe Blvd at Village Blvd.,Tahoe Blvd,Incline Village,Washoe,NV,89451-9419,US,US/Pacific,KTRK,2022-08-02 13:45:00,82.0,82.0,30.0,24.36,10.0,W,10.0,0.0,Partly Cloudy,False,False,False,False,False,False,False,False,False,False,False,False,False,Day,Day,Day,Day,Tuesday
A-6126741,Source1,2,2021-12-26 23:34:30,2021-12-26 23:49:00,39.31209683399528,-119.82460856380544,39.36768683399529,-119.76329856380544,5.048,Slow traffic on I-580 N - US-395 N from US-395 Alt/NV-429 (I-580/US-395) to NV-431/Exit 56 (I-580/North-South Fwy/US-395) due to accident.,I-580 N,Washoe Valley,Washoe,NV,89704,US,US/Pacific,KCXP,2021-12-26 23:35:00,34.0,26.0,56.0,25.04,10.0,SW,9.0,0.0,Cloudy,False,False,False,False,False,False,False,False,False,False,False,False,False,Night,Night,Night,Night,Sunday
A-5577707,Source1,2,2021-12-08 19:49:00,2021-12-08 21:01:00,39.580592,-119.817674,39.589955,-119.82639,0.7959999999999999,Stationary traffic on US-395 N from Parr Blvd exit [71] to exit [72] due to accident.,Martin Luther King Jr Memorial Fwy,Reno,Washoe,NV,89506,US,US/Pacific,KRTS,2021-12-08 19:55:00,45.0,36.0,66.0,24.82,10.0,WSW,21.0,0.0,Cloudy / Windy,False,False,False,False,False,False,False,False,False,False,False,False,False,Night,Night,Night,Night,Wednesday
A-1233813,Source2,1,2020-12-11 17:23:56,2020-12-11 18:38:51,39.533821,-119.766785,,,0.0,Accident on I-80 Eastbound at Exit 17 Rock Blvd.,I-80 E,Sparks,Washoe,NV,89431,US,US/Pacific,KRNO,2020-12-11 16:55:00,45.0,41.0,37.0,25.47,10.0,WNW,8.0,0.0,Cloudy,False,False,False,False,False,False,False,False,False,False,False,False,False,Night,Night,Day,Day,Friday
A-540560,Source2,1,2022-08-10 03:50:14,2022-08-10 04:35:57,36.770866,-114.235435,,,0.0,Crash on I-15 Southbound around Exit 112 NV-170.,I-15 N,Overton,Clark,NV,89040,US,US/Pacific,KLSV,2022-08-10 03:58:00,84.0,84.0,51.0,28.03,10.0,ENE,10.0,0.0,Partly Cloudy,False,False,False,False,False,False,False,False,False,False,False,False,False,Night,Night,Night,Night,Wednesday
A-670714,Source2,3,2022-03-20 15:28:31,2022-03-20 15:57:57,38.11488,-114.999336,,,0.0,Main roadway closed due to crash on NV-318 both ways at Sunnyside Rd.,NV-318,Pioche,Lincoln,NV,89043,US,US/Pacific,KP38,2022-03-20 15:03:00,50.0,50.0,76.0,26.87,10.0,ENE,17.0,0.0,Light Rain,False,False,False,False,False,False,False,False,False,False,False,False,False,Day,Day,Day,Day,Sunday
A-1891147,Source2,3,2019-09-03 18:56:58,2019-09-03 19:50:29,39.52689,-119.783699,,,0.0,Accident on I-580 Southbound at Exit 67 NV-648 2nd St.,Martin Luther King Jr Memorial Fwy,Reno,Washoe,NV,89502,US,US/Pacific,KRNO,2019-09-03 18:55:00,88.0,88.0,19.0,25.56,10.0,W,17.0,0.0,Fair,False,False,False,False,False,False,False,False,False,False,False,False,False,Day,Day,Day,Day,Tuesday
A-7490089,Source1,2,2018-12-24 14:55:45,2018-12-24 15:25:45,39.645555,-119.964316,39.640075,-119.949982,0.851,Between White Lake Pky/Exit 83 and Red Rock Rd/Exit 78 - Accident. Left lane blocked.,Martin Luther King Jr Memorial Fwy,Reno,Washoe,NV,89508,US,US/Pacific,KRTS,2018-12-24 14:55:00,42.8,39.3,81.0,29.85,8.0,NNW,5.8,0.03,Light Drizzle,False,False,False,False,False,False,False,False,False,False,False,False,False,Day,Day,Day,Day,Monday
