ID,Source,Severity,Start_Time,End_Time,Start_Lat,Start_Lng,End_Lat,End_Lng,Distance(mi),Description,Street,City,County,State,Zipcode,Country,Timezone,Airport_Code,Weather_Timestamp,Temperature(F),Wind_Chill(F),Humidity(%),Pressure(in),Visibility(mi),Wind_Direction,Wind_Speed(mph),Precipitation(in),Weather_Condition,Amenity,Bump,Crossing,Give_Way,Junction,No_Exit,Railway,Roundabout,Station,Stop,Traffic_Calming,Traffic_Signal,Turning_Loop,Sunrise_Sunset,Civil_Twilight,Nautical_Twilight,Astronomical_Twilight,Day_Of_Week
A-1186764,Source2,4,2021-01-20 19:00:29,2021-01-20 20:13:52,43.224869,-71.505615,,,2.490000009536743,One lane blocked due to accident on I-393 Eastbound between I-93 Exits 15E 15W and Exit 2 NH-132 East Side Dr.,I-393 W,Concord,Merrimack,NH,03301,US,US/Eastern,KCON,2021-01-20 18:51:00,25.0,15.0,72.0,29.55,10.0,NW,10.0,0.0,Cloudy,False,False,False,False,False,False,False,False,False,False,False,False,False,Night,Night,Night,Night,Wednesday
A-1887501,Source2,2,2019-09-02 16:33:41,2019-09-02 17:33:18,42.906666,-71.463486,,,0.0,Left lane closed due to accident on Everett Tpke Northbound at Exit 13 Raymond Wieczorek Dr.,Everett Tpke N,Merrimack,Hillsborough,NH,03054,US,US/Eastern,KMHT,2019-09-02 16:42:00,66.0,66.0,93.0,29.71,2.0,ESE,3.0,0.17,Rain,False,False,False,False,False,False,False,False,False,False,False,False,False,Day,Day,Day,Day,Monday
A-2695101,Source2,2,2018-07-10 08:51:05,2018-07-10 09:18:44,42.820934,-71.49578100000002,,,3.509999990463257,Left lane blocked due to accident on Everett Tpke Northbound between Exit 8 Somerset Pkwy and Exit 10 Industrial Dr.,Everett Tpke N,Merrimack,Hillsborough,NH,03054,US,US/Eastern,KMHT,2018-07-10 08:53:00,77.0,,60.0,29.92,10.0,Calm,,,Partly Cloudy,False,False,False,False,False,False,False,False,False,False,False,False,False,Day,Day,Day,Day,Tuesday
A-7374023,Source1,2,2019-11-08 13:25:21,2019-11-08 13:55:19,43.18206,-70.87943,43.18206,-70.87943,0.0,At RT-108/Central Ave/Exit 7 - Accident.,Spaulding Tpke S,Dover,Strafford,NH,03820,US,US/Eastern,KDAW,2019-11-08 13:51:00,31.0,18.0,42.0,29.62,10.0,NW,22.0,0.0,Fair / Windy,False,False,False,False,False,False,False,False,False,False,False,False,False,Day,Day,Day,Day,Friday
A-3344399,Source2,3,2017-07-26 20:09:59,2017-07-26 20:54:20,42.916622,-71.37129200000003,,,9.779999732971191,Right lane blocked due to accident on I-93 Southbound between Exits 6 7 NH-101 and Exit 5 NH-28 Rockingham Rd.,Rockingham Rd,Londonderry,Rockingham,NH,03053,US,US/Eastern,KMHT,2017-07-26 19:53:00,75.9,,43.0,30.12,10.0,SSE,6.9,,Scattered Clouds,False,False,False,False,False,False,False,False,False,False,False,False,False,Day,Day,Day,Day,Wednesday
A-1191020,Source2,3,2021-01-16 10:47:30,2021-01-16 15:26:23,43.013458,-71.479378,,,0.0,Right lane blocked due to accident and flooding on I-293 Everett Tpke Southbound at Exit 7 Front St.,Everett Tpke S,Manchester,Hillsborough,NH,03102,US,US/Eastern,KMHT,2021-01-16 10:53:00,47.0,39.0,86.0,29.05,3.0,ENE,22.0,0.2,Light Rain / Windy,False,False,False,False,False,False,False,False,False,False,False,False,False,Day,Day,Day,Day,Saturday
A-1961266,Source2,2,2019-07-11 17:00:16,2019-07-11 18:00:01,42.773849,-71.465797,,,0.0,Accident on Concord St Southbound at Stark St.,Concord St,Nashua,Hillsborough,NH,03064-1968,US,US/Eastern,KASH,2019-07-11 17:03:00,72.0,72.0,100.0,29.65,6.0,SE,6.0,0.0,T-Storm,False,False,False,False,False,False,False,False,False,False,False,False,False,Day,Day,Day,Day,Thursday
A-3162635,Source2,2,2017-11-02 16:18:19,2017-11-02 17:48:00,43.116245,-71.241989,,,4.239999771118163,Accident on NH-107 Raymond Rd between North Rd and Cole Rd.,Raymond Rd,Deerfield,Rockingham,NH,03037-1541,US,US/Eastern,KCON,2017-11-02 15:51:00,64.0,,78.0,30.21,10.0,South,5.8,,Scattered Clouds,False,False,False,False,False,False,False,False,False,True,False,False,False,Day,Day,Day,Day,Thursday
A-327550,Source2,2,2017-02-07 11:30:30,2017-02-07 12:00:17,42.70533,-71.351265,,,0.01,Accident on NH-128 Mammoth Rd at NH-111A Marsh Rd.,Mammoth Rd,Pelham,Hillsborough,NH,03076-3037,US,US/Eastern,KLWM,2017-02-07 11:40:00,33.1,26.9,96.0,30.11,,ENE,6.9,0.06,Heavy Snow,False,False,False,False,False,False,False,False,False,True,False,False,False,Day,Day,Day,Day,Tuesday
A-1653734,Source2,2,2020-02-18 08:47:57,2020-02-18 10:34:21,42.814838,-72.023453,,,0.0,Accident on US-202 Main St at NH-124 Main St.,River St,Jaffrey,Cheshire,NH,03452-6538,US,US/Eastern,KAFN,2020-02-18 08:49:00,25.0,25.0,80.0,29.25,2.0,CALM,0.0,0.0,N/A Precipitation,False,False,False,False,False,False,False,False,False,False,False,True,False,Day,Day,Day,Day,Tuesday
A-985374,Source2,4,2021-06-29 08:02:34,2021-06-29 09:48:44,43.218685,-71.52621500000002,,,1.7999999523162842,Single alternate line traffic due to accident on I-393 Westbound from Exit 2 NH-132 East Side Dr to Exit 1 Fort Eddy Rd. Detour in operation - Exit 2.,I-393 W,Concord,Merrimack,NH,03301,US,US/Eastern,KCON,2021-06-29 07:51:00,82.0,82.0,69.0,29.78,10.0,SW,7.0,0.0,Fair,False,False,False,False,False,False,False,False,False,False,False,False,False,Day,Day,Day,Day,Tuesday
A-2806380,Source2,2,2018-05-07 04:21:31,2018-05-07 04:51:14,42.713978,-71.349396,,,0.9300000071525574,Accident on NH-128 Mammoth Rd between Bowley Dr and Greeley Rd.,Mammoth Rd,Pelham,Hillsborough,NH,03076,US,US/Eastern,KLWM,2018-05-07 04:15:00,55.0,,93.0,29.95,1.0,WSW,4.6,,Mist,False,False,False,False,False,False,False,False,False,False,False,False,False,Night,Night,Day,Day,Monday
A-7387071,Source1,2,2019-10-02 07:55:10,2019-10-02 08:22:27,43.959624,-71.18465400000002,43.958859,-71.198992,0.715,At RT-113/Deer Hill Rd - Accident., NH Route 16,Albany,Carroll,NH,03818-7519,US,US/Eastern,KCWN,2019-10-02 07:54:00,46.0,42.0,93.0,23.9,0.5,SE,8.0,0.01,Light Drizzle,False,False,False,False,False,False,False,False,False,False,False,False,False,Day,Day,Day,Day,Wednesday
A-3494674,Source1,4,2016-08-30 17:03:28,2016-08-30 23:03:28,42.73145,-71.6658,42.731444,-71.66579399999998,0.001,Closed at Lorden Ln - Road closed due to accident., Route 13,Brookline,Hillsborough,NH,03033-2535,US,US/Eastern,KASH,2016-08-30 16:56:00,82.9,,33.0,30.06,10.0,WNW,6.9,,Partly Cloudy,False,False,False,False,False,False,False,False,False,False,False,False,False,Day,Day,Day,Day,Tuesday
A-7253076,Source1,2,2020-02-07 17:53:22,2020-02-07 18:23:19,43.18006,-71.63545,43.18006,-71.63545,0.0,At Stickney Hill Rd/Exit 3 - Accident. Left lane closed.,I-89 S,Contoocook,Merrimack,NH,03229,US,US/Eastern,KCON,2020-02-07 17:51:00,33.0,21.0,85.0,28.61,5.0,W,22.0,0.0,Light Snow / Windy,False,False,False,False,False,False,False,False,False,False,False,False,False,Night,Night,Day,Day,Friday
A-7657553,Source1,2,2017-11-09 07:23:43,2017-11-09 13:23:43,43.443459,-72.072746,43.450871,-72.087313,0.892,At RT-10/Exit 13 - Accident. 2 lanes closed.,I-89 N,Grantham,Sullivan,NH,03753,US,US/Eastern,KLEB,2017-11-09 07:53:00,25.0,,92.0,30.28,0.2,Calm,,,Light Freezing Fog,False,False,False,False,False,False,False,False,False,False,False,False,False,Day,Day,Day,Day,Thursday
A-1756538,Source2,3,2019-10-16 06:37:26,2019-10-16 09:12:30,43.391102,-71.981216,,,0.0,Left lane blocked due to accident on I-89 Southbound near NH-11 Old King Hill Rd.,I-89 S,New London,Merrimack,NH,03257,US,US/Eastern,KLEB,2019-10-16 06:32:00,32.0,32.0,88.0,29.4,0.5,CALM,0.0,0.0,Fog,False,False,False,False,False,False,False,False,False,False,False,False,False,Night,Day,Day,Day,Wednesday
A-7716145,Source1,2,2019-04-01 13:13:22,2019-04-01 13:43:11,42.94731,-71.47109,42.94726,-71.47156,0.024,Ramp to Everett Tpke Northbound - Accident.,NH-101 E,Bedford,Hillsborough,NH,03110,US,US/Eastern,KMHT,2019-04-01 12:53:00,40.0,29.0,27.0,29.79,10.0,WNW,24.0,0.0,Mostly Cloudy / Windy,False,False,False,False,False,False,False,False,False,False,False,False,False,Day,Day,Day,Day,Monday
A-562956,Source2,1,2022-07-18 16:17:50,2022-07-18 16:47:29,42.717819,-71.31938199999998,,,0.0,Crash on NH-38 Bridge St both ways at Highland Ave.,Willow St,Pelham,Hillsborough,NH,03076-3128,US,US/Eastern,KLWM,2022-07-18 16:35:00,78.0,78.0,87.0,29.72,4.0,VAR,5.0,0.02,Rain,False,False,False,False,False,False,False,False,False,False,False,True,False,Day,Day,Day,Day,Monday
A-3455082,Source1,4,2016-12-29 20:41:51,2016-12-30 02:41:51,42.72677,-71.635491,42.74303,-71.59148,2.5,Closed at Silver Lake Rd - Road closed due to accident., Proctor Hill Rd,Brookline,Hillsborough,NH,03033-2043,US,US/Eastern,KASH,2016-12-29 20:32:00,32.0,27.5,100.0,29.42,3.0,NNW,4.6,0.0,Light Snow,False,False,False,False,False,False,False,False,False,False,False,False,False,Night,Night,Night,Night,Thursday
A-1442680,Source2,3,2020-08-30 10:33:20,2020-08-30 11:17:25,43.057625,-70.801056,,,0.0,Right lane blocked due to accident on I-95 Blue Star Memorial Hwy Southbound at Exits 3 3B NH-33 Greenland Rd.,Greenland Rd,Portsmouth,Rockingham,NH,03801,US,US/Eastern,KPSM,2020-08-30 10:56:00,69.0,69.0,44.0,29.45,10.0,WNW,21.0,0.0,Partly Cloudy / Windy,False,False,False,False,False,False,False,False,False,False,False,True,False,Day,Day,Day,Day,Sunday
A-2245512,Source2,3,2019-03-29 14:50:53,2019-03-29 15:19:50,42.81311,-71.28134200000002,,,2.1800000667572017,Exit ramp from I-93 Southbound at Exit 3 to Indian Rock Rd shoulder closed due to accident.,I-93 S,Windham,Rockingham,NH,03087,US,US/Eastern,KLWM,2019-03-29 14:54:00,53.1,,71.0,30.05,10.0,WSW,8.1,0.0,Light Rain,False,False,False,False,False,False,False,False,False,False,False,False,False,Day,Day,Day,Day,Friday
A-6296809,Source1,4,2021-11-12 11:46:21,2021-11-12 23:59:00,43.21275830248255,-71.53377413715585,43.21765830248254,-71.52955413715584,0.4,Closed road from exit [15E] to I-393 E due to accident.,I-93 N,Concord,Merrimack,NH,03301,US,US/Eastern,KCON,2021-11-12 11:51:00,52.0,52.0,93.0,29.59,4.0,S,10.0,0.09,Rain,False,False,False,False,True,False,False,False,False,False,False,False,False,Day,Day,Day,Day,Friday
A-1446353,Source2,2,2020-05-25 17:11:43,2020-05-25 17:55:28,43.68475,-71.116463,,,0.0,Accident on Browns Ridge Rd between Youngs Rd and NH-171.,Old Granite Rd,Ossipee,Carroll,NH,03864-7359,US,US/Eastern,KLCI,2020-05-25 16:56:00,61.0,61.0,83.0,29.63,10.0,CALM,0.0,0.0,Cloudy,False,False,False,False,False,False,False,False,False,False,False,False,False,Day,Day,Day,Day,Monday
A-7450825,Source1,2,2019-02-21 06:41:00,2019-02-21 07:10:19,42.89881,-70.8791,42.897833,-70.879299,0.068,At RT-107/Exit 1 - Accident. 3 lanes closed.,New Hampshire Tpke S,Seabrook,Rockingham,NH,03874,US,US/Eastern,KPSM,2019-02-21 06:56:00,24.6,16.7,93.0,29.9,1.0,North,6.9,0.0,Light Freezing Drizzle,False,False,False,False,False,False,False,False,False,False,False,False,False,Day,Day,Day,Day,Thursday
A-7769883,Source1,2,2019-08-07 17:47:20,2019-08-07 17:58:54,44.08658,-71.687575,44.071638,-71.689361,1.036,At US-3/Exit 33 - Accident.,I-93 S,Lincoln,Grafton,NH,03251,US,US/Eastern,K1P1,2019-08-07 17:15:00,70.0,70.0,83.0,29.28,0.5,WSW,6.0,0.58,Heavy T-Storm,False,False,False,False,False,False,False,False,False,False,False,False,False,Day,Day,Day,Day,Wednesday
A-7613233,Source1,2,2018-02-01 05:58:38,2018-02-01 06:28:38,42.728284,-71.34875799999998,42.729138,-71.34830699999998,0.063,At Tenney Rd - Accident., Mammoth Rd,Pelham,Hillsborough,NH,03076-2187,US,US/Eastern,KLWM,2018-02-01 05:54:00,32.0,24.8,69.0,30.01,4.0,SW,8.1,0.0,Light Snow,False,False,False,False,False,False,False,False,False,False,False,False,False,Night,Night,Day,Day,Thursday
A-6721025,Source1,4,2020-10-31 00:16:09,2020-10-31 06:59:00,44.39785,-71.11699499999997,44.39490900000001,-71.122186,0.327,US-2 is closed from ME-113 (US-2) to NH-16/Glen Rd (Main St/US-2) due to accident., State Route 2,Shelburne,Coos,NH,03581-3006,US,US/Eastern,KMWN,2020-10-31 00:55:00,9.0,-15.0,28.0,,120.0,NW,32.0,,Fair / Windy,False,False,False,False,False,False,False,False,False,False,False,False,False,Night,Night,Night,Night,Saturday
A-3032021,Source2,3,2018-02-24 07:37:16,2018-02-24 08:05:27,43.043774,-71.465096,,,0.0,Two lanes blocked and queueing traffic due to accident on I-93 Northbound at Exit 10 NH-3A River Rd.,W River Rd,Hooksett,Merrimack,NH,03106,US,US/Eastern,KCON,2018-02-24 07:51:00,44.1,37.7,76.0,30.07,10.0,WNW,12.7,,Partly Cloudy,False,False,False,False,True,False,False,False,False,False,False,False,False,Day,Day,Day,Day,Saturday
