ID,Source,Severity,Start_Time,End_Time,Start_Lat,Start_Lng,End_Lat,End_Lng,Distance(mi),Description,Street,City,County,State,Zipcode,Country,Timezone,Airport_Code,Weather_Timestamp,Temperature(F),Wind_Chill(F),Humidity(%),Pressure(in),Visibility(mi),Wind_Direction,Wind_Speed(mph),Precipitation(in),Weather_Condition,Amenity,Bump,Crossing,Give_Way,Junction,No_Exit,Railway,Roundabout,Station,Stop,Traffic_Calming,Traffic_Signal,Turning_Loop,Sunrise_Sunset,Civil_Twilight,Nautical_Twilight,Astronomical_Twilight,Day_Of_Week
A-529842,Source2,1,2022-08-23 07:17:47,2022-08-23 08:02:18,38.045971,-84.523537,,,0.0,Crash on KY-1723 Red Mile Rd at Harry Sykes Way.,Red Mile Rd,Lexington,Fayette,KY,40504-1162,US,US/Eastern,KLEX,2022-08-23 07:12:00,61.0,61.0,90.0,28.95,0.5,CALM,0.0,0.0,Fog,False,False,False,False,False,False,False,False,False,False,False,False,False,Day,Day,Day,Day,Tuesday
A-3294623,Source2,2,2017-09-08 06:59:29,2017-09-08 07:59:12,39.072865,-84.51260400000002,,,0.0,Accident on Holman Ave at Linden Ave.,Holman Ave,Covington,Kenton,KY,41011-2955,US,US/Eastern,KLUK,2017-09-08 06:53:00,48.0,,100.0,30.21,10.0,Calm,,,Patches of Fog,False,False,False,False,False,False,False,False,True,False,False,False,False,Night,Day,Day,Day,Friday
A-1100154,Source2,2,2021-03-30 10:40:02,2021-03-30 11:23:57,39.04655800000001,-84.624931,,,0.0,Accident on Olympic Blvd near Atlantic Ave.,Olympic Blvd,Erlanger,Boone,KY,41018-3218,US,US/Eastern,KCVG,2021-03-30 10:52:00,60.0,60.0,35.0,29.12,10.0,SSW,22.0,0.0,Mostly Cloudy / Windy,False,False,False,False,False,False,False,False,False,False,False,False,False,Day,Day,Day,Day,Tuesday
A-1531604,Source2,3,2020-03-17 07:56:19,2020-03-17 08:40:09,39.034313,-84.601166,,,0.0,Right lane blocked and right hand shoulder blocked due to accident on I-275 Westbound at I-71.,I-71 S,Erlanger,Kenton,KY,41018,US,US/Eastern,KCVG,2020-03-17 07:52:00,43.0,38.0,89.0,29.22,6.0,WNW,8.0,0.0,Cloudy,False,False,False,False,False,False,False,False,False,False,False,False,False,Day,Day,Day,Day,Tuesday
A-1421754,Source2,2,2020-08-13 13:30:08,2020-08-13 13:59:48,38.189861,-85.7649,,,0.0,Left hand shoulder blocked due to accident on I-264 Watterson Expy Eastbound at Exit 10 KY-1020 Southern Pkwy.,Henry Watterson Expy E,Louisville,Jefferson,KY,40214,US,US/Eastern,KSDF,2020-08-13 13:41:00,80.0,80.0,85.0,29.5,1.0,W,17.0,0.01,Light Rain with Thunder,False,False,False,False,False,False,False,False,False,False,False,False,False,Day,Day,Day,Day,Thursday
A-1087366,Source2,3,2021-04-10 09:19:30,2021-04-10 10:09:19,38.243259,-85.621872,,,0.0,One lane blocked due to accident on I-64 Westbound at I-264 Watterson Expy .,Henry Watterson Expy W,Louisville,Jefferson,KY,40222,US,US/Eastern,KLOU,2021-04-10 09:16:00,63.0,63.0,78.0,29.11,10.0,S,6.0,0.02,Thunder in the Vicinity,False,False,False,False,True,False,False,False,False,False,False,False,False,Day,Day,Day,Day,Saturday
A-722450,Source2,3,2022-02-04 07:29:20,2022-02-04 08:13:24,38.188244,-85.7845,,,0.0,Left hand shoulder blocked due to accident on I-264 Watterson Expy Westbound around Exit 9 KY-1865 Taylor Blvd.,Henry Watterson Expy E,Louisville,Jefferson,KY,40215,US,US/Eastern,KSDF,2022-02-04 07:23:00,23.0,12.0,92.0,29.72,1.0,NNW,12.0,0.0,Snow and Sleet,False,False,False,False,False,False,False,False,False,False,False,False,False,Night,Day,Day,Day,Friday
A-7688252,Source1,4,2017-09-28 07:57:11,2017-09-28 13:57:11,37.182797,-87.723927,37.182797,-87.723927,0.0,At KY-293/Exit 13 - Accident. Left lane blocked. Lost load. Danger.,I-69 S,Dawson Springs,Hopkins,KY,42408,US,US/Central,K2I0,2017-09-28 07:55:00,62.6,,83.0,30.14,10.0,Calm,,,Clear,False,False,False,False,False,False,False,False,False,False,False,False,False,Day,Day,Day,Day,Thursday
A-3051619,Source2,2,2018-01-08 07:28:15,2018-01-08 07:58:00,38.839329,-84.486725,,,0.0,Accident on KY-14 Rich Rd at KY-3072 Hempfling Rd.,Rich Rd,Morning View,Kenton,KY,41063-9680,US,US/Eastern,KCVG,2018-01-08 07:46:00,33.8,24.3,100.0,30.08,4.0,SSW,13.8,0.02,Light Freezing Drizzle,False,False,False,False,False,False,False,False,False,False,False,False,False,Night,Day,Day,Day,Monday
A-1789186,Source2,2,2019-10-31 08:12:28,2019-10-31 09:27:39,37.990852,-84.494987,,,0.0,Accident on KY-4 New Circle Rd both ways at Exit 18 KY-1974 Tates Creek Rd.,SE New Circle Rd E,Lexington,Fayette,KY,40517,US,US/Eastern,KLEX,2019-10-31 08:10:00,69.0,69.0,87.0,28.59,2.0,S,12.0,0.1,Heavy Rain,False,False,False,False,False,False,False,False,False,False,False,False,False,Day,Day,Day,Day,Thursday
A-894644,Source2,3,2021-09-17 07:26:53,2021-09-17 08:12:48,39.083603,-84.47245,,,0.0,Right lane blocked due to accident on I-471 Northbound at Exit 3 KY-1892 Grand Ave.,I-471 S,Newport,Campbell,KY,41071,US,US/Eastern,KLUK,2021-09-17 07:53:00,63.0,63.0,97.0,29.61,10.0,CALM,0.0,0.0,Patches of Fog,False,False,False,False,False,False,False,False,False,False,False,False,False,Day,Day,Day,Day,Friday
A-561624,Source2,1,2022-07-19 17:29:17,2022-07-19 17:59:06,38.087719,-84.494514,,,0.0,Crash on Citation Blvd at Bull Lea Rd.,Bull Lea Rd,Lexington,Fayette,KY,40511,US,US/Eastern,KLEX,2022-07-19 17:54:00,87.0,87.0,51.0,28.86,10.0,S,5.0,0.0,Fair,False,False,False,False,False,False,False,False,False,False,False,False,False,Day,Day,Day,Day,Tuesday
A-3471506,Source1,3,2016-11-17 16:17:43,2016-11-17 22:17:43,38.26887,-85.62625,38.265068,-85.62429499999998,0.283,At KY-1447/Westport Rd/Exit 21 - Accident.,Henry Watterson Expy W,Louisville,Jefferson,KY,40222,US,US/Eastern,KLOU,2016-11-17 15:53:00,78.1,,35.0,29.97,10.0,South,9.2,,Clear,False,False,False,False,False,False,False,False,False,False,False,False,False,Day,Day,Day,Day,Thursday
A-2284774,Source2,3,2019-02-14 08:53:49,2019-02-14 09:23:01,38.189796,-85.76651,,,0.0,Shoulder blocked on entry ramp due to accident on I-264 Watterson Expy Eastbound at 3rd St.,Henry Watterson Expy E,Louisville,Jefferson,KY,40214,US,US/Eastern,KSDF,2019-02-14 08:56:00,45.0,39.3,52.0,29.91,10.0,SSE,11.5,,Overcast,False,False,False,False,False,False,False,False,False,False,False,False,False,Day,Day,Day,Day,Thursday
A-2771962,Source2,3,2018-06-20 16:57:54,2018-06-20 17:27:34,38.11512800000001,-85.70186600000002,,,0.0,Left hand shoulder blocked and left lane blocked due to accident on I-65 Northbound around Exits 125 125-A 125-B I-265.,I-265 W,Louisville,Jefferson,KY,40229,US,US/Eastern,KSDF,2018-06-20 16:56:00,78.1,,81.0,29.86,10.0,West,10.4,0.35,Thunderstorm,False,False,False,False,False,False,False,False,False,False,False,False,False,Day,Day,Day,Day,Wednesday
A-630030,Source2,3,2022-05-03 14:45:19,2022-05-03 15:14:47,38.188923,-85.73309300000003,,,0.0,Right lane blocked due to crash on I-264 Watterson Expy Westbound at Exit 12 / I-65.,Watterson Expy,Louisville,Jefferson,KY,40213,US,US/Eastern,KSDF,2022-05-03 14:34:00,81.0,81.0,56.0,29.26,10.0,SSW,25.0,0.0,Thunder / Windy,False,False,False,False,False,False,False,False,False,False,False,False,False,Day,Day,Day,Day,Tuesday
A-2900302,Source2,3,2018-04-21 14:34:51,2018-04-21 15:04:35,38.120689,-85.629814,,,0.0,Accident on I-265 Northbound after Exit 14 Smyrna Pkwy.,KY-841 E,Louisville,Jefferson,KY,40228,US,US/Eastern,KSDF,2018-04-21 14:56:00,68.0,,23.0,30.31,10.0,Variable,4.6,,Mostly Cloudy,False,False,False,False,False,False,False,False,False,False,False,False,False,Day,Day,Day,Day,Saturday
A-3615782,Source1,4,2017-05-18 15:34:10,2017-05-18 21:34:10,39.05651,-84.54286,39.07602,-84.51942,1.843,Closed between KY-1072/Kyles Ln/Exit 189 and 12th St/Pike St/Exit 191 - Road closed due to accident.,Rivard Dr,Covington,Kenton,KY,41011,US,US/Eastern,KLUK,2017-05-18 15:53:00,82.0,,67.0,29.93,10.0,WSW,12.7,,Scattered Clouds,False,False,False,False,False,False,False,False,False,False,False,False,False,Day,Day,Day,Day,Thursday
A-754197,Source2,2,2022-01-05 09:43:22,2022-01-05 10:12:25,38.927761,-84.542107,,,0.0,Accident on KY-536 Harris Pkwy at KY-17.,Madison Pike,Independence,Kenton,KY,41051,US,US/Eastern,KCVG,2022-01-05 09:52:00,43.0,34.0,58.0,28.82,10.0,WSW,21.0,0.0,Mostly Cloudy / Windy,False,False,True,False,False,False,False,False,False,False,False,True,False,Day,Day,Day,Day,Wednesday
A-1515937,Source2,2,2020-03-06 10:10:06,2020-03-06 10:39:20,38.117142,-85.74640699999998,,,1.850000023841858,Entry ramp to Ky-841 Northbound from National Tpke Southbound shoulder blocked due to accident.,Gene Snyder Fwy E,Fairdale,Jefferson,KY,40118,US,US/Eastern,KSDF,2020-03-06 09:56:00,39.0,28.0,60.0,29.68,10.0,WNW,25.0,0.0,Cloudy / Windy,False,False,False,False,False,False,False,False,False,False,False,False,False,Day,Day,Day,Day,Friday
A-1934904,Source2,3,2019-08-27 16:54:24,2019-08-27 17:53:42,39.058891,-84.538078,,,0.0,2 left lane blocked due to accident on I-71 Southbound at Exit 189 KY-1072 Kyles Ln.,I-71 N,Covington,Kenton,KY,41011,US,US/Eastern,KLUK,2019-08-27 17:00:00,73.0,73.0,96.0,29.35,2.0,NNW,13.0,0.23,Heavy T-Storm,False,False,False,False,False,False,False,False,False,False,False,False,False,Day,Day,Day,Day,Tuesday
A-2658697,Source2,3,2018-08-21 18:28:39,2018-08-21 19:13:05,38.190132,-85.750809,,,0.0,Left hand shoulder blocked due to accident on I-264 Eastbound around Exits 11 12 Crittenden Dr.,Crittenden Dr,Louisville,Jefferson,KY,40209,US,US/Eastern,KSDF,2018-08-21 18:56:00,80.1,,69.0,29.87,10.0,WSW,11.5,,Scattered Clouds,False,False,False,False,False,False,False,False,False,False,False,False,False,Day,Day,Day,Day,Tuesday
A-1900148,Source2,3,2019-09-09 23:05:05,2019-09-09 23:34:36,38.270866,-85.782639,,,0.0,Right lane blocked due to accident on I-64 Eastbound at Exit 3 US-150 22nd St.,I-64 W,Louisville,Jefferson,KY,40212,US,US/Eastern,KSDF,2019-09-09 22:56:00,80.0,80.0,56.0,29.61,10.0,E,5.0,0.0,Fair,False,False,False,False,False,False,False,False,False,False,False,False,False,Night,Night,Night,Night,Monday
A-3523020,Source1,2,2016-04-30 10:27:14,2016-04-30 16:27:14,38.30646,-85.56618,38.31065,-85.57412,0.519,At KY-22/Brownsboro Rd/Exit 34 - Accident.,KY-841 N,Louisville,Jefferson,KY,40241,US,US/Eastern,KLOU,2016-04-30 10:53:00,59.0,,90.0,29.97,7.0,East,6.9,0.03,Light Rain,False,False,False,False,True,False,False,False,False,False,False,False,False,Day,Day,Day,Day,Saturday
A-7618115,Source1,2,2018-02-10 12:18:42,2018-02-10 18:18:42,38.82888,-84.69121,38.83433,-84.68415,0.535,At KY-14/Exit 72 - Overturned heavy truck.,I-71 N,Verona,Boone,KY,41092,US,US/Eastern,KCVG,2018-02-10 11:52:00,41.0,37.1,100.0,30.01,0.8,North,5.8,0.0,Light Drizzle,False,False,False,False,True,False,False,False,False,False,False,False,False,Day,Day,Day,Day,Saturday
A-2156270,Source2,2,2019-04-09 07:50:18,2019-04-09 09:35:47,37.982433,-84.461288,,,0.5,Left lane closed due to accident on Man O' War Blvd anticlockwise between Jocasta Dr and Mt Mckinley Way.,Man O War Blvd,Lexington,Fayette,KY,40517,US,US/Eastern,KLEX,2019-04-09 07:54:00,56.0,56.0,90.0,28.78,0.25,SW,5.0,0.0,Fog,False,False,False,False,False,False,False,False,False,False,False,False,False,Day,Day,Day,Day,Tuesday
A-523006,Source2,3,2022-08-30 06:21:42,2022-08-30 07:07:01,38.192249,-85.729439,,,0.699999988079071,Entry ramp to I-65 Northbound from Watterson Expy lane blocked due to crash.,Preston Hwy,Louisville,Jefferson,KY,40213-1653,US,US/Eastern,KSDF,2022-08-30 05:56:00,74.0,74.0,91.0,29.42,4.0,SW,5.0,0.14,Heavy Rain,False,False,False,False,False,False,False,False,False,False,False,False,False,Night,Night,Day,Day,Tuesday
A-1716299,Source2,3,2019-12-14 15:30:10,2019-12-14 16:14:22,39.08728,-84.522751,,,1.2899999618530271,Right lane blocked due to accident on I-71 Southbound from US-50 6th St Expy to KY-8 4th St.,I-75 S,Covington,Kenton,KY,41011,US,US/Eastern,KLUK,2019-12-14 15:09:00,45.0,39.0,74.0,29.18,10.0,WSW,13.0,0.0,Cloudy,False,False,False,False,True,False,False,False,False,False,False,False,False,Day,Day,Day,Day,Saturday
A-7773143,Source1,4,2019-08-14 15:59:16,2019-08-14 16:28:20,38.269882,-85.808207,38.27329,-85.80851,0.236,Closed between I-264/Exit 1 and I-64/US-150/Exit 0 - Road closed due to accident.,Henry Watterson Expy W,Louisville,Jefferson,KY,40212,US,US/Eastern,KSDF,2019-08-14 15:56:00,92.0,92.0,41.0,29.39,10.0,WNW,9.0,0.0,Partly Cloudy,False,False,False,False,False,False,False,False,False,False,False,False,False,Day,Day,Day,Day,Wednesday
A-545548,Source2,1,2022-08-05 06:26:23,2022-08-05 07:12:26,39.037609,-84.393829,,,0.0,Crash on KY-8 Mary Ingles Hwy at Ash St.,Ash St,Silver Grove,Campbell,KY,41085,US,US/Eastern,KLUK,2022-08-05 06:29:00,72.0,72.0,100.0,29.57,2.0,CALM,0.0,0.0,Fog,False,False,True,False,False,False,False,False,False,False,False,False,False,,,,,Friday
A-7696796,Source1,2,2017-08-17 06:46:36,2017-08-17 12:46:36,39.02258,-84.48668,39.02332,-84.48122,0.298,At KY-9/AA Hwy/Exit 77 - Accident.,I-275 E,Newport,Campbell,KY,41076,US,US/Eastern,KLUK,2017-08-17 06:53:00,73.0,,96.0,29.94,10.0,Calm,,,Mostly Cloudy,False,False,False,False,True,False,False,False,False,False,False,False,False,Night,Day,Day,Day,Thursday
A-3131169,Source2,2,2017-12-15 07:24:31,2017-12-15 07:53:54,39.069988,-84.702003,,,0.0,Accident on Elijah Creek Rd around KY-3168 Limaburg Rd.,Limaburg Rd,Hebron,Boone,KY,41048-8255,US,US/Eastern,KCVG,2017-12-15 07:52:00,19.9,14.9,92.0,30.05,5.0,SSW,3.5,,Overcast,False,False,False,False,False,False,False,False,False,False,False,False,False,Night,Day,Day,Day,Friday
A-2829724,Source2,2,2018-05-17 07:50:11,2018-05-17 08:19:32,38.001068,-84.445808,,,0.0,Right lane blocked due to accident on Man O War Blvd Southbound at US-25 Richmond Rd.,Richmond Rd,Lexington,Fayette,KY,40515,US,US/Eastern,KLEX,2018-05-17 07:47:00,69.1,,87.0,29.95,6.0,NE,5.8,,Scattered Clouds,False,False,False,False,False,False,False,False,False,False,False,True,False,Day,Day,Day,Day,Thursday
A-3413186,Source1,4,2016-02-28 09:36:53,2016-02-28 15:36:53,39.08168,-84.7069,39.0885,-84.7939,4.69,Closed between KY-237/Exit 7 and KY-8/Exit 11 - Road closed due to accident.,I-275 W,Hebron,Boone,KY,41048,US,US/Eastern,KCVG,2016-02-28 09:52:00,53.1,,48.0,29.94,10.0,SW,16.1,,Clear,False,False,False,False,False,False,False,False,False,False,False,False,False,Day,Day,Day,Day,Sunday
A-3062699,Source2,3,2018-01-12 09:37:39,2018-01-12 10:22:01,38.217548,-85.752205,,,0.0,Accident on I-65 Northbound at Exits 133 / US-60 Alt Eastern Pkwy.,Dr Martin Luther King Jr Expy N,Louisville,Jefferson,KY,40217,US,US/Eastern,KSDF,2018-01-12 09:36:00,30.9,18.7,92.0,29.83,2.0,North,19.6,0.02,Light Freezing Rain,False,False,False,False,False,False,False,False,False,False,False,False,False,Day,Day,Day,Day,Friday
A-7517350,Source1,4,2018-10-10 17:56:59,2018-10-10 18:26:18,38.28546,-85.50713,38.264432,-85.501787,1.482,Closed between KY-146/La Grange Rd/Exit 30 and Old Henry Rd/Exit 29 - Road closed due to accident.,Gene Snyder Fwy S,Louisville,Jefferson,KY,40223,US,US/Eastern,KLOU,2018-10-10 17:53:00,75.0,,90.0,29.74,3.0,West,9.2,0.03,Rain,False,False,False,False,False,False,False,False,False,False,False,False,False,Day,Day,Day,Day,Wednesday
A-2598293,Source2,2,2018-09-21 20:30:04,2018-09-21 20:59:29,38.15685300000001,-85.696945,,,0.0,Accident on KY-1747 Fern Valley Rd both ways at KY-61 Preston Hwy.,Fern Valley Rd,Louisville,Jefferson,KY,40213-3541,US,US/Eastern,KSDF,2018-09-21 20:56:00,77.0,,82.0,30.05,10.0,SSE,6.9,,Mostly Cloudy,False,False,False,False,False,False,False,False,False,False,False,True,False,Night,Night,Day,Day,Friday
A-544410,Source2,2,2022-08-06 09:22:14,2022-08-06 10:35:25,38.119999,-85.77716099999998,,,0.0,Left lane blocked due to crash on KY-841 Gene Snyder Fwy Eastbound at Exit 6 / KY-1865 New Cut Rd.,New Cut Rd,Fairdale,Jefferson,KY,40118,US,US/Eastern,KSDF,2022-08-06 08:56:00,79.0,79.0,84.0,29.63,10.0,WSW,3.0,0.0,Mostly Cloudy,False,False,False,False,False,False,False,False,False,False,False,False,False,Day,Day,Day,Day,Saturday
A-7558637,Source1,4,2018-07-10 08:18:52,2018-07-10 14:18:52,37.453961,-85.88323000000003,37.38445,-85.88684,4.807,Closed at KY-728/Exit 71 - Road closed due to accident.,I-65 S,Upton,Larue,KY,42784,US,US/Central,KGLW,2018-07-10 08:10:00,79.9,,78.0,30.17,10.0,Calm,,,Scattered Clouds,False,False,False,False,False,False,False,False,False,False,False,False,False,Day,Day,Day,Day,Tuesday
A-2782746,Source2,2,2018-06-26 16:02:42,2018-06-26 16:47:15,38.029037,-84.51035300000002,,,0.0,Lane blocked due to accident on US-27 Limestone Southbound at University Ave.,S Limestone,Lexington,Fayette,KY,40503-1061,US,US/Eastern,KLEX,2018-06-26 16:04:00,69.1,,90.0,30.1,5.0,SE,6.9,0.03,Thunderstorms and Rain,False,False,False,False,False,False,False,False,False,False,False,False,False,Day,Day,Day,Day,Tuesday
A-1756989,Source2,3,2019-10-16 04:13:31,2019-10-16 05:43:01,39.050468,-84.54921,,,0.6299999952316284,Entry ramp to I-71 Northbound from Dixie Hwy closed due to accident.,I-71 N,Ft Mitchell,Kenton,KY,41017,US,US/Eastern,KCVG,2019-10-16 04:19:00,51.0,51.0,86.0,28.82,2.0,NW,21.0,0.05,Heavy Rain / Windy,False,False,False,False,False,False,False,False,False,False,False,False,False,Night,Night,Night,Night,Wednesday
A-1765528,Source2,3,2019-10-20 14:53:22,2019-10-20 15:58:33,38.221897,-85.475769,,,0.0,Right lane blocked and right hand shoulder blocked due to accident on I-64 Westbound at MM 20.6.,I-64 W,Louisville,Jefferson,KY,40245,US,US/Eastern,KLOU,2019-10-20 14:53:00,75.0,75.0,43.0,29.31,10.0,CALM,0.0,0.0,Fair,False,False,False,False,False,False,False,False,False,False,False,False,False,Day,Day,Day,Day,Sunday
A-6534470,Source1,2,2021-01-15 06:08:00,2021-01-15 12:39:52,38.18486,-85.216323,38.19071,-85.265623,2.708,Incident on I-64 WB near MM 33 Road closed. Take alternate route.,I-64 W,Shelbyville,Shelby,KY,40065,US,US/Eastern,KFFT,2021-01-15 05:53:00,36.0,31.0,89.0,28.75,8.0,SSW,6.0,0.05,Wintry Mix,False,False,False,False,False,False,False,False,False,False,False,False,False,Night,Night,Night,Night,Friday
A-1286448,Source2,3,2020-11-01 12:52:59,2020-11-01 13:44:00,39.058891,-84.538078,,,0.0,One lane blocked due to accident on I-71 Northbound at Exit 189 KY-1072 Kyles Ln.,I-71 N,Covington,Kenton,KY,41011,US,US/Eastern,KLUK,2020-11-01 12:53:00,53.0,53.0,31.0,29.56,10.0,W,21.0,0.0,Fair / Windy,False,False,False,False,False,False,False,False,False,False,False,False,False,Day,Day,Day,Day,Sunday
A-7687477,Source1,2,2017-09-27 07:51:10,2017-09-27 13:51:10,39.04802100000001,-84.45598000000003,39.047848,-84.460268,0.23,At I-471/Exit 74 - Accident.,I-275 W,Fort Thomas,Campbell,KY,41075,US,US/Eastern,KLUK,2017-09-27 07:53:00,61.0,,100.0,29.99,5.0,Calm,,,Patches of Fog,False,False,False,False,True,False,False,False,False,False,False,False,False,Day,Day,Day,Day,Wednesday
A-4716814,Source1,4,2022-07-22 16:12:00,2022-07-22 20:00:00,37.87135,-85.31734200000002,37.875062,-85.30961500000002,0.493,Incident on US-62 near MM 24 Road closed. Take alternate route., Bloomfield Rd,Bloomfield,Nelson,KY,40008-6005,US,US/Eastern,KLOU,2022-07-22 15:53:00,95.0,95.0,38.0,29.4,10.0,WNW,6.0,0.0,Fair,False,False,False,False,False,False,False,False,False,False,False,False,False,Day,Day,Day,Day,Friday
A-7557835,Source1,4,2018-07-08 20:46:00,2018-07-08 23:00:00,39.0518,-84.55081,39.050972,-84.551129,0.06,Closed at US-25 - Road closed due to accident., Dixie Hwy,Ft Mitchell,Kenton,KY,41011-2669,US,US/Eastern,KLUK,2018-07-08 20:53:00,78.1,,76.0,30.21,10.0,East,3.5,,Partly Cloudy,False,False,True,False,False,False,False,False,False,False,False,True,False,Day,Day,Day,Day,Sunday
A-1114424,Source2,4,2021-03-18 09:01:18,2021-03-18 10:21:54,38.243259,-85.621872,,,2.2799999713897705,Two lanes blocked due to accident on I-264 Watterson Expy Northbound from Exits 18 18A 18B KY-1932 Breckenridge Ln to Exits 19A 19B 20 I-64 Exit 12.,Henry Watterson Expy W,Louisville,Jefferson,KY,40222,US,US/Eastern,KLOU,2021-03-18 09:00:00,60.0,60.0,90.0,28.97,10.0,WSW,6.0,0.0,Light Rain,False,False,False,False,True,False,False,False,False,False,False,False,False,Day,Day,Day,Day,Thursday
A-1382345,Source2,3,2020-07-11 20:42:39,2020-07-11 21:43:55,38.188244,-85.7845,,,0.0,Left lane blocked due to accident on I-264 Watterson Expy Eastbound at Exit 9 KY-1865 Taylor Blvd.,Henry Watterson Expy E,Louisville,Jefferson,KY,40215,US,US/Eastern,KSDF,2020-07-11 20:37:00,73.0,73.0,68.0,29.41,10.0,N,21.0,0.0,Light Rain with Thunder,False,False,False,False,False,False,False,False,False,False,False,False,False,Day,Day,Day,Day,Saturday
A-4456408,Source1,4,2022-12-14 10:31:00,2022-12-14 12:35:12,39.051662,-84.556896,39.049747,-84.551507,0.318,Incident on I-71 NB near US-25 Road closed. Take alternate route.,I-71 N,Ft Mitchell,Kenton,KY,41017,US,US/Eastern,KCVG,2022-12-14 10:21:00,43.0,37.0,100.0,29.0,4.0,E,10.0,0.0,Light Rain,False,False,False,False,False,False,False,False,False,False,False,False,False,Day,Day,Day,Day,Wednesday
A-1607809,Source2,2,2020-01-24 07:57:34,2020-01-24 09:14:01,38.19083,-85.719368,,,0.0,Right hand shoulder blocked due to accident on I-264 Watterson Expy Eastbound after I-65 .,Henry Watterson Expy E,Louisville,Jefferson,KY,40213,US,US/Eastern,KSDF,2020-01-24 07:56:00,46.0,42.0,93.0,29.34,4.0,SE,7.0,0.01,Light Drizzle,False,False,False,False,False,False,False,False,False,False,False,False,False,Day,Day,Day,Day,Friday
A-530800,Source2,1,2022-08-22 08:56:38,2022-08-22 09:26:01,38.035561,-84.511292,,,0.0,Right lane blocked due to crash on Virginia Ave Eastbound near Press Ave.,Virginia Ave,Lexington,Fayette,KY,40508-3239,US,US/Eastern,KLEX,2022-08-22 08:54:00,68.0,68.0,93.0,28.97,0.75,NW,5.0,0.0,Fog,False,False,False,False,False,False,False,False,False,False,False,True,False,Day,Day,Day,Day,Monday
A-1948985,Source2,4,2019-07-03 15:44:19,2019-07-03 16:58:42,38.188995,-85.73320799999998,,,1.7599999904632568,Center lane blocked due to accident on I-65 Northbound between Exit 130 Grade Ln and Exits 130 131A 131B I-264 Watterson Expy Exits 11 12.,Henry Watterson Expy E,Louisville,Jefferson,KY,40213,US,US/Eastern,KSDF,2019-07-03 15:39:00,76.0,76.0,87.0,29.4,3.0,CALM,0.0,0.31,T-Storm,False,False,False,False,False,False,False,False,False,False,False,False,False,Day,Day,Day,Day,Wednesday
A-3329110,Source2,2,2017-09-24 15:50:16,2017-09-24 16:19:52,38.977104,-84.592201,,,0.0,Accident on KY-1303 Turkeyfoot Rd at KY-1829 Industrial Rd.,Turkeyfoot Rd,Erlanger,Kenton,KY,41018-2840,US,US/Eastern,KCVG,2017-09-24 15:52:00,89.1,,32.0,30.03,10.0,SSE,9.2,,Partly Cloudy,False,False,True,False,False,False,False,False,False,False,False,True,False,Day,Day,Day,Day,Sunday
A-1319734,Source2,2,2020-09-30 13:11:32,2020-09-30 14:13:00,38.962402,-84.635262,,,0.0,Left hand shoulder blocked due to accident on I-71 Northbound after Exit 178 KY-536.,I-71 N,Florence,Boone,KY,41042,US,US/Eastern,KCVG,2020-09-30 12:52:00,67.0,67.0,49.0,28.86,10.0,WSW,21.0,0.0,Partly Cloudy / Windy,False,False,False,False,False,False,False,False,False,False,False,False,False,Day,Day,Day,Day,Wednesday
A-7587082,Source1,4,2018-05-27 04:21:27,2018-05-27 10:21:27,38.23546,-85.65493000000002,38.24489000000001,-85.69748,2.399,Closed between Cannons Ln/Exit 10 and Grinstead Dr/Exit 8 - Road closed due to accident.,I-64 W,Louisville,Jefferson,KY,40205,US,US/Eastern,KLOU,2018-05-27 04:04:00,73.0,,79.0,29.9,10.0,NNE,15.0,,Thunderstorm,False,False,False,False,False,False,False,False,False,False,False,False,False,Night,Night,Night,Night,Sunday
A-3131213,Source2,1,2017-12-15 07:19:18,2017-12-15 07:49:07,38.98555800000001,-84.521072,,,0.0,Accident on KY-1501 Hands Pike at Crystal Lake Dr.,Crystal Lake Dr,Covington,Kenton,KY,41017-9470,US,US/Eastern,KCVG,2017-12-15 06:52:00,19.0,,92.0,30.05,6.0,Calm,,,Scattered Clouds,False,False,False,False,False,False,False,False,False,False,False,False,False,Night,Night,Day,Day,Friday
A-936822,Source2,4,2021-08-13 17:03:18,2021-08-13 18:19:42,38.288826,-85.646011,,,0.9700000286102296,Left lane blocked and left hand shoulder blocked due to accident on I-264 Watterson Expy Westbound from Exit 22 / US-42 Brownsboro Rd to Exits 23 / I-71 .,I-71 N,Louisville,Jefferson,KY,40222,US,US/Eastern,KLOU,2021-08-13 16:53:00,91.0,91.0,52.0,29.47,10.0,WSW,9.0,0.0,Mostly Cloudy,False,False,False,False,False,False,False,False,False,False,False,False,False,Day,Day,Day,Day,Friday
A-1553423,Source2,2,2020-04-13 07:34:10,2020-04-13 08:03:51,38.157742,-85.68634,,,0.0,Accident on KY-1747 Fern Valley Rd Northbound at Fern Valley Rd / Old Fern Valley Rd.,Fern Valley Rd,Louisville,Jefferson,KY,40219-1950,US,US/Eastern,KSDF,2020-04-13 07:31:00,51.0,51.0,89.0,29.06,10.0,W,30.0,0.01,Cloudy / Windy,False,False,False,False,False,False,False,False,False,False,False,False,False,Day,Day,Day,Day,Monday
A-1789132,Source2,2,2019-10-31 14:54:37,2019-10-31 17:28:46,38.195881,-85.706802,,,0.0,Right hand shoulder blocked due to accident on I-264 Watterson Expy Eastbound at Exit 14 KY-864 Poplar Level Rd.,Henry Watterson Expy E,Louisville,Jefferson,KY,40213,US,US/Eastern,KSDF,2019-10-31 14:56:00,39.0,30.0,73.0,29.42,3.0,W,17.0,0.0,Haze,False,False,False,False,False,False,False,False,False,False,False,False,False,Day,Day,Day,Day,Thursday
A-3523622,Source1,4,2016-06-04 18:47:17,2016-06-05 00:47:17,39.051667,-84.549091,39.07485,-84.51890999999998,2.278,Closed between US-25/US-42/US-127/Exit 188 and 12th St/Pike St/Exit 191 - Road closed due to accident.,I-75 N,Ft Mitchell,Kenton,KY,41017,US,US/Eastern,KCVG,2016-06-04 18:52:00,73.0,,93.0,29.76,3.0,South,6.9,0.07,Rain,False,False,False,False,False,False,False,False,False,False,False,False,False,Day,Day,Day,Day,Saturday
A-3106691,Source2,2,2017-12-05 06:57:21,2017-12-05 07:41:45,38.070904,-84.476913,,,0.0,Accident on KY-4 New Circle Rd at KY-353 Russell Cave Rd.,Russell Cave Rd,Lexington,Fayette,KY,40505-1420,US,US/Eastern,KLEX,2017-12-05 06:54:00,57.0,,89.0,29.97,3.0,WSW,10.4,0.45,Rain,False,False,True,False,False,False,False,False,False,False,False,True,False,Night,Night,Day,Day,Tuesday
A-7697430,Source1,4,2017-08-18 15:30:06,2017-08-18 21:30:06,38.074941,-83.961989,38.037456,-84.075704,6.707000000000002,Closed at US-60/Exit 101 - Road closed due to accident.,I-64 W,Mount Sterling,Montgomery,KY,40353,US,US/Eastern,KIOB,2017-08-18 15:35:00,82.4,,51.0,29.96,10.0,WNW,11.5,,Scattered Clouds,False,False,False,False,False,False,False,False,False,False,False,False,False,Day,Day,Day,Day,Friday
A-2714322,Source2,2,2018-07-20 08:22:59,2018-07-20 08:52:38,37.96571,-84.483734,,,0.0,Accident on Man O War Blvd Westbound at Rapid Run Dr.,Man O War Blvd,Lexington,Fayette,KY,40517,US,US/Eastern,KLEX,2018-07-20 08:18:00,69.1,,90.0,29.97,5.0,SE,4.6,0.05,Light Thunderstorms and Rain,False,False,False,False,False,False,False,False,False,False,False,False,False,Day,Day,Day,Day,Friday
A-2458437,Source2,2,2018-11-15 15:36:02,2018-11-15 16:36:02,38.246944,-85.539314,,,0.0,Accident on US-60 Shelbyville Rd Eastbound at Madison Ave.,Shelbyville Rd,Louisville,Jefferson,KY,40243-1309,US,US/Eastern,KLOU,2018-11-15 15:40:00,34.0,25.0,79.0,30.01,4.0,WSW,12.7,0.0,Light Freezing Rain,False,False,False,False,False,False,False,False,False,False,False,False,False,Day,Day,Day,Day,Thursday
A-862469,Source2,4,2021-10-13 05:08:30,2021-10-13 10:20:00,38.008034,-85.69886,,,0.0,Queueing traffic left lane blocked and left hand shoulder blocked due to accident on I-65 Southbound before Exit 117 KY-44.,I-65 S,Shepherdsville,Bullitt,KY,40165,US,US/Eastern,KSDF,2021-10-13 04:56:00,60.0,60.0,93.0,29.51,10.0,SE,6.0,0.0,Cloudy,False,False,False,False,False,False,False,False,False,False,False,False,False,Night,Night,Night,Night,Wednesday
A-7605199,Source1,4,2018-03-14 09:55:13,2018-03-14 15:55:13,39.025872,-84.566354,39.02912,-84.539739,1.446,Closed between KY-1303/Turkey Foot Rd/Exit 82 and KY-17/Exit 80 - Road closed due to accident.,I-275 E,Ft Mitchell,Kenton,KY,41017,US,US/Eastern,KCVG,2018-03-14 09:52:00,27.0,16.7,85.0,30.14,2.0,West,11.5,0.0,Light Snow,False,False,False,False,False,False,False,False,False,False,False,False,False,Day,Day,Day,Day,Wednesday
A-7661382,Source1,4,2017-11-18 04:50:53,2017-11-18 10:50:53,38.22667,-85.5054,38.22302,-85.51042,0.371,Ramp closed to Exit 25B - Road closed due to accident.,Gene Snyder Fwy S,Louisville,Jefferson,KY,40299,US,US/Eastern,KLOU,2017-11-18 04:53:00,62.1,,60.0,29.67,10.0,SSW,15.0,,Overcast,False,False,False,False,False,False,False,False,False,False,False,False,False,Night,Night,Night,Night,Saturday
A-2871876,Source2,3,2018-04-08 16:09:42,2018-04-08 16:39:16,38.222847,-85.505775,,,0.0,Left hand shoulder blocked and right hand shoulder blocked due to accident on I-64 Westbound at Exits 19A 19B I-265.,I-64 W,Louisville,Jefferson,KY,40299,US,US/Eastern,KLOU,2018-04-08 15:53:00,46.0,,33.0,30.06,10.0,Calm,,,Clear,False,False,False,False,False,False,False,False,False,False,False,False,False,Day,Day,Day,Day,Sunday
A-3487340,Source1,2,2016-08-07 16:27:11,2016-08-07 22:27:11,39.03072,-84.60775,39.03919000000001,-84.58936,1.147,At I-275/Exit 185 - Accident.,I-75 N,Erlanger,Kenton,KY,41018,US,US/Eastern,KCVG,2016-08-07 16:52:00,86.0,,41.0,29.96,10.0,East,6.9,,Scattered Clouds,False,False,False,False,True,False,False,False,False,False,False,False,False,Day,Day,Day,Day,Sunday
A-1840451,Source2,2,2019-11-23 22:57:23,2019-11-23 23:58:04,39.032711,-84.533119,,,0.0,Accident on KY-17 at KY-371 Orphanage Rd.,Madison Pike,Ft Mitchell,Kenton,KY,41017-9664,US,US/Eastern,KCVG,2019-11-23 22:52:00,35.0,25.0,89.0,28.83,6.0,W,16.0,0.01,Light Snow,False,False,True,False,False,False,False,False,False,False,False,True,False,Night,Night,Night,Night,Saturday
A-562640,Source2,3,2022-07-19 05:53:10,2022-07-19 06:22:17,39.100723,-84.494881,,,0.0,Right lane blocked due to crash on I-471 Northbound on Daniel Carter Beard Bridge.,Daniel Carter Beard Brg,Newport,Campbell,KY,41071,US,US/Eastern,KLUK,2022-07-19 05:53:00,67.0,67.0,100.0,29.41,0.25,CALM,0.0,0.0,Fog,False,False,False,False,False,False,False,False,False,False,False,False,False,Night,Night,Day,Day,Tuesday
A-2964733,Source2,2,2018-03-23 08:11:41,2018-03-23 08:41:07,39.036583,-84.56049300000002,,,0.0,Accident on US-127 Dixie Hwy at County Hwy-371 Orphanage Rd.,Orphanage Rd,Ft Mitchell,Kenton,KY,41017,US,US/Eastern,KCVG,2018-03-23 07:52:00,28.9,,78.0,30.31,8.0,Calm,,,Scattered Clouds,False,False,True,False,False,False,False,False,False,False,False,True,False,Day,Day,Day,Day,Friday
A-629813,Source2,1,2022-05-03 17:14:23,2022-05-03 17:44:03,38.08963,-84.49913000000002,,,0.0,Crash on Citation Blvd at Mcgrathiana Pkwy.,McGrathiana Pkwy,Lexington,Fayette,KY,40511,US,US/Eastern,KLEX,2022-05-03 17:24:00,77.0,77.0,60.0,28.81,8.0,SSW,8.0,0.0,Thunder in the Vicinity,False,False,False,False,False,False,False,False,False,False,False,False,False,Day,Day,Day,Day,Tuesday
A-2140164,Source2,2,2019-05-03 04:06:27,2019-05-03 05:06:17,38.195477,-85.707596,,,0.0,Three left lane blocked and left hand shoulder blocked due to accident on I-264 Watterson Expy Westbound at Exit 14 KY-864 Poplar Level Rd.,Poplar Level Rd,Louisville,Jefferson,KY,40213,US,US/Eastern,KSDF,2019-05-03 03:56:00,66.0,66.0,90.0,29.42,5.0,SSE,7.0,0.08,T-Storm,False,False,False,False,False,False,False,False,False,False,False,True,False,Night,Night,Night,Night,Friday
A-7188246,Source1,2,2020-04-21 11:41:42,2020-04-21 12:31:40,38.18923,-85.80128,38.18923,-85.80128,0.0,At Crums Ln - Accident., Crums Ln,Louisville,Jefferson,KY,40216-3823,US,US/Eastern,KSDF,2020-04-21 11:56:00,64.0,64.0,25.0,29.35,10.0,WNW,26.0,0.0,Fair / Windy,False,False,False,False,False,False,False,False,True,False,False,True,False,Day,Day,Day,Day,Tuesday
A-660162,Source2,2,2022-04-06 10:02:50,2022-04-06 10:47:17,38.275608,-85.810028,,,0.0,Crash on I-64 Westbound at Exit 1 I-264 Exits 0-A 0-B.,I-64 E,Louisville,Jefferson,KY,40212,US,US/Eastern,KSDF,2022-04-06 10:01:00,53.0,53.0,93.0,29.12,1.0,SE,8.0,0.04,Heavy Rain,False,False,False,False,False,False,False,False,False,False,False,False,False,Day,Day,Day,Day,Wednesday
A-630628,Source2,2,2022-05-03 06:14:34,2022-05-03 06:43:02,38.136311,-85.70697,,,0.9499999880790708,Crash on exit ramp from I-65 Southbound to Outer Loop Eastbound.,Dr Martin Luther King Jr Expy S,Louisville,Jefferson,KY,40219,US,US/Eastern,KSDF,2022-05-03 06:13:00,65.0,65.0,87.0,29.34,5.0,S,12.0,0.06,T-Storm,False,False,False,False,False,False,False,False,False,False,False,False,False,Night,Night,Day,Day,Tuesday
A-2452650,Source2,2,2018-11-13 10:16:00,2018-11-13 11:00:37,39.047382,-84.46228,,,0.0,Accident on I-471 Southbound at Exits 1A 1B I-275.,I-275 W,Fort Thomas,Campbell,KY,41075,US,US/Eastern,KLUK,2018-11-13 09:53:00,37.0,30.4,93.0,30.3,3.0,NNW,9.2,0.0,Overcast,False,False,False,False,False,False,False,False,False,False,False,False,False,Day,Day,Day,Day,Tuesday
A-1779596,Source2,3,2019-10-26 10:37:59,2019-10-26 12:07:28,39.051144,-84.553513,,,0.0,Two lanes blocked due to accident on I-71 Northbound at Exit 188 US-127 Dixie Hwy.,I-71 N,Ft Mitchell,Kenton,KY,41017,US,US/Eastern,KCVG,2019-10-26 10:52:00,54.0,54.0,90.0,28.99,2.0,E,15.0,0.25,Heavy Rain,False,False,False,False,False,False,False,False,False,False,False,False,False,Day,Day,Day,Day,Saturday
A-2913162,Source2,2,2018-04-27 17:43:56,2018-04-27 18:28:42,38.029907,-84.528915,,,0.0,Accident on Clays Mill Rd at Springhill Dr.,Clays Mill Rd,Lexington,Fayette,KY,40503-1202,US,US/Eastern,KLEX,2018-04-27 17:54:00,71.1,,32.0,29.76,6.0,WNW,12.7,,Haze,False,False,True,False,False,False,False,False,False,False,False,False,False,Day,Day,Day,Day,Friday
A-1423357,Source2,2,2020-08-14 04:01:45,2020-08-14 04:59:29,38.188995,-85.73320799999998,,,0.0,Right hand shoulder blocked due to accident on I-65 Southbound at Exits 130 131A 131B I-264 Watterson Expy Exits 11 12.,Henry Watterson Expy E,Louisville,Jefferson,KY,40213,US,US/Eastern,KSDF,2020-08-14 03:56:00,77.0,77.0,88.0,29.42,10.0,CALM,0.0,0.0,Thunder,False,False,False,False,False,False,False,False,False,False,False,False,False,Night,Night,Night,Night,Friday
A-615042,Source2,3,2022-05-21 14:44:20,2022-05-21 15:29:03,39.027527,-84.573334,,,0.0,Right lane blocked due to crash on I-275 Westbound at Exit 83 / KY-1303 Turkeyfoot Rd.,Whitehouse Dr,Crestview Hills,Kenton,KY,41017-2504,US,US/Eastern,KCVG,2022-05-21 14:52:00,73.0,73.0,90.0,29.06,6.0,S,3.0,0.26,Thunder,False,False,False,False,False,False,False,False,False,False,False,False,False,Day,Day,Day,Day,Saturday
A-848665,Source2,3,2021-10-22 19:10:56,2021-10-22 19:55:20,39.075745,-84.519295,,,2.900000095367432,Left lane blocked due to accident on I-71 Northbound from Exit 189 KY-1072 Kyles Ln to Exits 191 192 Bullock St.,I-71 N,Covington,Kenton,KY,41011,US,US/Eastern,KLUK,2021-10-22 19:00:00,53.0,53.0,100.0,29.51,2.0,S,6.0,0.0,Fog,False,False,True,False,True,False,False,False,False,False,False,False,False,Night,Day,Day,Day,Friday
A-1994501,Source2,3,2019-07-30 19:17:35,2019-07-30 20:16:54,38.158016,-85.718819,,,2.3499999046325684,Lane blocked due to accident on I-65 Southbound from Exit 130 Grade Ln to Exits 127 128 KY-1065 Outer Loop.,Fern Valley Rd,Louisville,Jefferson,KY,40213,US,US/Eastern,KSDF,2019-07-30 19:32:00,84.0,84.0,63.0,29.44,10.0,W,16.0,0.0,Thunder in the Vicinity,False,False,False,False,False,False,False,False,False,False,False,False,False,Day,Day,Day,Day,Tuesday
A-563608,Source2,1,2022-07-18 09:05:10,2022-07-18 09:48:51,38.06361,-84.520554,,,0.0,Crash on US-421 Leestown Rd at KY-1723 Forbes Rd.,W Main St,Lexington,Fayette,KY,40508-2048,US,US/Eastern,KLEX,2022-07-18 08:54:00,71.0,71.0,93.0,28.9,3.0,SSW,12.0,0.01,Light Rain,True,False,False,False,False,False,False,False,False,False,False,True,False,Day,Day,Day,Day,Monday
A-1055715,Source2,2,2021-05-06 14:09:47,2021-05-06 14:41:00,39.027527,-84.573334,,,0.0,Left hand shoulder blocked due to accident on I-275 Westbound at US-127 Dixie Hwy.,Whitehouse Dr,Crestview Hills,Kenton,KY,41017-2504,US,US/Eastern,KCVG,2021-05-06 13:52:00,61.0,61.0,44.0,29.12,10.0,S,5.0,0.0,Partly Cloudy,False,False,False,False,False,False,False,False,False,False,False,False,False,Day,Day,Day,Day,Thursday
A-1354054,Source2,2,2020-10-23 17:14:05,2020-10-23 18:39:28,38.04678,-84.551941,,,0.0,Right lane blocked due to accident on Alexandria Dr at US-60 Versailles Rd.,Versailles Rd,Lexington,Fayette,KY,40504-1604,US,US/Eastern,KLEX,2020-10-23 17:04:00,67.0,67.0,87.0,28.95,10.0,SSE,8.0,0.0,Thunder in the Vicinity,False,False,False,False,False,False,False,False,False,False,False,True,False,Day,Day,Day,Day,Friday
A-1377065,Source2,4,2020-07-04 13:40:47,2020-07-04 14:48:44,38.146931,-85.54541800000001,,,5.949999809265138,Roadway reduced to one lane due to accident on I-265 Southbound from I-265 to Exit 19 KY-1819 Billtown Rd.,Gene Snyder Fwy W,Louisville,Jefferson,KY,40299,US,US/Eastern,KLOU,2020-07-04 13:53:00,92.0,92.0,41.0,29.38,10.0,NNE,6.0,0.0,Partly Cloudy,False,False,False,False,False,False,False,False,False,False,False,False,False,Day,Day,Day,Day,Saturday
A-2705160,Source2,3,2018-07-16 17:53:00,2018-07-16 18:37:35,38.118057,-85.643456,,,0.0,Accident on I-265 Eastbound around Exit 14 Smyrna Pkwy.,Smyrna Pkwy,Louisville,Jefferson,KY,40229,US,US/Eastern,KSDF,2018-07-16 17:56:00,88.0,,61.0,29.89,10.0,West,10.4,,Scattered Clouds,False,False,False,False,False,False,False,False,False,False,False,False,False,Day,Day,Day,Day,Monday
A-2026725,Source2,2,2019-08-16 07:17:56,2019-08-16 07:47:38,39.023628,-84.481796,,,0.0,Left hand shoulder blocked due to accident on I-275 Eastbound at KY-9 Licking Pike.,I-275 W,Newport,Campbell,KY,41076,US,US/Eastern,KLUK,2019-08-16 07:12:00,63.0,63.0,100.0,29.48,7.0,CALM,0.0,0.0,Shallow Fog,False,False,False,False,False,False,False,False,False,False,False,False,False,Day,Day,Day,Day,Friday
A-707973,Source2,2,2022-02-16 12:08:35,2022-02-16 12:36:50,38.259331,-85.737495,,,0.0,Right hand shoulder blocked due to crash on I-65 Southbound at Exit 137 / I-64 Exits 5.,E Witherspoon St,Louisville,Jefferson,KY,40202-1070,US,US/Eastern,KLOU,2022-02-16 11:53:00,63.0,63.0,40.0,29.61,10.0,S,24.0,0.0,Fair / Windy,False,False,False,False,False,False,False,False,False,False,False,False,False,Day,Day,Day,Day,Wednesday
A-7116532,Source1,2,2020-03-15 08:29:03,2020-03-15 08:58:16,39.0517,-84.56165,39.04459,-84.57831999999998,1.021,At KY-371/Buttermilk Pike/Exit 186 - Accident.,I-71 S,Ft Mitchell,Kenton,KY,41017,US,US/Eastern,KCVG,2020-03-15 08:28:00,34.0,25.0,79.0,29.5,10.0,NNE,14.0,0.0,Cloudy,False,False,False,False,False,False,False,False,False,False,False,False,False,Day,Day,Day,Day,Sunday
