ID,Source,Severity,Start_Time,End_Time,Start_Lat,Start_Lng,End_Lat,End_Lng,Distance(mi),Description,Street,City,County,State,Zipcode,Country,Timezone,Airport_Code,Weather_Timestamp,Temperature(F),Wind_Chill(F),Humidity(%),Pressure(in),Visibility(mi),Wind_Direction,Wind_Speed(mph),Precipitation(in),Weather_Condition,Amenity,Bump,Crossing,Give_Way,Junction,No_Exit,Railway,Roundabout,Station,Stop,Traffic_Calming,Traffic_Signal,Turning_Loop,Sunrise_Sunset,Civil_Twilight,Nautical_Twilight,Astronomical_Twilight,Day_Of_Week
A-7515555,Source1,4,2018-10-06 08:16:27,2018-10-06 08:46:04,39.154952,-94.49813,39.12714,-94.49798,1.922,Closed at Front St/Exit 57 - Road closed due to accident.,I-435 S,Kansas City,Clay,MO,64161,US,US/Central,KMKC,2018-10-06 08:04:00,59.0,,90.0,30.0,2.5,North,9.2,0.06,Heavy Rain,False,False,False,False,False,False,False,False,False,False,False,False,False,Day,Day,Day,Day,Saturday
A-667465,Source2,4,2022-03-23 06:38:19,2022-03-23 07:52:56,39.096786,-94.575722,,,0.0,Left hand shoulder blocked due to crash on I-670 Eastbound from Mcgee St to Exit 2Q Truman Rd.,E 14th St,Kansas City,Jackson,MO,64106,US,US/Central,KMKC,2022-03-23 06:54:00,37.0,29.0,86.0,28.8,8.0,NW,13.0,0.03,Light Rain,False,False,False,False,False,True,False,False,False,False,False,False,False,Night,Night,Day,Day,Wednesday
A-2065427,Source2,2,2019-06-21 07:38:20,2019-06-21 08:07:51,39.243301,-94.5075,,,0.0,Right hand shoulder blocked due to accident on I-435 Southbound at Exits 49A 49B MO-152.,I-435 S,Kansas City,Clay,MO,64119,US,US/Central,KMKC,2019-06-21 07:39:00,69.0,69.0,87.0,28.91,0.75,NW,25.0,0.98,Heavy T-Storm / Windy,False,False,False,False,False,False,False,False,False,False,False,False,False,Day,Day,Day,Day,Friday
A-642079,Source2,3,2022-04-21 22:52:43,2022-04-21 23:22:17,38.679558,-90.211151,,,0.0,Right lane closed due to crash on I-70 Eastbound at Exit 246B Adelaide Ave.,E Adelaide Ave,Saint Louis,St. Louis City,MO,63147,US,US/Central,KSTL,2022-04-21 22:51:00,65.0,65.0,68.0,29.57,10.0,SE,21.0,0.0,Light Rain / Windy,False,False,False,False,False,False,False,False,False,False,False,False,False,Night,Night,Night,Night,Thursday
A-3426630,Source1,2,2016-12-16 15:12:40,2016-12-16 21:12:40,39.31089,-94.57745,39.30886,-94.59082,0.728,At US-169/Exit 41 - Accident.,I-435 W,Kansas City,Clay,MO,64165,US,US/Central,KMCI,2016-12-16 14:53:00,30.9,21.7,82.0,29.6,2.0,SE,11.5,0.0,Light Freezing Drizzle,False,False,False,False,False,False,False,False,False,False,False,False,False,Day,Day,Day,Day,Friday
A-5205668,Source1,4,2022-12-22 11:57:51,2022-12-22 13:12:52.000000000,38.037764,-91.515353,38.053367,-91.450216,3.705,Incident on I-44 near MO-ZZ Road closed. Take alternate route.,I-44,Cuba,Crawford,MO,65453,US,US/Central,KVIH,2022-12-22 11:53:00,7.0,-11.0,84.0,28.81,0.25,NNW,16.0,0.0,Snow,False,False,False,False,False,False,False,False,False,False,False,False,False,Day,Day,Day,Day,Thursday
A-2446233,Source2,3,2018-11-09 18:29:31,2018-11-09 19:28:58,38.768764,-90.494308,,,0.0,Accident on I-70 Westbound at 5th St.,S 5th St,Saint Charles,St. Charles,MO,63301,US,US/Central,KSTL,2018-11-09 18:29:00,32.0,19.8,88.0,30.3,0.5,NW,20.7,0.0,Light Thunderstorms and Snow,False,False,False,False,False,False,False,False,False,False,False,False,False,Night,Night,Night,Night,Friday
A-4186744,Source1,4,2022-05-02 20:34:22,2022-05-03 01:29:00.000000000,38.939763307385725,-94.54090475990988,38.93888330738572,-94.5453647599099,0.247,Construction on I-435 WB near US-71 Take alternate route.,I-435,Kansas City,Jackson,MO,64137,US,US/Central,KLXT,2022-05-02 20:35:00,55.0,55.0,100.0,28.65,8.0,E,13.0,0.19,T-Storm,False,False,False,False,False,False,False,False,False,False,False,False,False,Night,Day,Day,Day,Monday
A-2108407,Source2,4,2019-05-17 06:29:38,2019-05-17 07:59:28,38.803055,-90.678482,,,0.0,Queueing traffic due to earlier accident on I-70 Eastbound near Tr Hughes Blvd. All lanes have been re-opened.,T.R. Hughes Blvd,O Fallon,St. Charles,MO,63366,US,US/Central,KSUS,2019-05-17 06:54:00,65.0,65.0,87.0,29.35,10.0,CALM,0.0,0.0,Fair,False,False,False,False,False,False,False,False,False,False,False,True,False,Day,Day,Day,Day,Friday
A-1261127,Source2,3,2020-11-18 14:27:13,2020-11-18 15:39:47,39.311371,-94.556587,,,0.0,Left lane closed due to accident on I-435 Westbound at Exit 42 Woodland Ave.,N Woodland Ave,Kansas City,Clay,MO,64165,US,US/Central,KMCI,2020-11-18 14:53:00,68.0,68.0,31.0,28.95,9.0,S,28.0,0.0,Partly Cloudy / Windy,False,False,False,False,False,False,False,False,False,False,False,False,False,Day,Day,Day,Day,Wednesday
A-857382,Source2,2,2021-10-29 07:41:54,2021-10-29 09:57:43,38.655533,-90.448135,,,0.0,Right hand shoulder blocked due to accident on I-270 Southbound at Exit 13 / MO-AB.,I-270 N,Saint Louis,St. Louis County,MO,63141,US,US/Central,KSTL,2021-10-29 07:51:00,53.0,53.0,89.0,28.88,8.0,NNW,13.0,0.0,Light Drizzle,False,False,False,False,False,False,False,False,False,False,False,False,False,Day,Day,Day,Day,Friday
A-890310,Source2,2,2021-09-21 07:37:36,2021-09-21 08:36:40,38.698463,-90.420486,,,0.0,Left lane blocked due to accident on MO-D at Ball Dr.,Page Ave,Saint Louis,St. Louis County,MO,63146,US,US/Central,KSTL,2021-09-21 07:51:00,66.0,66.0,87.0,29.4,8.0,NNW,12.0,0.0,Light Drizzle,False,False,False,False,False,False,False,False,False,False,False,True,False,Day,Day,Day,Day,Tuesday
A-3570469,Source1,3,2017-03-29 18:25:08,2017-03-30 00:25:08,39.09669,-94.59547,39.09615,-94.58718,0.446,At I-35/Exit 2T - Accident.,I-670 E,Kansas City,Jackson,MO,64108,US,US/Central,KMKC,2017-03-29 18:27:00,59.0,,93.0,29.65,10.0,NE,6.9,0.43,Thunderstorm,False,False,False,False,False,False,False,False,False,False,False,False,False,Day,Day,Day,Day,Wednesday
A-3459218,Source1,2,2017-01-13 11:29:27,2017-01-13 17:29:27,38.61841,-90.26416,38.61817,-90.25683,0.396,At Vandeventer/Exit 287 - Accident.,I-44 W,Saint Louis,St. Louis City,MO,63110,US,US/Central,KCPS,2017-01-13 11:53:00,28.9,21.1,75.0,30.66,3.0,NNE,8.1,0.03,Light Freezing Rain,False,False,False,False,True,False,False,False,False,False,False,False,False,Day,Day,Day,Day,Friday
A-4390536,Source1,2,2022-07-27 06:14:39,2022-07-27 07:29:40.000000000,39.011392,-94.49812,39.021182,-94.500709,0.691,Incident on I-435 near E 63RD ST Drive with caution.,I-435 N,Kansas City,Jackson,MO,64133,US,US/Central,KLXT,2022-07-27 06:11:00,70.0,70.0,100.0,28.93,2.0,WSW,7.0,0.18,Heavy T-Storm,False,False,False,False,False,False,False,False,False,False,False,False,False,Day,Day,Day,Day,Wednesday
A-7754684,Source1,3,2019-07-05 03:28:50,2019-07-05 03:58:24,38.70147,-90.26649,38.69941,-90.26213,0.275,At Goodfellow/Exit 243 - Accident.,I-70 E,Saint Louis,St. Louis County,MO,63120,US,US/Central,KSTL,2019-07-05 03:51:00,77.0,77.0,84.0,29.38,2.0,CALM,0.0,0.0,Smoke,False,False,False,False,False,False,False,False,False,False,False,False,False,Night,Night,Night,Night,Friday
A-4264957,Source1,2,2022-02-17 05:01:00,2022-02-17 06:53:00,39.055574,-94.56116,39.105425,-94.571226,3.486,Slow traffic on US-71 N - I-70 W - US-40 W from E 39th St to Admiral Blvd exit [2H] due to accident.,E 39th St,Kansas City,Jackson,MO,64130,US,US/Central,KMKC,2022-02-17 04:59:00,24.0,10.0,81.0,29.21,0.75,N,20.0,0.01,Light Snow with Thunder,False,False,False,False,False,False,False,False,False,False,False,False,False,Night,Night,Night,Night,Thursday
A-725890,Source2,3,2022-02-02 07:50:20,2022-02-02 08:19:51,38.660561,-94.368904,,,0.0,Right lane blocked due to accident on I-49 Northbound at Exit 160 MO-291.,I-49,Harrisonville,Cass,MO,64701,US,US/Central,KLXT,2022-02-02 07:53:00,15.0,-3.0,88.0,29.16,0.5,N,22.0,0.01,Snow / Windy,False,False,False,False,False,False,False,False,False,False,False,False,False,Day,Day,Day,Day,Wednesday
A-7651461,Source1,4,2017-12-21 11:30:17,2017-12-21 17:30:17,38.25224,-90.40247,38.25224,-90.40247,0.0,Closed at 178 - Road closed due to accident.,I-55 N,Herculaneum,Jefferson,MO,63048,US,US/Central,KCPS,2017-12-21 11:53:00,50.0,,54.0,29.91,10.0,SSE,10.4,,Overcast,False,False,False,False,False,False,False,False,False,False,False,False,False,Day,Day,Day,Day,Thursday
A-6986637,Source1,3,2020-05-28 09:38:52,2020-05-28 10:08:52,38.89848,-94.53424,38.89848,-94.53424,0.0,At Blue River Rd - Accident., Blue Ridge Ext,Grandview,Jackson,MO,64030,US,US/Central,KLXT,2020-05-28 09:41:00,66.0,66.0,93.0,28.84,1.0,WSW,8.0,0.23,Heavy Rain,False,False,False,False,False,False,False,False,False,False,False,True,False,Day,Day,Day,Day,Thursday
A-7572392,Source1,3,2018-06-18 10:48:30,2018-06-18 16:48:30,39.04621,-94.41791,39.04708,-94.43899,1.133,Between Noland Rd/Exit 12 and US-40/Exit 11 - Accident.,I-70 W,Independence,Jackson,MO,64055,US,US/Central,KLXT,2018-06-18 10:53:00,87.1,,59.0,30.01,10.0,SSW,13.8,,Clear,False,False,False,False,True,False,False,False,False,False,False,False,False,Day,Day,Day,Day,Monday
A-3436213,Source1,3,2016-10-06 21:58:10,2016-10-07 03:58:10,38.99221,-93.67667,38.99208,-93.66963,0.378,At MO-T/Exit 52 - Accident.,I-70 E,Concordia,Lafayette,MO,64020,US,US/Central,KSZL,2016-10-06 21:58:00,65.7,,100.0,30.0,5.0,WSW,6.9,0.5,Light Rain Showers,False,False,False,False,True,False,False,False,False,False,False,False,False,Night,Night,Night,Night,Thursday
A-1217404,Source2,3,2020-12-23 04:05:22,2020-12-23 05:05:38,38.994614,-94.502281,,,0.0,Lane blocked due to accident on I-435 Southbound at Exit 67 Gregory Blvd.,I-435 N,Kansas City,Jackson,MO,64133,US,US/Central,KLXT,2020-12-23 03:53:00,56.0,56.0,67.0,28.44,10.0,S,25.0,0.0,Mostly Cloudy / Windy,False,False,False,False,False,False,False,False,False,False,False,False,False,Night,Night,Night,Night,Wednesday
A-5700804,Source1,4,2021-05-02 16:55:43,2021-05-02 18:10:44,37.05419600000001,-94.42665,37.049827,-94.427201,0.303,Incident on US-71 near I-49 Road closed. Take alternate route.,I-49 S,Joplin,Newton,MO,64804,US,US/Central,KJLN,2021-05-02 16:53:00,69.0,69.0,90.0,28.52,3.0,CALM,0.0,0.11,Light Rain with Thunder,False,False,False,False,True,False,False,False,False,False,False,False,False,Day,Day,Day,Day,Sunday
A-699309,Source2,3,2022-02-23 22:50:01,2022-02-23 23:19:39,38.616596,-90.239822,,,0.0,Left lane closed due to crash on I-44 Eastbound after Exit 288 Grand Blvd.,I-44 E,Saint Louis,St. Louis City,MO,63110,US,US/Central,KCPS,2022-02-23 23:15:00,22.0,11.0,92.0,29.95,4.0,N,10.0,0.0,Wintry Mix,False,False,False,False,False,False,False,False,False,False,False,False,False,Night,Night,Night,Night,Wednesday
A-2688132,Source2,1,2018-07-05 17:28:50,2018-07-05 18:28:50,38.916569,-94.399742,,,0.0,Accident on Blue Pkwy Southbound at Transition.,NW Blue Pkwy,Lees Summit,Jackson,MO,64063,US,US/Central,KLXT,2018-07-05 17:53:00,82.9,,77.0,30.26,10.0,South,3.5,0.02,Scattered Clouds,False,False,False,False,False,False,False,False,False,False,False,False,False,Day,Day,Day,Day,Thursday
A-3739726,Source1,2,2022-02-17 12:04:32,2022-02-17 13:19:33,38.757752,-90.433799,38.742178,-90.441186,1.147,Incident on I-270 near GIST RD Drive with caution.,I-270 S,Bridgeton,St. Louis County,MO,63044,US,US/Central,KSTL,2022-02-17 11:59:00,32.0,21.0,96.0,29.19,0.5,NNW,16.0,0.02,Snow and Sleet,False,False,False,False,False,False,False,False,False,False,False,False,False,Day,Day,Day,Day,Thursday
A-1217497,Source2,2,2020-12-23 16:40:07,2020-12-23 18:36:52,37.215416,-93.289505,,,0.0,Two lanes blocked due to accident on I-44-BL Chestnut Expy Eastbound at Jefferson Ave.,N Jefferson Ave,Springfield,Greene,MO,65806,US,US/Central,KSGF,2020-12-23 16:52:00,41.0,30.0,55.0,28.47,10.0,W,26.0,0.0,Partly Cloudy / Windy,False,False,False,False,False,False,False,False,False,False,False,True,False,Day,Day,Day,Day,Wednesday
A-675506,Source2,3,2022-03-16 08:09:28,2022-03-16 08:38:44,38.539181,-90.4963,,,0.0,Crash on I-44 Eastbound after MO-141 Meramec Station Rd.,I-44 W,Valley Park,St. Louis County,MO,63088,US,US/Central,KSUS,2022-03-16 07:54:00,41.0,41.0,93.0,29.53,10.0,CALM,0.0,0.0,Fair,False,False,False,False,False,False,False,False,False,False,False,False,False,Day,Day,Day,Day,Wednesday
A-7446401,Source1,4,2019-02-13 16:52:05,2019-02-13 17:21:40,37.24434,-93.22449,37.24766,-93.22401,0.231,Ramp closed to I-44 - Road closed due to accident.,US-65 N,Springfield,Greene,MO,65803,US,US/Central,KSGF,2019-02-13 16:52:00,55.9,,32.0,29.87,10.0,SSW,18.4,,Clear,False,False,False,False,False,False,False,False,False,False,False,False,False,Day,Day,Day,Day,Wednesday
A-7711016,Source1,2,2019-04-18 09:44:13,2019-04-18 10:13:01,38.73721,-90.63315,38.7385,-90.63348,0.091,At MO-94 - Accident. Right lane blocked.,Mid Rivers Mall Dr,Saint Charles,St. Charles,MO,63304,US,US/Central,KSUS,2019-04-18 09:54:00,54.0,54.0,97.0,29.23,2.0,NW,10.0,0.01,Drizzle,False,False,False,False,False,False,False,False,False,False,False,True,False,Day,Day,Day,Day,Thursday
A-5360170,Source1,2,2022-12-16 10:42:00,2022-12-16 12:23:30.000000000,38.58949000000001,-90.448904,38.627769,-90.450741,2.647,Stationary traffic on I-270 N from Dougherty Ferry Rd/Exit 8 (I-270) to I-64/US-61/US-40/Exit 12 (I-270) due to accident.,I-270 N,Saint Louis,St. Louis County,MO,63131,US,US/Central,KSTL,2022-12-16 10:51:00,34.0,22.0,50.0,29.17,10.0,WSW,22.0,0.0,Mostly Cloudy / Windy,False,False,False,False,False,False,False,False,False,False,False,False,False,Day,Day,Day,Day,Friday
A-171427,Source2,3,2016-11-10 09:45:00,2016-11-10 10:29:14,38.672077,-90.44928,,,0.01,Right lane blocked due to accident on I-270 Southbound at Exit 14 MO-340 Olive Blvd.,Olive Blvd,Saint Louis,St. Louis County,MO,63141,US,US/Central,KSTL,2016-11-10 09:51:00,55.9,,53.0,30.3,10.0,SW,9.2,,Partly Cloudy,False,False,False,False,False,False,False,False,False,False,False,True,False,Day,Day,Day,Day,Thursday
A-7126033,Source1,4,2020-03-20 08:11:56,2020-03-20 13:06:29,38.70238,-90.45032,38.66959,-90.44912,2.266,Closed between Dorsett Rd/Exit 17 and MO-340/Olive Blvd/Exit 14 - Road closed due to accident.,I-270 S,Saint Louis,St. Louis County,MO,63146,US,US/Central,KSTL,2020-03-20 07:51:00,49.0,42.0,80.0,29.41,10.0,NW,21.0,0.0,Cloudy / Windy,False,False,False,False,True,False,False,False,False,False,False,False,False,Day,Day,Day,Day,Friday
A-555576,Source2,1,2022-07-26 06:07:57,2022-07-26 07:16:11,38.733639,-90.301659,,,0.0,Crash on MO-N at Elkan Ave.,Elkan Ave,St Louis,St Louis,MO,63135-3247,US,US/Central,KSTL,2022-07-26 06:13:00,65.0,65.0,90.0,29.33,1.0,ESE,9.0,0.06,T-Storm,False,False,False,False,False,False,False,False,False,False,False,False,False,,,,,Tuesday
A-512834,Source2,1,2022-09-08 07:56:56,2022-09-08 08:26:35,38.52541,-90.399338,,,0.0,Right hand shoulder blocked due to crash on I-270 Northbound after Exit 3 MO-30 Gravois Rd.,I-270 S,Saint Louis,St. Louis County,MO,63127,US,US/Central,KCPS,2022-09-08 07:53:00,65.0,65.0,93.0,29.59,10.0,NE,3.0,0.0,Fair,False,False,False,False,False,False,False,False,False,False,False,True,False,Day,Day,Day,Day,Thursday
A-7045808,Source1,4,2020-05-22 10:05:53,2020-05-22 10:35:53,39.1273,-94.49773,39.12753,-94.49788,0.018,Closed at Front St/Exit 57 - Road closed due to accident. Roadwork. Roadway reduced to 1 lane.,I-435 N,Kansas City,Jackson,MO,64120,US,US/Central,KMKC,2020-05-22 10:06:00,64.0,64.0,84.0,29.09,10.0,ESE,6.0,0.0,T-Storm,False,False,False,False,False,False,False,False,False,False,False,False,False,Day,Day,Day,Day,Friday
A-3440460,Source1,2,2016-08-30 15:38:48,2016-08-30 21:38:48,38.806431,-90.828971,38.806541,-90.83679,0.421,At US-40/US-61/Exit 210 - Accident.,I-70 W,Wentzville,St. Charles,MO,63385,US,US/Central,KSUS,2016-08-30 15:34:00,75.0,,90.0,30.13,10.0,NNW,10.4,,Thunderstorm,False,False,False,False,False,False,False,False,False,False,False,False,False,Day,Day,Day,Day,Tuesday
A-724425,Source2,4,2022-02-02 05:54:29,2022-02-02 06:52:31,38.63826,-90.446968,,,0.0,Left lane blocked due to accident on I-64 Eastbound at Exit 25 I-270.,I-64,St Louis,St Louis,MO,63131,US,US/Central,KSTL,2022-02-02 05:51:00,25.0,12.0,100.0,29.41,1.0,N,17.0,0.07,Snow and Sleet,False,False,False,False,False,False,False,False,False,False,False,False,False,,,,,Wednesday
A-3508689,Source1,2,2016-07-26 16:15:52,2016-07-26 22:15:52,38.74294,-90.37943,38.74279,-90.37864,0.044,At Natural Bridge Rd - Accident.,I-70 E,Saint Ann,St. Louis County,MO,63074,US,US/Central,KSTL,2016-07-26 15:51:00,91.0,,55.0,29.94,10.0,NNW,6.9,,Scattered Clouds,False,False,False,False,False,False,False,False,False,False,False,False,False,Day,Day,Day,Day,Tuesday
A-7127945,Source1,2,2020-03-21 21:00:29,2020-03-21 21:15:29,38.70162,-90.26649,38.70162,-90.26649,0.0,At Jennings Sta Rd/Exit 242 - Accident.,I-70 W,Saint Louis,St. Louis County,MO,63136,US,US/Central,KSTL,2020-03-21 20:51:00,37.0,27.0,59.0,29.79,10.0,E,17.0,0.0,Cloudy,False,False,False,False,False,False,False,False,False,False,False,False,False,Night,Night,Night,Night,Saturday
A-3641420,Source1,2,2017-07-27 09:02:02,2017-07-27 15:02:02,38.81562,-94.50693,38.81037,-94.50209,0.447,At MO-58 - Accident.,I-49 S,Belton,Cass,MO,64012,US,US/Central,KOJC,2017-07-27 08:53:00,73.9,,100.0,29.96,10.0,Calm,,,Overcast,False,False,False,False,False,False,False,False,False,False,False,False,False,Day,Day,Day,Day,Thursday
A-2601449,Source2,2,2018-09-23 19:56:04,2018-09-23 20:25:45,39.244564,-94.456131,,,0.0,Multi-vehicle accident on MO-152 Kansas St Westbound at I-35.,W Kansas St,Liberty,Clay,MO,64068,US,US/Central,KGPH,2018-09-23 19:55:00,69.8,,56.0,29.97,10.0,Calm,,,Clear,False,False,False,False,False,False,False,False,False,False,False,False,False,Night,Night,Day,Day,Sunday
A-4471923,Source1,4,2023-01-30 01:10:00,2023-01-30 03:31:02.000000,38.564738,-90.395605,38.576056,-90.37671,1.286,Incident on I-44 EB near BIG BEND RD Road closed. Take alternate route.,I-44 E,Saint Louis,St. Louis County,MO,63122,US,US/Central,KSTL,2023-01-30 01:00:00,23.0,12.0,85.0,29.61,4.0,N,12.0,0.0,Wintry Mix,False,False,False,False,False,False,False,False,False,False,False,False,False,Night,Night,Night,Night,Monday
A-1211834,Source2,3,2020-12-29 08:52:13,2020-12-29 09:21:52,39.050358,-94.471046,,,0.0,Lane blocked and left hand shoulder blocked due to multi-vehicle accident on I-70 Westbound before Blue Ridge Cutoff.,I-70 W,Kansas City,Jackson,MO,64133,US,US/Central,KLXT,2020-12-29 08:53:00,29.0,16.0,96.0,29.15,2.0,E,20.0,0.12,Wintry Mix,False,False,False,False,True,False,False,False,False,False,False,False,False,Day,Day,Day,Day,Tuesday
A-1598483,Source2,4,2020-01-17 07:29:25,2020-01-17 08:44:02,39.20985,-94.637863,,,0.0,2 right lane closed due to accident on I-29 Northbound at 64th St.,I-29 N,Kansas City,Platte,MO,64151,US,US/Central,KNKA,2020-01-17 07:32:00,28.0,19.0,78.0,29.6,9.0,E,9.0,0.0,Light Freezing Rain,False,False,False,False,False,False,False,False,False,False,False,False,False,Night,Day,Day,Day,Friday
A-1920830,Source2,3,2019-08-19 18:18:24,2019-08-19 20:36:34,38.596436,-90.216019,,,0.0,Right lane blocked due to accident on I-55 Northbound at Exit 206C Arsenal St.,I-55 N,Saint Louis,St. Louis City,MO,63118,US,US/Central,KCPS,2019-08-19 18:09:00,83.0,83.0,82.0,29.51,3.0,SE,13.0,0.16,Light Rain with Thunder,False,False,False,False,False,False,False,False,False,False,False,False,False,Day,Day,Day,Day,Monday
A-1767393,Source2,3,2019-10-21 16:41:40,2019-10-21 18:42:43,38.549191,-90.425346,,,0.0,Left lane blocked due to accident on I-44 Westbound at Exits 276 277A I-270 Exits 5A 5B.,I-44 E,Saint Louis,St. Louis County,MO,63122,US,US/Central,KSTL,2019-10-21 16:51:00,65.0,65.0,40.0,29.02,10.0,WSW,22.0,0.0,Partly Cloudy / Windy,False,False,False,False,True,False,False,False,False,False,False,False,False,Day,Day,Day,Day,Monday
A-7043096,Source1,4,2020-05-21 01:34:10,2020-05-21 03:34:10,38.69394000000001,-90.26005,38.69983,-90.26247,0.4270000000000001,Closed between Branch St/Exit 248 and Jennings Sta Rd/Exit 242 - Road closed due to accident. Construction work.,I-70 W,Saint Louis,St. Louis City,MO,63120,US,US/Central,KSTL,2020-05-21 01:20:00,58.0,58.0,87.0,29.35,7.0,E,9.0,0.0,Light Drizzle,False,False,False,False,False,False,False,False,False,False,False,False,False,Night,Night,Night,Night,Thursday
A-3390628,Source3,3,2017-08-21 22:59:44,2017-08-21 23:29:17,39.080074,-94.593384,,,0.0,Accident on I-35 Southbound before Exits 1A 1B 27th St.,I-35 N,Kansas City,Jackson,MO,64108,US,US/Central,KMKC,2017-08-21 23:02:00,71.1,,96.0,30.03,3.0,West,4.6,0.04,Thunderstorms and Rain,False,False,False,False,False,False,False,False,False,False,False,False,False,Night,Night,Night,Night,Monday
A-5894087,Source1,2,2021-08-12 16:34:05,2021-08-12 17:19:05,39.26716446857802,-94.44226384117869,39.27838446857801,-94.42229384117869,1.32,Accident on MO-291 (I-35/US-69) from I-35/MO-33/N Lightburne St (US-69) to I-35 N - US-69 N - Chicago-Kansas City Expressway N.,US-69,Liberty,Clay,MO,64068,US,US/Central,KGPH,2021-08-12 15:55:00,88.0,88.0,52.0,29.09,10.0,N,14.0,,Thunder,False,False,False,False,False,False,False,False,False,False,False,False,False,Day,Day,Day,Day,Thursday
A-1547169,Source2,2,2020-04-06 10:18:15,2020-04-06 11:17:55,39.352291,-94.76165,,,0.2599999904632568,Entry ramp to I-29 Southbound from MO-92 shoulder blocked due to accident.,I-29 S,Platte City,Platte,MO,64079,US,US/Central,KMCI,2020-04-06 09:53:00,58.0,58.0,93.0,28.88,3.0,SSW,10.0,0.0,Light Drizzle,False,False,False,False,False,False,False,False,False,False,False,False,False,Day,Day,Day,Day,Monday
A-1207934,Source2,4,2021-01-01 01:49:51,2021-01-01 03:49:45,38.574112,-90.233994,,,2.809999942779541,Two lanes blocked due to accident on I-55 Southbound between Cherokee St and Exit 204 MO-231 Broadway.,I-55 S,Saint Louis,St. Louis City,MO,63111,US,US/Central,KCPS,2021-01-01 01:53:00,30.0,19.0,92.0,29.62,6.0,NE,16.0,0.0,Wintry Mix,False,False,False,False,False,False,False,False,False,False,False,False,False,Night,Night,Night,Night,Friday
A-941949,Source2,3,2021-08-10 15:01:46,2021-08-10 15:30:58,38.285393,-90.403069,,,0.0,Right lane closed due to accident on I-55 Northbound before Exit 180 MO-Z.,I-55 N,Pevely,Jefferson,MO,63070,US,US/Central,KCPS,2021-08-10 14:53:00,72.0,72.0,91.0,29.51,10.0,SSE,9.0,0.26,Thunder,False,False,False,False,False,False,False,False,False,False,False,False,False,Day,Day,Day,Day,Tuesday
A-1387291,Source2,2,2020-07-15 07:13:55,2020-07-15 09:28:43,39.18742,-94.5168,,,0.0,Right hand shoulder blocked due to accident on I-35 Southbound after Exit 11 US-69 Vivion Rd.,I-35 S,Kansas City,Clay,MO,64119,US,US/Central,KMKC,2020-07-15 07:14:00,69.0,69.0,90.0,29.13,10.0,E,10.0,0.01,Light Rain with Thunder,False,False,False,False,True,False,False,False,False,False,False,False,False,Day,Day,Day,Day,Wednesday
A-1598486,Source2,3,2020-01-17 08:30:00,2020-01-17 09:16:23,39.1898,-94.617363,,,0.0,Right lane blocked due to accident on I-635 Southbound at Exits 12A 12B I-29 Exit 3B.,I-635 S,Riverside,Platte,MO,64150,US,US/Central,KNKA,2020-01-17 08:24:00,29.0,20.0,82.0,29.57,4.0,E,9.0,0.03,Freezing Rain,False,False,False,False,False,False,False,False,False,False,False,False,False,Day,Day,Day,Day,Friday
A-3582525,Source1,2,2017-03-22 07:49:31,2017-03-22 13:49:31,38.5229,-90.39564,38.52885,-90.40332,0.584,At MO-30/Gravois Rd/Exit 3 - Accident.,I-270 N,Saint Louis,St. Louis County,MO,63128,US,US/Central,KCPS,2017-03-22 07:53:00,36.0,28.5,64.0,30.46,10.0,ENE,10.4,,Clear,False,False,False,False,True,False,False,False,False,False,False,False,False,Day,Day,Day,Day,Wednesday
A-2668426,Source2,4,2018-08-25 12:06:32,2018-08-25 12:34:08,39.119053,-94.563698,,,0.5699999928474426,Entry ramp to I-29/I-35 Northbound from E Front St Westbound closed due to incident. Emergency vehicles at scene.,E Front St,Kansas City,Jackson,MO,64120,US,US/Central,KMKC,2018-08-25 11:54:00,90.0,,50.0,29.93,10.0,SW,13.8,,Clear,False,False,False,False,False,False,False,False,False,False,False,False,False,Day,Day,Day,Day,Saturday
A-7565822,Source1,2,2018-07-29 03:45:22,2018-07-29 09:45:22,39.24309,-94.508792,39.243498,-94.502111,0.359,At I-435 (Kansas City) - Accident. Right lane blocked.,MO-152 E,Kansas City,Clay,MO,64119,US,US/Central,KMKC,2018-07-29 03:54:00,71.1,,73.0,30.01,10.0,ENE,4.6,0.0,Partly Cloudy,False,False,False,False,False,False,False,False,False,False,False,False,False,Night,Night,Night,Night,Sunday
A-4201063,Source1,2,2022-04-23 14:36:13,2022-04-23 15:21:13,39.047588109783895,-94.44282174065378,39.047768109783895,-94.44380174065378,0.054,Accident from Blue Ridge Blvd (US-40) exit [11] to E US Highway 40.,US-40,Independence,Jackson,MO,64055,US,US/Central,KLXT,2022-04-23 14:53:00,71.0,71.0,61.0,28.64,10.0,S,25.0,0.0,T-Storm / Windy,False,False,False,False,True,False,False,False,False,False,False,False,False,Day,Day,Day,Day,Saturday
A-3359686,Source2,3,2017-08-06 11:59:19,2017-08-06 12:44:19,37.907982,-91.986519,,,0.0,Accident on I-44 Eastbound at Exit 172 MO-D.,I-44 E,Newburg,Phelps,MO,65550,US,US/Central,KVIH,2017-08-06 12:00:00,66.0,,100.0,29.98,0.5,Calm,,0.07,Heavy Rain,False,False,False,False,False,False,False,False,False,False,False,False,False,Day,Day,Day,Day,Sunday
A-2289833,Source2,3,2019-02-16 18:39:02,2019-02-16 19:08:33,38.631329,-90.303955,,,0.0,Right lane closed due to accident on I-64 Westbound at Exits 33C 34A Mccausland Ave.,I-64 W,Saint Louis,St. Louis City,MO,63117,US,US/Central,KSTL,2019-02-16 18:51:00,30.9,23.5,67.0,29.93,10.0,East,8.1,,Partly Cloudy,False,False,False,False,False,False,False,False,False,False,False,False,False,Night,Night,Night,Day,Saturday
A-7447849,Source1,4,2019-02-15 16:06:33,2019-02-15 16:35:57,39.02244,-94.50253,39.0169,-94.49791,0.456,Closed at I-435 - Road closed due to accident., Blue Pkwy,Kansas City,Jackson,MO,64129,US,US/Central,KMKC,2019-02-15 16:06:00,16.0,3.6,74.0,30.06,4.0,NNW,10.4,0.0,Light Snow,False,False,False,False,True,False,False,False,False,False,False,False,False,Day,Day,Day,Day,Friday
A-1471734,Source2,3,2020-05-16 20:00:54,2020-05-16 22:58:14,38.56805,-90.393707,,,0.0,2 right lane closed due to accident on I-44 Westbound at Exit 278 Big Bend Blvd.,Big Bend Rd,Saint Louis,St. Louis County,MO,63122,US,US/Central,KSTL,2020-05-16 19:51:00,69.0,69.0,84.0,29.23,10.0,SE,12.0,0.0,Light Rain with Thunder,False,False,False,False,False,False,False,False,False,False,False,False,False,Day,Day,Day,Day,Saturday
A-7623601,Source1,2,2018-02-22 11:13:00,2018-02-22 17:13:00,38.59802,-90.44989,38.6056,-90.45076,0.526,At MO-100/Manchester Rd/Exit 9 - Accident. Right lane blocked.,I-270 N,Saint Louis,St. Louis County,MO,63131,US,US/Central,KSTL,2018-02-22 11:13:00,39.0,,100.0,30.4,2.0,Calm,,0.0,Light Drizzle,False,False,False,False,False,False,False,False,False,False,False,False,False,Day,Day,Day,Day,Thursday
A-2459603,Source2,3,2018-11-15 11:28:10,2018-11-15 11:57:53,38.810123,-90.874779,,,0.0,Left lane blocked due to accident on I-70 Eastbound at Exit 208 Wentzville Pkwy.,Wentzville Pkwy,Wentzville,St. Charles,MO,63385,US,US/Central,KSUS,2018-11-15 11:27:00,33.1,25.5,89.0,30.11,0.5,West,9.2,0.0,Snow,False,False,False,False,False,False,False,False,False,False,False,False,False,Day,Day,Day,Day,Thursday
A-2593758,Source2,1,2018-09-19 16:37:58,2018-09-19 17:07:58,38.667255,-90.612267,,,0.0,Accident on Valley Center Dr in Chesterfield.,Valley Center Dr,Chesterfield,St. Louis County,MO,63005,US,US/Central,KSUS,2018-09-19 16:54:00,80.1,,85.0,29.91,4.0,South,5.8,0.05,Rain,False,False,False,False,False,False,False,False,False,False,False,False,False,Day,Day,Day,Day,Wednesday
A-1359759,Source2,3,2020-10-27 19:44:06,2020-10-27 20:30:47,38.654385,-90.194565,,,0.0,Right lane closed due to accident on I-70 Westbound before Branch St.,I-70 E,Saint Louis,St. Louis City,MO,63147,US,US/Central,KSTL,2020-10-27 19:51:00,40.0,35.0,89.0,29.54,3.0,NNE,7.0,0.0,Light Drizzle,False,False,False,False,False,False,False,False,False,False,False,False,False,Night,Night,Night,Night,Tuesday
A-2772569,Source2,2,2018-06-20 17:37:00,2018-06-20 18:06:43,38.62524000000001,-90.513306,,,0.0,Accident on MO-141 Southbound at Clayton Rd.,Clayton Rd,Chesterfield,St. Louis County,MO,63017,US,US/Central,KSUS,2018-06-20 17:54:00,87.1,,63.0,29.74,10.0,WSW,11.5,,Thunderstorm,False,False,False,False,True,False,False,False,False,False,False,False,False,Day,Day,Day,Day,Wednesday
A-2331460,Source2,2,2019-01-11 16:12:16,2019-01-11 16:56:51,38.615517,-90.512184,,,0.0,Right lane blocked due to accident on MO-141 Woods Mill Rd Northbound at Milldale Dr.,State Highway 141,Ballwin,St. Louis County,MO,63011,US,US/Central,KSUS,2019-01-11 15:54:00,30.0,26.5,92.0,30.28,0.2,ESE,3.5,0.07,Snow,False,False,False,False,False,False,False,False,False,False,False,True,False,Day,Day,Day,Day,Friday
A-1056206,Source2,3,2021-05-06 16:25:53,2021-05-06 17:29:43,38.485195,-90.355911,,,0.0,Lane blocked due to accident on I-55 Southbound at Exit 195 Butler Hill Rd.,I-55 N,Saint Louis,St. Louis County,MO,63129,US,US/Central,KCPS,2021-05-06 16:53:00,62.0,62.0,50.0,29.64,10.0,NW,21.0,0.0,Partly Cloudy / Windy,False,False,False,False,False,False,False,False,False,False,False,False,False,Day,Day,Day,Day,Thursday
A-6346315,Source1,2,2021-02-14 08:58:00,2021-02-14 09:55:30,39.106365,-94.57334,39.113548,-94.564608,0.682,Slow traffic on US-71 N - US-24 E - I-35 N - I-29 N from I-70/US-40/US-71 (I-35) to Paseo Blvd (I-35) due to accident.,I-35 N,Kansas City,Jackson,MO,64106,US,US/Central,KMKC,2021-02-14 08:54:00,1.0,-17.0,69.0,29.78,1.0,N,13.0,0.0,Light Snow,False,False,False,False,True,False,False,False,False,False,False,False,False,Day,Day,Day,Day,Sunday
A-7637365,Source1,4,2018-01-24 06:53:57,2018-01-24 12:53:57,38.71612,-90.29522,38.72151,-90.32049,1.412,Closed between Bermuda Rd/Exit 241 and Hanley Rd/Exit 239 - Road closed due to accident.,I-70 W,Saint Louis,St. Louis County,MO,63121,US,US/Central,KSTL,2018-01-24 06:51:00,27.0,20.5,81.0,30.34,10.0,West,5.8,,Scattered Clouds,False,False,False,False,False,False,False,False,False,False,False,False,False,Night,Day,Day,Day,Wednesday
A-542542,Source2,1,2022-08-09 06:18:09,2022-08-09 07:07:09,37.209797,-93.22596,,,0.0,Crash on US-65 Schoolcraft Fwy Northbound at Chestnut Expy.,US-65 N,Springfield,Greene,MO,65802,US,US/Central,KSGF,2022-08-09 05:52:00,71.0,71.0,96.0,28.7,10.0,E,6.0,0.0,Fair,False,False,False,False,False,False,False,False,False,False,False,False,False,Night,Day,Day,Day,Tuesday
A-572999,Source2,1,2022-07-07 06:11:37,2022-07-07 06:40:53,39.165371,-94.494408,,,0.3899999856948853,Exit ramp from I-435 Northbound at Exit 54 to Ne Parvin Rd shoulder blocked due to crash.,I-435 N,Kansas City,Clay,MO,64161,US,US/Central,KMKC,2022-07-07 06:04:00,76.0,76.0,79.0,29.14,10.0,NE,8.0,0.0,Thunder in the Vicinity,False,False,False,False,False,False,False,False,False,False,False,False,False,Day,Day,Day,Day,Thursday
A-6705303,Source1,2,2020-11-29 19:04:03,2020-11-29 20:54:15,37.250389,-93.296862,37.250376,-93.310621,0.757,Incident on I-44 WB near EXIT 80 Drive with caution.,I-44 W,Springfield,Greene,MO,65803,US,US/Central,KSGF,2020-11-29 18:52:00,38.0,27.0,65.0,28.76,10.0,N,22.0,0.0,Partly Cloudy / Windy,False,False,False,False,False,False,False,False,False,False,False,False,False,Night,Night,Night,Night,Sunday
A-1917209,Source2,3,2019-09-17 10:39:39,2019-09-17 12:09:21,38.729961,-90.332802,,,0.0,Right lane blocked due to accident on I-70 Eastbound at I-170.,I-170 S,Saint Louis,St. Louis County,MO,63134,US,US/Central,KSTL,2019-09-17 10:51:00,81.0,81.0,67.0,29.49,10.0,E,5.0,0.0,Mostly Cloudy,False,False,False,False,False,False,False,False,False,False,False,False,False,Day,Day,Day,Day,Tuesday
A-2337729,Source2,3,2019-01-15 06:41:08,2019-01-15 07:10:46,38.567722,-90.393822,,,0.0,Three right lane blocked due to accident on I-44 Eastbound after Exit 278 Big Bend Blvd.,I-44 W,Saint Louis,St. Louis County,MO,63122,US,US/Central,KSTL,2019-01-15 06:51:00,30.0,24.1,92.0,30.34,6.0,NW,5.8,0.0,Light Freezing Drizzle,False,False,False,False,False,False,False,False,False,False,False,False,False,Night,Night,Day,Day,Tuesday
A-2770353,Source2,3,2018-06-19 13:57:13,2018-06-19 14:41:32,39.133247,-94.499138,,,0.0,Slow traffic and left lane closed due to accident on I-435 Southbound before Exit 57 Front St.,I-435 S,Kansas City,Jackson,MO,64120,US,US/Central,KMKC,2018-06-19 13:54:00,70.0,,84.0,29.94,4.0,SSW,9.2,0.34,Thunderstorms and Rain,False,False,False,False,False,False,False,False,False,False,False,False,False,Day,Day,Day,Day,Tuesday
A-2770275,Source2,3,2018-06-19 19:20:47,2018-06-19 20:20:23,38.52515800000001,-90.398514,,,0.0,Accident on I-270 Southbound at Exit 3 MO-30 Gravois Rd.,Gravois Rd,Saint Louis,St. Louis County,MO,63127,US,US/Central,KCPS,2018-06-19 19:24:00,75.0,,87.0,29.95,2.5,NNW,24.2,0.07,Heavy Thunderstorms and Rain,False,False,False,False,False,False,False,False,False,False,False,False,False,Day,Day,Day,Day,Tuesday
A-4416504,Source1,4,2022-06-09 07:55:01,2022-06-09 10:10:02,39.163058,-91.649237,39.163037,-91.648939,0.016,Incident on US-54 near MO-B Road closed. Take alternate route., MO-19,Martinsburg,Audrain,MO,65264,US,US/Central,KCOU,2022-06-09 07:54:00,66.0,66.0,78.0,29.13,10.0,W,3.0,0.0,Fair,False,False,False,False,False,False,False,False,False,False,False,False,False,,,,,Thursday
A-6389825,Source1,2,2021-02-08 16:34:11,2021-02-08 18:29:12.000000000,36.998167,-94.612311,36.99774,-94.611965,0.035,Incident on US-166 near I-44 Road closed. Take alternate route.,Highway 166,Joplin,Newton,MO,64804,US,US/Central,KJLN,2021-02-08 16:34:00,19.0,7.0,92.0,29.02,2.0,NNE,12.0,0.0,Wintry Mix,False,False,False,False,False,False,False,False,False,False,False,False,False,Day,Day,Day,Day,Monday
A-1609578,Source2,2,2020-01-24 04:32:53,2020-01-24 06:10:27,38.843483,-94.528976,,,0.0,Right hand shoulder blocked due to accident on I-49 Northbound at Exit 176 155th St.,E 155th St,Belton,Cass,MO,64012,US,US/Central,KOJC,2020-01-24 04:25:00,31.0,21.0,100.0,28.72,4.0,NW,14.0,0.0,Light Snow,False,False,True,True,False,False,False,False,False,False,False,False,False,Night,Night,Night,Night,Friday
A-5630619,Source1,2,2021-08-20 14:13:51,2021-08-20 15:28:59,38.41216206532281,-90.38936018900684,38.37341206532282,-90.38080018900683,2.717,Incident on I-55 near RICHARDSON RD Drive with caution.,I-55,Arnold,Jefferson,MO,63010,US,US/Central,KCPS,2021-08-20 14:53:00,88.0,88.0,65.0,29.45,10.0,SSE,10.0,0.0,Mostly Cloudy,False,False,False,False,False,False,False,False,False,False,False,False,False,Day,Day,Day,Day,Friday
A-7447816,Source1,4,2019-02-15 11:49:17,2019-02-15 12:19:15,38.98527,-93.4962,38.99232,-93.57123,4.059,Closed between MO-Y/Exit 62 and MO-23/Exit 58 - Road closed due to accident.,US-40 W,Concordia,Lafayette,MO,64020,US,US/Central,KSZL,2019-02-15 11:56:00,15.8,0.9,87.0,30.05,0.2,NE,15.0,0.1,Heavy Snow,False,False,False,False,False,False,False,False,False,False,False,False,False,Day,Day,Day,Day,Friday
A-7670286,Source1,2,2017-10-11 18:43:09,2017-10-12 00:43:09,38.61065,-90.30346,38.60855,-90.3044,0.154,At Arsenal St/Exit 284 - Accident. Left lane blocked.,I-44 W,Saint Louis,St. Louis City,MO,63139,US,US/Central,KCPS,2017-10-11 18:53:00,59.0,,75.0,30.16,10.0,WNW,3.5,,Overcast,False,False,False,False,True,False,False,False,False,False,False,False,False,Night,Day,Day,Day,Wednesday
A-4754882,Source1,4,2023-01-25 07:05:39,2023-01-25 08:20:39.000000000,38.285998,-90.755515,38.287395,-90.754289,0.117,Incident on MO-WW near LIZARD LN Road closed. Take alternate route., MO-WW,Dittmer,Jefferson,MO,63023-2612,US,US/Central,KSUS,2023-01-25 06:54:00,33.0,27.0,96.0,29.24,4.0,NNW,7.0,0.02,Light Snow,False,False,False,False,False,False,False,False,False,False,False,False,False,Night,Day,Day,Day,Wednesday
A-1266180,Source2,3,2020-11-14 11:33:16,2020-11-14 12:02:56,37.979229,-91.718765,,,0.0,Lane blocked due to accident on I-44 Westbound after Exit 189 MO-V.,I-44 E,Rolla,Phelps,MO,65401,US,US/Central,KVIH,2020-11-14 11:53:00,50.0,50.0,89.0,28.59,3.0,S,15.0,0.05,Light Rain,False,False,False,False,False,False,False,False,False,False,False,False,False,Day,Day,Day,Day,Saturday
A-5194481,Source1,2,2022-02-02 08:55:44,2022-02-02 10:10:44.000000000,37.154117,-93.41329,37.152971,-93.415453,0.143,Incident on US-60 near S FARM ROAD 103 Expect delays., W US Highway 60,Brookline,Greene,MO,65619-9495,US,US/Central,KSGF,2022-02-02 08:52:00,22.0,7.0,89.0,28.71,5.0,N,21.0,0.0,Light Freezing Rain / Windy,False,False,False,False,False,False,False,False,False,False,False,False,False,Day,Day,Day,Day,Wednesday
A-3431304,Source1,2,2016-10-31 13:46:06,2016-10-31 19:46:06,38.67154,-90.6108,38.67203,-90.61686,0.329,At Long Rd - Accident.,US-40 E,Chesterfield,St. Louis County,MO,63005,US,US/Central,KSUS,2016-10-31 13:54:00,73.0,,64.0,29.96,10.0,Variable,6.9,,Clear,False,False,False,False,True,False,False,False,False,False,False,False,False,Day,Day,Day,Day,Monday
A-4268617,Source1,2,2022-02-02 03:53:30,2022-02-02 04:40:30.000000000,38.8172,-90.495764,38.805241,-90.589524,5.115,Slow traffic on MO-370 W from MO-94/3rd St (MO-370) to I-70 (MO-370) due to accident.,MO-370 W,Saint Charles,St. Charles,MO,63301,US,US/Central,KSTL,2022-02-02 03:51:00,30.0,20.0,100.0,29.39,4.0,N,14.0,0.04,Light Snow and Sleet,False,False,False,False,False,False,False,False,False,False,False,False,False,Night,Night,Night,Night,Wednesday
A-4164740,Source1,4,2023-01-22 09:29:56,2023-01-22 10:44:56.000000000,39.871871,-94.832868,39.876101,-94.839669,0.464,Incident on I-29 near MO-DD Road closed. Take alternate route.,US-59,Savannah,Andrew,MO,64485,US,US/Central,KSTJ,2023-01-22 09:27:00,30.0,23.0,96.0,29.06,1.0,WNW,7.0,0.0,Fog,False,False,False,False,False,False,False,False,False,False,False,False,False,Day,Day,Day,Day,Sunday
A-1865899,Source2,3,2019-10-05 13:40:14,2019-10-05 14:39:45,39.26465200000001,-94.44635,,,0.0,Left lane closed due to accident on I-35 Northbound after Exit 17 MO-291.,N State Route 291,Liberty,Clay,MO,64068,US,US/Central,KGPH,2019-10-05 13:55:00,64.0,64.0,9.0,29.1,2.0,CALM,0.0,,T-Storm,False,False,False,False,False,False,False,False,False,False,False,False,False,Day,Day,Day,Day,Saturday
A-7554567,Source1,4,2018-08-29 08:00:19,2018-08-29 08:29:55,38.752052,-90.338043,38.757615,-90.338801,0.387,Closed between I-170 and Airport Rd/Exit 9 - Road closed due to accident.,I-170 N,Saint Louis,St. Louis County,MO,63134,US,US/Central,KSTL,2018-08-29 07:51:00,71.1,,96.0,30.0,9.0,SE,16.1,0.38,Light Thunderstorms and Rain,False,False,False,False,False,False,False,False,False,False,False,False,False,Day,Day,Day,Day,Wednesday
A-2959772,Source2,3,2018-03-21 08:20:09,2018-03-21 08:49:44,38.539188,-90.495705,,,0.0,Lane blocked due to accident on I-44 Eastbound after Exit 272 MO-141.,I-44 W,Valley Park,St. Louis County,MO,63088,US,US/Central,KSUS,2018-03-21 07:54:00,37.0,30.4,67.0,30.09,10.0,NW,9.2,,Scattered Clouds,False,False,False,False,False,False,False,False,False,False,False,False,False,Day,Day,Day,Day,Wednesday
A-5696450,Source1,4,2021-12-24 11:25:04,2021-12-24 13:00:07,38.129907846268985,-91.85826659158772,38.150047846268976,-91.89243659158772,2.32,Incident on MO-28 near MO-C Road closed. Take alternate route., Highway 63 S,Vienna,Maries,MO,65582-7107,US,US/Central,KVIH,2021-12-24 11:53:00,69.0,69.0,57.0,28.33,10.0,SSW,21.0,0.0,Fair / Windy,False,False,False,False,False,False,False,False,False,False,False,False,False,Day,Day,Day,Day,Friday
A-5527005,Source1,4,2021-12-05 13:14:46,2021-12-05 14:44:00.000000000,39.028347,-94.248747,39.028114,-94.253295,0.245,Incident on I-70 WB near ADAMS DAIRY PKY Take alternate route.,NE Adams Dairy Pkwy,Blue Springs,Jackson,MO,64014,US,US/Central,KLXT,2021-12-05 12:53:00,63.0,63.0,60.0,28.55,10.0,SSW,22.0,0.0,Fair / Windy,False,False,False,False,False,False,False,False,False,False,False,True,False,Day,Day,Day,Day,Sunday
A-1450992,Source2,3,2020-05-28 18:55:02,2020-05-28 20:26:18,38.56805,-90.393707,,,0.0,Two lanes blocked due to accident on I-44 Westbound at Exit 278 Big Bend Blvd.,Big Bend Rd,Saint Louis,St. Louis County,MO,63122,US,US/Central,KSTL,2020-05-28 18:51:00,73.0,73.0,71.0,29.23,8.0,E,8.0,0.0,Light Rain with Thunder,False,False,False,False,False,False,False,False,False,False,False,False,False,Day,Day,Day,Day,Thursday
A-2569998,Source2,2,2018-09-07 20:31:57,2018-09-07 21:01:29,39.689262,-92.019897,,,0.0,Lane blocked due to accident on US-36 Eastbound at Shelby 462.,Highway 36,Shelbina,Shelby,MO,63468-4456,US,US/Central,KHAE,2018-09-07 20:35:00,68.0,,94.0,30.09,7.0,NE,5.8,0.03,Drizzle,False,False,False,False,False,False,False,False,False,False,False,False,False,Night,Night,Night,Day,Friday
A-4933401,Source1,4,2022-05-05 08:10:38,2022-05-05 11:12:46,38.77235054951299,-90.34047961191968,38.75838054951299,-90.33944961191968,0.967,I-170 S is closed from I-270/Exit 10 (I-170) to Hanley Rd/Exit 9 (I-170) due to accident.,I-170,Hazelwood,St Louis,MO,63042,US,US/Central,KSTL,2022-05-05 07:59:00,54.0,54.0,90.0,29.3,3.0,E,13.0,0.02,Rain,False,False,False,False,False,False,False,False,False,False,False,False,False,Day,Day,Day,Day,Thursday
A-5355319,Source1,2,2022-01-15 11:20:15,2022-01-15 13:23:00,39.466324,-94.787739,39.480824,-94.786908,1.003,Incident on I-29 NB near MM 26 Expect long delays.,I-29 N,Platte City,Platte,MO,64079,US,US/Central,KMCI,2022-01-15 11:00:00,23.0,8.0,81.0,29.17,1.0,NNE,21.0,0.0,Light Snow / Windy,False,False,False,False,False,False,False,False,False,False,False,False,False,Day,Day,Day,Day,Saturday
A-1519871,Source2,3,2020-03-09 16:28:16,2020-03-09 17:27:53,38.858082,-94.52803,,,0.0,2 right lane blocked due to accident on I-49 Northbound at Exit 177 MO-150.,I-49 S,Kansas City,Jackson,MO,64147,US,US/Central,KOJC,2020-03-09 16:15:00,52.0,52.0,100.0,28.71,3.0,NW,22.0,0.05,T-Storm / Windy,False,False,True,False,False,False,False,False,False,False,False,True,False,Day,Day,Day,Day,Monday
A-6438469,Source1,2,2021-02-08 01:18:14,2021-02-08 02:40:17,38.940475,-94.57806,38.941051,-94.59204,0.752,Incident on I-435 WB near 103RD ST Left lane blocked.,I-435 W,Kansas City,Jackson,MO,64131,US,US/Central,KMKC,2021-02-08 01:22:00,6.0,-7.0,83.0,29.44,5.0,N,8.0,0.0,Cloudy,False,False,False,False,True,False,False,False,False,False,False,False,False,Night,Night,Night,Night,Monday
A-866924,Source3,2,2021-10-11 06:27:33,2021-10-11 07:44:36,37.182209,-93.295013,,,0.0,Accident on Campbell Ave at Sunshine St.,S Campbell Ave,Springfield,Greene,MO,65807,US,US/Central,KSGF,2021-10-11 06:06:00,67.0,67.0,84.0,28.15,10.0,S,24.0,0.0,Mostly Cloudy / Windy,False,False,False,False,False,False,False,False,False,False,False,True,False,Night,Night,Day,Day,Monday
A-2372024,Source2,2,2018-11-30 08:33:02,2018-11-30 09:02:28,37.182522,-93.317749,,,0.0,Accident on MO-13 Kansas Expy Northbound after Sunshine St.,S Kansas Expy,Springfield,Greene,MO,65807,US,US/Central,KSGF,2018-11-30 08:52:00,48.0,,93.0,29.88,0.8,ESE,8.1,,Mist,False,False,False,True,False,False,False,False,False,False,False,True,False,Day,Day,Day,Day,Friday
A-3149155,Source2,2,2017-12-24 09:10:36,2017-12-24 10:09:20,38.875816,-90.908112,,,0.0,Accident on US-61 Southbound at MO-W.,Highway W,Foristell,St. Charles,MO,63348,US,US/Central,KFYG,2017-12-24 09:15:00,24.8,,93.0,30.2,0.5,Calm,,0.24,Snow,False,False,False,False,False,False,False,False,False,False,False,False,False,Day,Day,Day,Day,Sunday
A-5395491,Source1,2,2022-02-02 07:47:32,2022-02-02 09:17:00,38.72042298298492,-94.45232748940252,38.72585298298492,-94.45740748940251,0.464,Incident on I-49 NB near J HWY Right shoulder closed.,,Peculiar,Cass,MO,64078,US,US/Central,KLXT,2022-02-02 07:53:00,15.0,-3.0,88.0,29.16,0.5,N,22.0,0.01,Snow / Windy,False,False,False,False,False,False,False,False,False,False,False,False,False,Day,Day,Day,Day,Wednesday
A-5498342,Source1,4,2021-09-21 07:06:29,2021-09-21 09:20:50.000000000,38.649103,-90.448676,38.643624,-90.44926,0.38,I-270 S is closed from Ladue Rd/Exit 13 (I-270) to I-64/US-61/US-40/Exit 12 (I-270) due to accident.,I-270 S,Saint Louis,St. Louis County,MO,63141,US,US/Central,KSTL,2021-09-21 06:51:00,66.0,66.0,90.0,29.35,6.0,NNW,8.0,0.01,Light Drizzle,False,False,False,False,False,False,False,False,False,False,False,False,False,Day,Day,Day,Day,Tuesday
A-6808063,Source1,2,2020-09-27 11:28:29,2020-09-27 12:58:00,39.073555,-94.534365,39.075642,-94.53611,0.172,Incident on I-70 WB near JACKSON AVE Left shoulder closed.,I-70 W,Kansas City,Jackson,MO,64128,US,US/Central,KMKC,2020-09-27 11:34:00,68.0,68.0,78.0,28.96,4.0,N,26.0,0.02,Thunder in the Vicinity,False,False,False,False,False,False,False,False,False,False,False,False,False,Day,Day,Day,Day,Sunday
A-4049507,Source1,4,2021-12-30 19:36:02,2021-12-30 21:01:52.000000000,38.71192574482577,-90.44787526087543,38.71756574482578,-90.44661526087545,0.396,Incident on I-270 near DORSETT RD Road closed. Take alternate route.,I-270,Maryland Heights,St Louis,MO,63043,US,US/Central,KSTL,2021-12-30 19:51:00,46.0,44.0,83.0,29.15,6.0,E,5.0,0.0,Haze,False,False,False,False,True,False,False,False,False,False,False,False,False,Night,Night,Night,Night,Thursday
A-1811781,Source2,3,2019-11-11 14:38:00,2019-11-11 15:53:49,38.64310800000001,-90.189514,,,0.0,Left lane blocked due to accident on I-70 Eastbound at Exits 249 249A 249B I-44.,Howard St,St. Louis,St. Louis City,MO,63106,US,US/Central,KCPS,2019-11-11 14:53:00,26.0,11.0,84.0,29.87,1.0,NNW,24.0,0.0,Light Snow / Windy,False,False,False,False,False,False,False,False,False,False,False,False,False,Day,Day,Day,Day,Monday
A-1287236,Source2,3,2020-10-31 16:10:19,2020-10-31 16:39:57,39.103897,-94.572037,,,0.0,Two lanes blocked due to accident on I-70 Westbound before Exit 2H Admiral Blvd.,I-70 W,Kansas City,Jackson,MO,64106,US,US/Central,KMKC,2020-10-31 15:54:00,66.0,66.0,37.0,29.15,10.0,SSW,22.0,0.0,Fair / Windy,False,False,False,False,True,False,False,False,False,False,False,False,False,Day,Day,Day,Day,Saturday
A-3428509,Source1,2,2017-01-06 17:27:59,2017-01-06 23:27:59,38.780419,-90.516969,38.78734,-90.53614,1.138,At Zumbehl Rd/Exit 227 - Accident.,I-70 W,Saint Charles,St. Charles,MO,63301,US,US/Central,KSTL,2017-01-06 17:51:00,10.9,0.2,54.0,30.47,10.0,WNW,6.9,,Scattered Clouds,False,False,False,False,False,False,False,False,False,False,False,False,False,Night,Night,Day,Day,Friday
A-523978,Source2,1,2022-08-29 07:53:01,2022-08-29 08:22:21,38.769913,-90.280113,,,0.0,Crash on Florissant Ave at Pershall Rd.,W Florissant Ave,St Louis,St Louis,MO,63136,US,US/Central,KSTL,2022-08-29 07:51:00,80.0,80.0,79.0,29.26,10.0,SW,10.0,0.0,Mostly Cloudy,False,False,False,False,False,False,False,False,False,False,False,True,False,,,,,Monday
A-3425141,Source1,4,2016-12-04 12:41:46,2016-12-04 18:41:46,38.77367,-90.41096,38.77169,-90.40919,0.1669999999999999,Closed at I-270 - Road closed due to accident.,MO-370 E,Bridgeton,St. Louis County,MO,63044,US,US/Central,KSTL,2016-12-04 12:51:00,37.9,32.1,86.0,29.97,5.0,West,8.1,0.07,Light Rain,False,False,False,False,False,False,False,False,False,False,False,False,False,Day,Day,Day,Day,Sunday
A-6429284,Source1,2,2021-02-08 19:45:27,2021-02-08 21:00:27.000000,37.217767,-93.379312,37.232499,-93.363052,1.355,Incident on I-44 EB near EXIT 72 Drive with caution.,I-44 E,Springfield,Greene,MO,65802,US,US/Central,KSGF,2021-02-08 19:52:00,22.0,10.0,96.0,28.72,3.0,N,13.0,0.0,Light Freezing Drizzle,False,False,False,False,False,False,False,False,False,False,False,False,False,Night,Night,Night,Night,Monday
A-4979820,Source1,2,2022-05-31 09:00:29,2022-05-31 11:15:00.000000000,38.936604,-94.451911,38.937076,-94.458988,0.382,Incident on I-470 WB near VIEW HIGH DR Right lane blocked. Expect delays.,I-470 W,Kansas City,Jackson,MO,64134,US,US/Central,KLXT,2022-05-31 09:02:00,65.0,65.0,100.0,28.8,1.0,NNE,6.0,0.08,Heavy T-Storm,False,False,False,False,False,False,False,False,False,False,False,False,False,Day,Day,Day,Day,Tuesday
A-1425001,Source2,3,2020-08-15 18:58:46,2020-08-15 20:13:33,38.672535,-90.449135,,,0.0,Left lane blocked due to accident on I-270 Northbound at Exit 14 MO-340 Olive Blvd.,I-270 N,Saint Louis,St. Louis County,MO,63141,US,US/Central,KSTL,2020-08-15 18:51:00,83.0,83.0,77.0,29.27,10.0,NW,7.0,0.01,Thunder,False,False,False,False,False,False,False,False,False,False,False,False,False,Day,Day,Day,Day,Saturday
A-3440261,Source1,2,2016-08-28 22:04:43,2016-08-29 04:04:43,39.07931,-94.49073,39.090316,-94.48728,0.7829999999999999,Between MO-78/23rd St/Exit 61 and 12th St/Exit 60 - Accident.,I-435 N,Kansas City,Jackson,MO,64129,US,US/Central,KMKC,2016-08-28 21:54:00,73.0,,79.0,30.11,3.0,North,10.4,0.71,Thunderstorms and Rain,False,False,False,False,False,False,False,False,False,False,False,False,False,Night,Night,Night,Night,Sunday
A-7631538,Source1,2,2018-01-11 19:46:00,2018-01-12 01:46:00,38.59802,-90.44989,38.6056,-90.45076,0.526,At MO-100/Manchester Rd/Exit 9 - Accident. Center lane blocked.,I-270 N,Saint Louis,St. Louis County,MO,63131,US,US/Central,KSTL,2018-01-11 19:48:00,26.6,12.4,93.0,29.95,7.0,NW,21.9,0.0,Light Ice Pellets,False,False,False,False,False,False,False,False,False,False,False,False,False,Night,Night,Night,Night,Thursday
A-1162574,Source2,3,2021-02-08 20:49:49,2021-02-08 21:51:04,38.603226,-90.4505,,,0.0,Right lane closed due to accident on I-270 Southbound at Exit 9 MO-100 Manchester Rd.,I-270 N,Saint Louis,St. Louis County,MO,63131,US,US/Central,KSTL,2021-02-08 20:51:00,18.0,8.0,81.0,29.56,2.0,NNE,8.0,0.01,Wintry Mix,False,False,False,False,False,False,False,False,False,False,False,False,False,Night,Night,Night,Night,Monday
A-1052820,Source2,4,2021-05-09 07:05:37,2021-05-09 08:12:29,38.793903,-90.565437,,,2.940000057220459,Lane blocked due to accident on I-70 Westbound from Zumbehl Rd to Cave Springs Rd.,I-70 W,Saint Charles,St. Charles,MO,63301,US,US/Central,KSTL,2021-05-09 07:01:00,50.0,50.0,89.0,28.98,3.0,W,6.0,0.03,T-Storm,False,False,False,False,False,False,False,False,False,False,False,False,False,Day,Day,Day,Day,Sunday
A-7629425,Source1,2,2018-01-08 06:48:40,2018-01-08 12:48:40,39.19998,-94.49275,39.184865,-94.49301,1.044,At 48th St/Exit 54 - Accident.,I-435 S,Liberty,Clay,MO,64068,US,US/Central,KGPH,2018-01-08 06:55:00,26.6,,100.0,30.13,5.0,Calm,,,Mist,False,False,False,False,True,False,False,False,False,False,False,False,False,Night,Night,Day,Day,Monday
A-7508579,Source1,4,2018-11-25 15:05:28,2018-11-25 15:34:48,39.063164,-94.37398,39.041873,-94.362681,1.591,Closed between Hidden Valley Rd and I-70/Exit 16 - Road closed due to accident. Reduced visibility expected.,Hidden Valley Rd,Independence,Jackson,MO,64057,US,US/Central,KLXT,2018-11-25 15:15:00,28.0,13.9,100.0,29.73,0.2,NNW,23.0,0.02,Light Freezing Fog,False,False,False,False,False,False,False,False,False,False,False,True,False,Day,Day,Day,Day,Sunday
A-4968044,Source1,2,2023-01-29 19:21:37,2023-01-29 21:36:39,38.767413,-90.187512,38.76444,-90.172609,0.8290000000000001,Incident on I-270 near GRAHAM RD Expect delays.,I-270 E,Saint Louis,St. Louis County,MO,63137,US,US/Central,KSTL,2023-01-29 19:29:00,25.0,15.0,88.0,29.62,4.0,N,10.0,0.01,Wintry Mix,False,False,False,False,False,False,False,False,False,False,False,False,False,Night,Night,Night,Night,Sunday
A-6043687,Source1,2,2021-10-28 15:54:30,2021-10-28 16:28:00,37.14942097646165,-93.36017489388772,37.14247097646165,-93.32398489388773,2.05,Stationary traffic on US-160 S - US-60 E - MO-13 E from US-160 (West)/MO-FF (US-160/US-60) to Kansas Expy (US-160/US-60) due to accident.,James River Fwy,Springfield,Greene,MO,65807,US,US/Central,KSGF,2021-10-28 15:52:00,47.0,40.0,97.0,28.13,3.0,NNW,20.0,0.05,Rain,False,False,False,False,False,False,False,False,False,False,False,False,False,Day,Day,Day,Day,Thursday
A-4347909,Source1,2,2022-02-01 22:28:22,2022-02-01 23:58:00,39.1340410707515,-94.49882626488449,39.1564110707515,-94.49793626488449,1.546,Incident on I-435 NB near I-70 Right lane blocked. Expect delays.,I-435,Kansas City,Jackson,MO,64120,US,US/Central,KMKC,2022-02-01 22:39:00,29.0,16.0,72.0,29.31,5.0,NNE,18.0,0.0,Light Snow,False,False,False,False,False,False,False,False,False,False,False,False,False,Night,Night,Night,Night,Tuesday
A-7122991,Source1,1,2020-03-19 07:59:05,2020-03-19 08:14:05,38.76417,-90.48283,38.76417,-90.48283,0.0,At Earth City Expy/Exit 231 - Accident.,I-70 E,Saint Charles,St. Charles,MO,63303,US,US/Central,KSUS,2020-03-19 08:01:00,59.0,59.0,96.0,29.43,6.0,SSE,3.0,0.02,Rain,False,False,False,False,False,False,False,False,False,False,False,False,False,Day,Day,Day,Day,Thursday
A-4649176,Source1,2,2022-04-21 16:47:30,2022-04-21 19:08:00,39.16045,-94.63513,39.187417,-94.619678,2.039,Stationary traffic on I-635 N - US-69 N from Horizons Pkwy/Exit 9 (I-635) to I-29/US-71/Exit 12 (I-635) due to accident.,I-635 N,Riverside,Platte,MO,64150,US,US/Central,KNKA,2022-04-21 16:54:00,73.0,73.0,41.0,29.29,10.0,E,13.0,0.0,Thunder in the Vicinity,False,False,False,False,False,False,False,False,False,False,False,False,False,Day,Day,Day,Day,Thursday
A-5118809,Source1,2,2022-12-21 21:55:30,2022-12-21 23:48:00.000000000,40.006923,-95.071972,40.07581,-95.196075,8.109,Stationary traffic on I-29 N from US-59/Exit 67 (I-29) to US-159/Exit 79 (I-29) due to accident.,I-29,Oregon,Holt,MO,64473,US,US/Central,KSTJ,2022-12-21 21:53:00,30.0,25.0,100.0,29.14,1.0,NW,5.0,0.01,Light Snow,False,False,False,False,False,False,False,False,False,False,False,False,False,Night,Night,Night,Night,Wednesday
A-3436223,Source1,4,2016-10-07 04:50:55,2016-10-07 10:50:55,38.91135,-91.70463,38.90789,-91.53672,9.031,Closed between MO-D/MO-YY/Exit 161 and MO-161/MO-J/Exit 170 - Road closed due to accident.,I-70 E,Williamsburg,Callaway,MO,63388,US,US/Central,KCOU,2016-10-07 04:54:00,63.0,,90.0,30.04,10.0,Calm,,,Scattered Clouds,False,False,False,False,False,False,False,False,False,False,False,False,False,Night,Night,Night,Night,Friday
A-7367142,Source1,4,2019-11-03 15:18:46,2019-11-03 15:47:10,38.8119,-90.93614,38.81,-90.87123,3.497,Closed at Pearce Blvd/Exit 208 - Road closed due to accident.,I-70 E,Foristell,St. Charles,MO,63348,US,US/Central,KFYG,2019-11-03 15:15:00,59.0,59.0,31.0,29.5,10.0,SSW,12.0,0.0,Fair,False,False,False,False,False,False,False,False,False,False,False,False,False,Day,Day,Day,Day,Sunday
A-2273299,Source2,2,2019-02-08 07:56:07,2019-02-08 08:55:45,38.77507,-90.329628,,,0.1700000017881393,Accident on exit ramp from I-270 Westbound at Exit 26B to Graham Rd.,I-270 W,Florissant,St. Louis County,MO,63031,US,US/Central,KSTL,2019-02-08 07:51:00,12.9,-0.9,65.0,30.67,10.0,West,11.5,,Partly Cloudy,False,False,False,False,False,False,False,False,False,False,False,False,False,Day,Day,Day,Day,Friday
A-7447825,Source1,4,2019-02-15 12:44:47,2019-02-15 13:14:08,39.01158,-94.06864,39.0165,-94.13078,3.353,Closed between MO-D/Exit 31 and MO-F/MO-H/Exit 28 - Road closed due to accident.,US-40 W,Bates City,Lafayette,MO,64011,US,US/Central,KLXT,2019-02-15 12:53:00,14.0,-2.0,88.0,30.09,0.5,NNE,16.1,0.01,Snow,False,False,False,False,False,False,False,False,False,False,False,False,False,Day,Day,Day,Day,Friday
A-2433297,Source2,3,2018-11-05 18:17:01,2018-11-05 18:46:35,38.635479,-90.40564,,,0.0,Queueing traffic and left lane closed due to accident on US-67 Lindbergh Blvd Eastbound after US-61.,S Lindbergh Blvd,Saint Louis,St. Louis County,MO,63131,US,US/Central,KSTL,2018-11-05 18:15:00,51.1,,100.0,29.66,3.0,SSE,8.1,0.0,Light Drizzle,False,False,False,False,False,False,False,False,False,False,False,True,False,Night,Night,Night,Day,Monday
A-170235,Source2,4,2016-10-21 09:30:22,2016-10-21 10:29:14,38.643169,-90.189079,,,0.01,Right hand shoulder blocked due to accident on I-44 Westbound at Exit 293 I-70.,I-70 E,Saint Louis,St. Louis City,MO,63106,US,US/Central,KCPS,2016-10-21 09:53:00,50.0,,63.0,30.28,10.0,North,8.1,,Clear,False,False,False,False,False,False,False,False,False,False,False,False,False,Day,Day,Day,Day,Friday
A-7646197,Source1,4,2017-12-11 15:20:38,2017-12-11 21:22:53,39.09269000000001,-94.59094,39.08933,-94.5915,0.234,Closed at 20th St/Exit 1 - Road closed due to accident.,I-35 S,Kansas City,Jackson,MO,64108,US,US/Central,KMKC,2017-12-11 14:54:00,54.0,,37.0,30.0,10.0,NW,16.1,,Scattered Clouds,False,False,False,False,True,False,False,False,False,False,False,False,False,Day,Day,Day,Day,Monday
A-1472989,Source2,3,2020-05-18 14:51:10,2020-05-18 15:51:56,38.639645,-90.440392,,,0.0,Right lane blocked due to accident on I-64 Westbound at Exit 26 New Ballas Rd.,S New Ballas Rd,Missouri River,St. Louis County,MO,63131,US,US/Central,KSTL,2020-05-18 14:51:00,63.0,63.0,70.0,29.16,9.0,WNW,12.0,0.0,Light Rain,False,False,False,False,False,False,False,False,False,False,False,False,False,Day,Day,Day,Day,Monday
A-4295793,Source1,4,2022-07-25 16:38:54,2022-07-25 22:03:58,39.642801,-94.038976,39.643617,-94.038992,0.056,Incident on MO-13 near MO-H Road closed. Take alternate route., E Main St,Kingston,Caldwell,MO,64650-9121,US,US/Central,KGPH,2022-07-25 16:35:00,70.0,70.0,83.0,29.21,10.0,E,7.0,,Light Drizzle,False,False,False,False,False,False,False,False,False,False,False,False,False,,,,,Monday
A-7127889,Source1,3,2020-03-21 03:11:39,2020-03-21 03:41:39,38.76417,-90.48283,38.76417,-90.48283,0.0,At Earth City Expy/Exit 231 - Accident. Two lanes blocked.,I-70 E,Saint Charles,St. Charles,MO,63303,US,US/Central,KSUS,2020-03-21 03:09:00,35.0,29.0,67.0,29.97,10.0,NNE,7.0,0.0,Cloudy,False,False,False,False,False,False,False,False,False,False,False,False,False,Night,Night,Night,Night,Saturday
A-5303256,Source1,2,2022-12-22 01:38:30,2022-12-22 03:05:00,39.02431,-94.221615,39.106499,-94.572418,19.657,Slow traffic on US-71 N - I-70 W - US-40 W from US-40/Exit 24 (I-70) to I-35/US-40/US-71/US-24/Exit 2 (I-70) due to accident.,I-70 W,Grain Valley,Jackson,MO,64029,US,US/Central,KLXT,2022-12-22 01:53:00,15.0,-5.0,88.0,28.98,6.0,NNW,28.0,0.0,Blowing Snow / Windy,False,False,False,False,False,False,False,False,False,False,False,False,False,Night,Night,Night,Night,Thursday
A-2417018,Source2,3,2018-12-27 10:49:41,2018-12-27 11:19:28,38.751324,-90.43718,,,0.0,Accident on I-270 Northbound at Exits 20A-B 20B-A 20C I-70.,DePaul Dr,Bridgeton,St. Louis County,MO,63044-2511,US,US/Central,KSTL,2018-12-27 10:51:00,51.1,,86.0,29.7,9.0,South,28.8,0.0,Light Rain,False,False,False,False,False,False,False,False,False,False,False,False,False,Day,Day,Day,Day,Thursday
A-2210746,Source2,3,2019-03-09 08:36:33,2019-03-09 09:19:52,38.542095,-90.471458,,,0.0,Two lanes blocked due to accident on I-44 Westbound near Bowles Ave.,I-44 E,Fenton,St. Louis County,MO,63026,US,US/Central,KSUS,2019-03-09 08:40:00,41.0,35.8,93.0,29.69,1.8,ENE,8.1,0.26,Thunderstorms and Rain,False,False,False,False,False,False,False,False,False,False,False,False,False,Day,Day,Day,Day,Saturday
A-5396542,Source1,2,2022-12-22 12:22:00,2022-12-22 13:39:00,39.788964,-94.205314,39.803298,-94.198955,1.046,Incident on I-35 NB near MO-BB Drive with caution.,I-35,Cameron,Caldwell,MO,64429,US,US/Central,KGPH,2022-12-22 12:15:00,-4.0,-28.0,60.0,29.48,10.0,NW,21.0,0.0,Fair / Windy,False,False,False,False,False,False,False,False,False,False,False,False,False,Day,Day,Day,Day,Thursday
A-172633,Source2,1,2016-09-12 08:13:30,2016-09-12 08:58:30,38.506905,-90.288475,,,0.0,Accident on Sherman Ave Westbound at Halsey St.,Sherman Ave,Saint Louis,St. Louis County,MO,63125,US,US/Central,KCPS,2016-09-12 07:53:00,61.0,,87.0,30.12,10.0,Calm,,,Clear,False,False,False,False,False,False,False,False,False,False,False,False,False,Day,Day,Day,Day,Monday
A-1160923,Source2,3,2021-02-09 07:19:09,2021-02-09 07:48:53,38.675415,-90.654121,,,0.0,Left lane blocked and left hand shoulder blocked due to accident on I-64 Eastbound after Exit 14 Chesterfield Airport Rd.,I-64 E,Chesterfield,St. Louis County,MO,63005,US,US/Central,KSUS,2021-02-09 06:54:00,14.0,2.0,80.0,29.83,10.0,N,9.0,0.0,N/A Precipitation,False,False,False,False,False,False,False,False,False,False,False,False,False,Day,Day,Day,Day,Tuesday
A-5267067,Source1,2,2022-12-05 08:11:32,2022-12-06 01:26:09,36.721095,-94.139991,36.720383,-94.128186,0.6559999999999999,Incident on MO-76 near VAL RD Road closed. Take alternate route., MO-76,Rocky Comfort,McDonald,MO,64861-7447,US,US/Central,KHFJ,2022-12-05 08:15:00,43.0,39.0,100.0,28.44,0.5,SSE,7.0,0.0,Fog,False,False,False,False,False,False,False,False,False,False,False,False,False,,,,,Monday
A-6276474,Source1,2,2021-05-26 15:14:30,2021-05-26 16:34:30.000000000,38.638798,-90.494049,38.638487,-90.467475,1.4340000000000002,Slow traffic on I-64 E - US-40 E - US-61 S from MO-141/Exit 22 (US-61/US-40/I-64) to I-270/Exit 25 (I-64) due to accident.,I-64 E,Chesterfield,St. Louis County,MO,63017,US,US/Central,KSUS,2021-05-26 14:54:00,86.0,86.0,38.0,29.58,6.0,NNE,5.0,0.0,Haze,False,False,False,False,False,False,False,False,False,False,False,False,False,Day,Day,Day,Day,Wednesday
A-706552,Source2,3,2022-02-17 08:29:46,2022-02-17 08:59:21,39.00436,-94.356865,,,0.0,Left lane blocked due to crash on I-470 Northbound after Exit 14 Bowlin Rd.,I-470 S,Lees Summit,Jackson,MO,64064,US,US/Central,KLXT,2022-02-17 08:24:00,20.0,4.0,92.0,29.0,0.25,N,22.0,0.01,Fog / Windy,False,False,False,False,False,False,False,False,False,False,False,False,False,Day,Day,Day,Day,Thursday
A-555490,Source2,2,2022-07-26 06:53:40,2022-07-26 07:23:20,38.781216,-90.371941,,,0.0,Crash on I-270 Eastbound after Exit 23 James S Mcdonnell Blvd.,I-270,Hazelwood,St Louis,MO,63042,US,US/Central,KSTL,2022-07-26 06:55:00,65.0,65.0,90.0,29.42,1.0,NNW,22.0,0.0,T-Storm / Windy,False,False,False,False,False,False,False,False,False,False,False,False,False,Day,Day,Day,Day,Tuesday
A-1468284,Source2,2,2020-05-13 06:26:39,2020-05-13 07:41:25,38.725044,-90.498627,,,0.0,Accident on Creve Coeur Mill Rd at Maryland Heights Expy.,Creve Coeur Mill Rd,Saint Louis,St. Louis County,MO,63146,US,US/Central,KSTL,2020-05-13 06:16:00,51.0,51.0,86.0,29.49,4.0,ESE,12.0,0.0,Light Drizzle,False,False,False,False,False,False,False,False,False,False,False,True,False,Day,Day,Day,Day,Wednesday
A-7182789,Source1,1,2020-04-17 07:31:59,2020-04-17 07:46:59,38.77667,-90.34534,38.77667,-90.34534,0.0,At I-170/Exit 26 - Accident.,I-270 W,Hazelwood,St. Louis County,MO,63042,US,US/Central,KSTL,2020-04-17 07:51:00,44.0,39.0,89.0,29.3,7.0,SE,9.0,0.06,Light Rain,False,False,False,False,True,False,False,False,False,False,False,False,False,Day,Day,Day,Day,Friday
A-1883717,Source2,3,2019-09-27 14:40:45,2019-09-27 16:40:17,38.755459,-90.458641,,,0.0,2 right lane blocked due to accident on I-70 Eastbound at MO-141.,I-70 E,Maryland Heights,St. Louis County,MO,63043,US,US/Central,KSTL,2019-09-27 14:51:00,91.0,91.0,45.0,29.11,10.0,SSW,21.0,0.0,Fair / Windy,False,False,False,False,False,False,False,False,False,False,False,False,False,Day,Day,Day,Day,Friday
A-2505109,Source2,3,2018-10-08 06:29:50,2018-10-08 06:59:34,38.944397,-94.378197,,,0.0,Accident on I-470 Westbound at Exit 9 Douglas St.,NE Douglas St,Lees Summit,Jackson,MO,64086,US,US/Central,KLXT,2018-10-08 06:30:00,66.9,,100.0,29.93,1.5,South,5.8,0.6,Heavy Rain,False,False,False,False,False,False,False,False,False,False,False,False,False,Night,Night,Day,Day,Monday
A-1405491,Source2,3,2020-07-30 09:36:21,2020-07-30 10:36:02,39.242924,-94.507668,,,0.0,Right lane closed due to accident on I-435 Westbound at Exits 49A 49B MO-152.,MO-152 E,Kansas City,Clay,MO,64119,US,US/Central,KMKC,2020-07-30 09:54:00,74.0,74.0,85.0,29.0,10.0,ENE,8.0,0.0,Cloudy,False,False,False,False,False,False,False,False,False,False,False,False,False,Day,Day,Day,Day,Thursday
A-2521446,Source2,3,2018-10-16 07:13:17,2018-10-16 07:43:00,38.64236500000001,-90.510445,,,0.0,Right hand shoulder blocked due to accident on I-64 Eastbound at Exit 22 MO-141 Woods Mill Rd.,S Woods Mill Rd,Chesterfield,St. Louis County,MO,63017,US,US/Central,KSUS,2018-10-16 06:54:00,35.1,,92.0,30.36,2.0,Calm,,,Shallow Fog,False,False,False,False,False,False,False,False,False,False,False,False,False,Day,Day,Day,Day,Tuesday
A-1357951,Source2,3,2020-10-26 15:37:41,2020-10-26 17:19:31,38.775478,-90.340782,,,0.0,Two lanes blocked due to accident on I-270 Eastbound at I-170.,I-270 E,Hazelwood,St. Louis County,MO,63042,US,US/Central,KSTL,2020-10-26 15:51:00,38.0,31.0,89.0,29.62,6.0,N,10.0,0.08,Rain,False,False,False,False,False,False,False,False,False,False,False,False,False,Day,Day,Day,Day,Monday
A-7565058,Source1,4,2018-07-26 14:38:58,2018-07-26 15:08:44,38.6385,-90.45534,38.6375,-90.45229,0.179,Ramp closed to I-270 - Road closed due to accident.,US-40 E,Saint Louis,St. Louis County,MO,63141,US,US/Central,KSTL,2018-07-26 14:35:00,82.0,,62.0,30.01,10.0,NNW,11.5,0.0,Light Thunderstorms and Rain,False,False,False,False,False,False,False,False,False,False,False,False,False,Day,Day,Day,Day,Thursday
A-7103756,Source1,3,2020-06-21 04:19:01,2020-06-21 04:49:01,38.74351,-90.39543,38.74351,-90.39543,0.0,At US-67/Lindbergh Blvd/Exit 235 - Accident. Three lanes blocked.,I-70 E,Saint Ann,St. Louis County,MO,63074,US,US/Central,KSTL,2020-06-21 04:07:00,69.0,69.0,87.0,29.26,5.0,S,10.0,0.12,T-Storm,False,False,False,False,False,False,False,False,False,False,False,False,False,Night,Night,Night,Day,Sunday
A-7598849,Source1,3,2018-04-27 16:01:33,2018-04-27 22:01:33,38.73991,-90.37023,38.73991,-90.37023,0.0,At 236 - Accident. Left lane blocked.,Mark Twain Expy,Saint Ann,St. Louis County,MO,63074,US,US/Central,KSTL,2018-04-27 15:51:00,70.0,,25.0,29.87,10.0,West,12.7,,Clear,False,False,False,False,False,False,False,False,False,False,False,False,False,Day,Day,Day,Day,Friday
A-6019168,Source1,2,2021-08-12 20:28:46,2021-08-12 22:04:46,37.158831,-93.35546,37.158082,-93.358733,0.188,Incident on W MONTCLAIR ST near S ANABRANCH BLVD Drive with caution., S Anabranch Blvd,Springfield,Greene,MO,65807-5725,US,US/Central,KSGF,2021-08-12 20:31:00,75.0,75.0,73.0,28.72,10.0,NNE,26.0,0.0,T-Storm / Windy,False,False,False,False,False,False,False,False,False,False,False,False,False,Night,Day,Day,Day,Thursday
A-1400994,Source2,3,2020-07-27 10:37:58,2020-07-27 11:52:46,38.574112,-90.233994,,,0.0,Lane blocked due to accident on I-55 Southbound at Exit 204 MO-231 Broadway.,I-55 S,Saint Louis,St. Louis City,MO,63111,US,US/Central,KCPS,2020-07-27 10:33:00,79.0,79.0,84.0,29.58,10.0,NW,16.0,0.0,Thunder,False,False,False,False,False,False,False,False,False,False,False,False,False,Day,Day,Day,Day,Monday
A-3437567,Source1,2,2016-10-19 21:34:42,2016-10-20 03:34:42,37.901973,-92.000705,37.90839,-91.98483,0.972,Between MO-J/Exit 169 and MO-D/Exit 172 - Accident.,I-44 E,Newburg,Phelps,MO,65550,US,US/Central,KVIH,2016-10-19 21:44:00,57.0,,93.0,29.99,4.0,NNE,11.5,0.33,Heavy Thunderstorms and Rain,False,False,False,False,False,False,False,False,False,False,False,False,False,Night,Night,Night,Night,Wednesday
A-632181,Source2,3,2022-05-01 19:46:03,2022-05-01 21:16:39,38.548965,-90.425652,,,0.0,Two lanes blocked due to crash on I-44 Eastbound before Exits 276 277A I-270 Exits 5A 5B.,E I44 Hwy,Saint Louis,St. Louis County,MO,63127,US,US/Central,KCPS,2022-05-01 19:53:00,68.0,68.0,32.0,29.51,10.0,W,7.0,0.0,Fair,False,False,False,False,False,False,False,False,False,False,False,False,False,Day,Day,Day,Day,Sunday
A-3147000,Source2,3,2017-12-22 13:50:22,2017-12-22 14:19:59,38.655407,-90.448257,,,0.0,Right hand shoulder blocked due to accident on I-270 Southbound at Exit 13 MO-AB.,Ladue Rd,Saint Louis,St. Louis County,MO,63141,US,US/Central,KSTL,2017-12-22 13:51:00,42.1,37.1,73.0,30.05,6.0,NW,8.1,,Haze,False,False,False,False,False,False,False,False,False,False,False,False,False,Day,Day,Day,Day,Friday
A-4521036,Source1,2,2022-11-18 15:49:00,2022-11-18 19:57:00,38.823052,-90.989156,38.809992,-90.868975,6.533,Stationary traffic on US-40 E - I-70 E from CR-F/Exit 200 (I-70) to Church St/Exit 209 (I-70) due to accident.,I-70 E,Foristell,Warren,MO,63348,US,US/Central,KFYG,2022-11-18 15:55:00,30.0,24.0,44.0,29.82,10.0,W,6.0,0.0,N/A Precipitation,False,False,False,False,False,False,False,False,False,False,False,False,False,Day,Day,Day,Day,Friday
A-3359148,Source2,2,2017-08-05 21:35:45,2017-08-05 21:49:32,39.165482,-94.598846,,,0.0,Left lane closed due to accident on MO-9 Southbound at Briarcliff Pkwy.,NW Briarcliff Pkwy,Kansas City,Clay,MO,64116,US,US/Central,KMKC,2017-08-05 21:35:00,64.9,,100.0,29.86,2.5,East,11.5,0.22,Heavy Thunderstorms and Rain,False,False,False,False,False,False,False,False,False,False,False,False,False,Night,Night,Night,Day,Saturday
A-7623583,Source1,3,2018-02-22 02:45:15,2018-02-22 08:45:15,39.13421,-94.4991,39.12714,-94.49798,0.4920000000000001,At Front St/Exit 57 - Accident.,I-435 S,Kansas City,Jackson,MO,64120,US,US/Central,KMKC,2018-02-22 02:54:00,28.9,21.9,82.0,30.45,9.0,NNE,6.9,0.0,Light Freezing Rain,False,False,False,False,False,False,False,False,False,False,False,False,False,Night,Night,Night,Night,Thursday
A-2833062,Source2,3,2018-05-18 04:33:16,2018-05-18 05:17:44,38.710907,-90.285759,,,0.0,Accident on I-70 Eastbound at Exit 241B Lucas and Hunt Rd.,Lucas and Hunt Rd,Saint Louis,St. Louis County,MO,63121,US,US/Central,KSTL,2018-05-18 04:20:00,68.0,,90.0,29.91,6.0,Calm,,0.03,Light Thunderstorms and Rain,False,False,False,False,False,False,False,False,False,False,False,False,False,Night,Night,Night,Day,Friday
A-4010117,Source1,2,2022-06-15 09:28:55,2022-06-15 10:13:55,39.184462,-94.621505,39.187417,-94.619678,0.226,Accident on MO-9/Exit 11 (I-635) from I-29/US-71/Exit 12 (I-635) to I-635 N.,I-635 N,Riverside,Platte,MO,64150,US,US/Central,KNKA,2022-06-15 09:54:00,86.0,86.0,57.0,28.99,10.0,S,21.0,0.0,Fair / Windy,False,False,False,False,False,False,False,False,False,False,False,False,False,Day,Day,Day,Day,Wednesday
A-862481,Source2,4,2021-10-13 06:59:51,2021-10-13 08:45:30,39.129925,-94.498756,,,0.0,Two lanes blocked due to accident on I-435 Northbound at Exit 57 Front St.,E Front St,Kansas City,Jackson,MO,64120,US,US/Central,KMKC,2021-10-13 06:56:00,63.0,63.0,97.0,28.94,2.0,SW,7.0,0.0,Heavy T-Storm,False,False,False,False,False,False,False,False,False,False,False,False,False,Night,Day,Day,Day,Wednesday
A-4356204,Source1,4,2022-02-23 21:26:14,2022-02-23 23:01:14,36.11734986288015,-89.76240992503278,36.16303986288015,-89.7531599250328,3.199,Incident on I-55 near US-61 Road closed. Take alternate route.,I-55,Caruthersville,Pemiscot,MO,63830,US,US/Central,KDYR,2022-02-23 21:00:00,32.0,22.0,85.0,30.02,10.0,NNE,14.0,0.0,Cloudy,False,False,False,False,False,False,False,False,False,False,False,False,False,Night,Night,Night,Night,Wednesday
A-5672517,Source1,2,2021-09-20 23:11:54,2021-09-21 00:26:54,37.254196,-93.265379,37.254182,-93.264603,0.043,Incident on E MCCLERNON ST near N GLENSTONE AVE Drive with caution., E McClernon St,Springfield,Greene,MO,65803-4419,US,US/Central,KSGF,2021-09-20 23:24:00,77.0,77.0,69.0,28.58,10.0,NNW,23.0,0.0,Thunder / Windy,True,False,False,False,False,False,False,False,False,False,False,False,False,Night,Night,Night,Night,Monday
A-821752,Source2,3,2021-11-12 16:34:00,2021-11-12 17:03:38,38.683346,-90.23848,,,0.0,Left lane blocked due to accident on I-70 Westbound at Exit 245A Shreve Ave.,Shreve Ave,Saint Louis,St. Louis City,MO,63115,US,US/Central,KSTL,2021-11-12 16:51:00,42.0,33.0,43.0,29.34,9.0,W,22.0,0.0,Light Snow / Windy,False,False,False,False,False,False,False,False,False,True,False,False,False,Day,Day,Day,Day,Friday
A-975117,Source2,2,2021-07-08 08:23:07,2021-07-08 09:24:33,38.578758,-90.327621,,,0.0,Two lanes blocked due to accident on MO-366 Watson Rd Eastbound at Trianon Parkway Dr.,Watson Rd,Saint Louis,St. Louis County,MO,63119-4409,US,US/Central,KCPS,2021-07-08 08:53:00,79.0,79.0,79.0,29.45,10.0,W,6.0,0.0,Cloudy,False,False,False,False,False,False,False,False,False,False,False,True,False,Day,Day,Day,Day,Thursday
A-2223247,Source2,3,2019-03-17 08:24:57,2019-03-17 09:09:12,38.94057100000001,-94.582306,,,0.0,Right lane blocked due to accident on I-435 Eastbound at Exit 74 Holmes Rd.,I-435 W,Kansas City,Jackson,MO,64131,US,US/Central,KMKC,2019-03-17 08:54:00,34.0,28.0,79.0,30.4,10.0,NNW,6.9,,Clear,False,False,False,False,False,False,False,False,False,False,False,False,False,Day,Day,Day,Day,Sunday
A-1415414,Source2,2,2020-08-07 07:22:33,2020-08-07 08:22:18,38.439098,-90.387375,,,0.0,Left lane blocked due to accident on MO-141 Southbound at Old Lemay Ferry Rd.,Highway 141,Arnold,Jefferson,MO,63010,US,US/Central,KCPS,2020-08-07 06:53:00,63.0,63.0,97.0,29.68,10.0,CALM,0.0,0.0,Fair,False,False,False,False,False,False,False,False,False,False,False,True,False,Day,Day,Day,Day,Friday
A-3052430,Source2,3,2018-01-08 06:47:30,2018-01-08 07:16:53,39.206512,-94.491356,,,0.0,Left lane closed due to accident on I-435 Southbound after I-35 .,I-435 N,Liberty,Clay,MO,64068,US,US/Central,KGPH,2018-01-08 06:55:00,26.6,,100.0,30.13,5.0,Calm,,,Mist,False,False,False,False,False,False,False,False,False,False,False,False,False,Night,Night,Day,Day,Monday
A-1178154,Source2,3,2021-01-27 10:23:20,2021-01-27 11:08:04,38.625076,-90.451012,,,0.0,Three lanes blocked and right hand shoulder blocked due to accident on I-270 Northbound before I-64.,I-270 N,Saint Louis,St. Louis County,MO,63131,US,US/Central,KSTL,2021-01-27 10:41:00,30.0,21.0,85.0,29.64,0.25,NNW,10.0,0.06,Heavy Snow,False,False,False,False,False,False,False,False,False,False,False,False,False,Day,Day,Day,Day,Wednesday
A-3573257,Source1,3,2017-02-22 06:47:24,2017-02-22 12:47:24,38.5048,-90.34212,38.50695,-90.34828,0.365,Ramp to I-270 Northbound - Accident.,I-255 W,Saint Louis,St. Louis County,MO,63128,US,US/Central,KCPS,2017-02-22 06:53:00,44.1,42.5,89.0,29.89,0.2,SW,3.5,,Fog,False,False,False,False,False,False,False,False,False,False,False,False,False,Day,Day,Day,Day,Wednesday
A-7707442,Source1,3,2019-04-11 18:34:09,2019-04-11 19:02:28,38.64611,-90.527664,38.64481,-90.52136,0.352,At Timberlake Manor Pky/Exit 21 - Accident.,I-64 E,Chesterfield,St. Louis County,MO,63017,US,US/Central,KSUS,2019-04-11 18:54:00,64.0,64.0,58.0,29.02,10.0,WSW,12.0,0.0,Thunder in the Vicinity,False,False,False,False,False,False,False,False,False,False,False,False,False,Day,Day,Day,Day,Thursday
A-416806,Source2,3,2017-04-19 09:59:56,2017-04-19 10:29:23,38.636448,-90.394455,,,0.01,Left lane closed due to accident on I-64 Westbound after Clayton Rd.,S 40 Dr,Saint Louis,St. Louis County,MO,63124,US,US/Central,KSTL,2017-04-19 09:51:00,77.0,,64.0,30.06,10.0,WSW,10.4,,Mostly Cloudy,False,False,False,False,False,False,False,False,False,False,False,False,False,Day,Day,Day,Day,Wednesday
A-3973019,Source1,2,2023-01-29 20:05:30,2023-01-29 22:22:30,38.797876,-90.58358,38.690041,-90.254907,19.215,Slow traffic on Mark Twain Expy - I-70 E from MO-370/Exit 224 (I-70) to Union Blvd/Exit 244A (I-70) due to accident.,I-70 E,Saint Peters,St. Charles,MO,63376,US,US/Central,KSUS,2023-01-29 19:54:00,24.0,14.0,88.0,29.78,3.0,N,9.0,0.0,N/A Precipitation,False,False,False,False,False,False,False,False,False,False,False,False,False,Night,Night,Night,Night,Sunday
A-4966708,Source1,2,2022-01-18 15:25:30,2022-01-18 17:48:33,38.638489,-90.470646,38.627858,-90.450961,1.2919999999999998,Stationary traffic on I-270 S - I-64 E - US-40 E - US-61 S from Mason Rd exit [24] to exit [9] due to accident.,I-64 W,Saint Louis,St. Louis County,MO,63141,US,US/Central,KSTL,2022-01-18 15:51:00,56.0,56.0,45.0,29.14,10.0,S,8.0,0.0,Mostly Cloudy,False,False,False,False,False,False,False,False,False,False,False,False,False,Day,Day,Day,Day,Tuesday
A-1008334,Source2,3,2021-06-11 17:11:23,2021-06-11 18:29:47,38.937637,-94.472054,,,0.0,Lane blocked due to accident on I-470 Westbound at Exit 4 Raytown Rd.,I-470 E,Kansas City,Jackson,MO,64134,US,US/Central,KLXT,2021-06-11 16:59:00,70.0,70.0,84.0,28.78,10.0,ENE,25.0,0.0,Light Rain / Windy,False,False,False,False,False,False,False,False,False,False,False,False,False,Day,Day,Day,Day,Friday
A-2258863,Source2,2,2019-02-01 08:37:22,2019-02-01 09:06:46,37.22554,-93.261421,,,0.0,Accident on I-44-BL Glenstone Ave Northbound at Division St.,E Division St,Springfield,Greene,MO,65802,US,US/Central,KSGF,2019-02-01 08:52:00,39.9,37.8,83.0,30.22,6.0,SE,3.5,,Haze,False,False,False,False,False,False,False,False,False,False,False,True,False,Day,Day,Day,Day,Friday
A-1393964,Source2,3,2020-07-21 17:02:31,2020-07-21 17:47:34,38.660748,-90.357391,,,0.0,Two lanes blocked due to accident on I-170 Southbound at Exit 2 Delmar Blvd.,Delmar Blvd,Saint Louis,St. Louis County,MO,63124,US,US/Central,KSTL,2020-07-21 16:51:00,78.0,78.0,76.0,29.29,10.0,NNE,14.0,0.0,Light Rain with Thunder,False,False,False,False,False,False,False,False,False,False,False,True,False,Day,Day,Day,Day,Tuesday
A-169549,Source2,3,2017-01-13 12:09:06,2017-01-13 12:38:23,38.672077,-90.44928,,,0.01,Right hand shoulder blocked due to accident on I-270 Northbound before MO-340 Olive Blvd.,Olive Blvd,Saint Louis,St. Louis County,MO,63141,US,US/Central,KSTL,2017-01-13 11:51:00,28.0,18.6,75.0,30.68,10.0,NE,10.4,0.01,Light Freezing Rain,False,False,False,False,False,False,False,False,False,False,False,True,False,Day,Day,Day,Day,Friday
A-6477922,Source1,2,2021-02-09 03:18:27,2021-02-09 05:57:27.000000000,37.195812,-93.445984,37.194662,-93.451474,0.312,Incident on I-44 WB near EXIT 69 Drive with caution.,I-44,Springfield,Greene,MO,65802,US,US/Central,KSGF,2021-02-09 03:26:00,17.0,5.0,92.0,28.8,6.0,N,10.0,0.0,Light Freezing Drizzle,False,False,False,False,True,False,False,False,False,False,False,False,False,Night,Night,Night,Night,Tuesday
A-2047446,Source2,3,2019-06-12 18:14:31,2019-06-12 19:31:27,38.62057100000001,-90.191338,,,0.0,Right lane blocked due to accident on I-64 Eastbound at Exit 40 6th St.,Congressman William L. Clay Sr. Bridge,Saint Louis,St. Louis City,MO,63102,US,US/Central,KCPS,2019-06-12 18:34:00,64.0,64.0,84.0,29.42,10.0,WSW,3.0,0.0,Funnel Cloud,False,False,False,False,False,False,False,False,False,False,False,False,False,Day,Day,Day,Day,Wednesday
A-7605375,Source1,4,2018-03-14 09:00:27,2018-03-14 15:00:27,38.55056,-90.42344,38.55257,-90.42003,0.231,Ramp closed to Exit 5A - Road closed due to accident.,I-44 E,Saint Louis,St. Louis County,MO,63122,US,US/Central,KSTL,2018-03-14 08:51:00,30.9,23.5,67.0,30.29,10.0,West,8.1,,Partly Cloudy,False,False,False,False,True,False,False,False,False,False,False,False,False,Day,Day,Day,Day,Wednesday
A-1314039,Source2,3,2020-09-25 07:41:42,2020-09-25 08:11:25,38.505142,-90.586075,,,0.0,Left hand shoulder blocked and left lane blocked due to accident on I-44 Eastbound after Lewis Rd.,I-44 E,Eureka,St. Louis County,MO,63025,US,US/Central,KSUS,2020-09-25 07:35:00,52.0,52.0,97.0,29.49,6.0,CALM,0.0,0.0,Shallow Fog,False,False,False,False,False,False,False,False,False,False,False,False,False,Day,Day,Day,Day,Friday
A-4681614,Source1,2,2022-08-18 15:52:50,2022-08-18 17:07:50.000000000,37.150633,-93.26091,37.150473,-93.261203,0.02,Incident on PRIMROSE ST WB near GLENSTONE AVE Drive with caution.,S Glenstone Ave,Springfield,Greene,MO,65804,US,US/Central,KSGF,2022-08-18 15:52:00,82.0,82.0,47.0,28.66,10.0,ENE,6.0,0.0,Mostly Cloudy,False,False,False,False,False,False,False,False,False,False,False,True,False,Day,Day,Day,Day,Thursday
A-3022781,Source2,3,2018-02-20 19:10:11,2018-02-20 19:39:46,38.810123,-90.874779,,,0.0,Left lane closed due to accident on I-70 Eastbound at Exit 208 Wentzville Pkwy.,Wentzville Pkwy,Wentzville,St. Charles,MO,63385,US,US/Central,KSUS,2018-02-20 18:54:00,41.0,34.7,96.0,30.08,5.0,NW,10.4,0.24,Rain,False,False,False,False,False,False,False,False,False,False,False,False,False,Night,Night,Night,Day,Tuesday
A-1161117,Source2,2,2021-02-09 06:40:16,2021-02-09 08:11:08,38.77824,-90.514061,,,0.0,Accident on I-70 Eastbound before Exit 228 MO-94 First Capitol Dr.,I-70 E,Saint Charles,St. Charles,MO,63303,US,US/Central,KSUS,2021-02-09 06:54:00,14.0,2.0,80.0,29.83,10.0,N,9.0,0.0,N/A Precipitation,False,False,False,False,False,False,False,False,False,False,False,False,False,Night,Day,Day,Day,Tuesday
A-2065321,Source2,2,2019-06-21 14:09:22,2019-06-21 16:45:17,38.743557,-90.529236,,,0.0,Left lane blocked due to accident on MO-364 at Exit 14 Upper Bottom Rd.,MO-364 E,Saint Charles,St. Charles,MO,63303,US,US/Central,KSUS,2019-06-21 14:10:00,69.0,69.0,90.0,29.54,10.0,WNW,29.0,0.0,Thunder / Windy,False,False,False,False,False,False,False,False,False,False,False,False,False,Day,Day,Day,Day,Friday
A-3426743,Source1,4,2016-12-17 03:38:20,2016-12-17 09:38:20,39.03472,-94.30874,39.038396,-94.336681,1.521,Closed between Woods Chapel Rd/Exit 18 and Little Blue Pky/Exit 17 - Road closed due to accident.,I-70 E,Blue Springs,Jackson,MO,64015,US,US/Central,KLXT,2016-12-17 03:40:00,28.9,18.6,96.0,29.63,3.0,North,12.7,0.0,Light Freezing Rain,False,False,False,False,True,False,False,False,False,False,False,False,False,Night,Night,Night,Night,Saturday
A-2197968,Source2,2,2019-03-03 13:58:30,2019-03-03 14:28:00,38.572269,-90.498871,,,0.0,Lane blocked due to accident on MO-141 Northbound at Briarhurst Dr.,State Highway 141,Ballwin,St. Louis County,MO,63021,US,US/Central,KSUS,2019-03-03 13:54:00,23.0,10.1,72.0,30.29,6.0,NNW,15.0,0.0,Haze,False,False,False,False,False,False,False,False,False,False,False,True,False,Day,Day,Day,Day,Sunday
A-7639018,Source1,3,2018-01-27 18:07:00,2018-01-28 00:07:00,38.64493,-90.52132,38.64888,-90.54137,1.116,Between Timberlake Manor Pky/Exit 21 and Chesterfield Pky/Exit 20 - Accident.,US-61 N,Chesterfield,St. Louis County,MO,63017,US,US/Central,KSUS,2018-01-27 17:54:00,41.0,,49.0,30.28,10.0,Calm,,,Clear,False,False,False,False,True,False,False,False,False,False,False,False,False,Night,Night,Day,Day,Saturday
A-2570090,Source2,3,2018-09-07 17:55:07,2018-09-07 18:24:40,39.28075,-94.419678,,,0.0,Jackknifed vehicle on I-35 both ways at Exit 20 Lightburne St.,I-35 S,Liberty,Clay,MO,64068,US,US/Central,KGPH,2018-09-07 17:55:00,68.0,,88.0,30.08,10.0,NE,4.6,,Drizzle,False,False,False,False,False,False,False,False,False,False,False,False,False,Day,Day,Day,Day,Friday
A-4552467,Source1,2,2023-01-03 13:20:53,2023-01-03 14:35:53,38.532788,-90.311551,38.53305,-90.311289,0.023,Incident on I-55 near REAVIS BARRACKS RD Expect delays.,I-55,St Louis,St Louis,MO,63125,US,US/Central,KCPS,2023-01-03 12:53:00,68.0,68.0,76.0,29.14,10.0,SSW,10.0,0.0,Fair,False,False,False,False,False,False,False,False,False,False,False,True,False,,,,,Tuesday
A-4272483,Source1,2,2022-04-30 10:18:32,2022-04-30 11:03:37,39.096275567822,-94.574807881858,39.096085567822,-94.568087881858,0.361,Accident on exit [2M] from exit [3A] to I-670 E.,I-670,Kansas City,Jackson,MO,64106,US,US/Central,KMKC,2022-04-30 09:54:00,60.0,60.0,64.0,28.84,10.0,SW,22.0,0.0,Mostly Cloudy / Windy,False,False,False,False,True,False,False,False,False,False,False,False,False,Day,Day,Day,Day,Saturday
A-5202804,Source1,2,2022-11-04 12:01:59,2022-11-04 12:46:59,38.897377,-94.293424,38.893356,-94.284449,0.557,Accident on US-50 E from Smart Rd (US-50) to MO-7 (US-50).,E US-50,Lee's Summit,Jackson,MO,64086,US,US/Central,KLXT,2022-11-04 11:53:00,49.0,45.0,97.0,28.73,7.0,NNW,10.0,0.01,Light Rain,False,False,False,False,False,False,False,False,False,False,False,False,False,,,,,Friday
A-7466033,Source1,4,2019-01-19 10:06:51,2019-01-19 10:36:41,39.17223,-94.55425,39.17388,-94.55958,0.307,Ramp closed to I-35 - Road closed due to accident.,I-35 S,Kansas City,Clay,MO,64116,US,US/Central,KMKC,2019-01-19 09:54:00,18.0,3.1,74.0,30.21,8.0,NNW,16.1,0.0,Light Snow,False,False,False,False,True,False,False,False,False,False,False,False,False,Day,Day,Day,Day,Saturday
A-5346630,Source1,2,2023-01-02 21:21:50,2023-01-02 22:36:50,37.240658,-93.286845,37.240662,-93.285485,0.075,Incident on E KEARNEY ST near N WASHINGTON AVE Expect delays., N Benton Ave,Springfield,Greene,MO,65803-3040,US,US/Central,KSGF,2023-01-02 21:24:00,62.0,62.0,86.0,28.28,6.0,S,22.0,0.38,T-Storm / Windy,False,False,False,False,False,False,False,False,False,False,False,False,False,Night,Night,Night,Night,Monday
A-7026641,Source1,1,2020-05-13 08:00:06,2020-05-13 08:15:06,38.75411,-90.45436,38.75411,-90.45436,0.0,At Earth City Expy/Exit 231 - Accident.,I-70 W,Earth City,St. Louis County,MO,63045,US,US/Central,KSTL,2020-05-13 07:51:00,51.0,51.0,89.0,29.5,3.0,ESE,12.0,0.0,Light Drizzle,False,False,False,False,True,False,False,False,False,False,False,False,False,Day,Day,Day,Day,Wednesday
A-1008332,Source2,2,2021-06-11 17:05:21,2021-06-11 18:29:48,38.92625,-94.404274,,,0.0,Right lane blocked due to accident on US-50 Westbound at Chipman Rd.,E US Highway 50,Lees Summit,Jackson,MO,64081,US,US/Central,KLXT,2021-06-11 16:59:00,70.0,70.0,84.0,28.78,10.0,ENE,25.0,0.0,Light Rain / Windy,False,False,False,False,False,False,False,False,False,False,False,False,False,Day,Day,Day,Day,Friday
A-1568968,Source2,3,2020-04-29 16:19:36,2020-04-29 17:25:45,38.485744,-90.769089,,,0.0,Right lane blocked due to accident on I-44 Eastbound at Exit 256 Osage St.,W Osage St,Pacific,Franklin,MO,63069-1128,US,US/Central,KSUS,2020-04-29 16:23:00,50.0,50.0,89.0,29.26,4.0,WNW,13.0,0.0,Light Rain,False,False,False,False,False,False,False,False,False,False,False,False,False,Day,Day,Day,Day,Wednesday
A-571294,Source2,3,2022-07-08 18:33:49,2022-07-08 19:02:57,38.569519,-90.440666,,,0.0,Two lanes blocked due to crash on I-270 Southbound after Exit 7 Big Bend Rd.,I-270 S,Saint Louis,St. Louis County,MO,63122,US,US/Central,KSTL,2022-07-08 18:36:00,89.0,,63.0,29.22,10.0,,,0.0,Thunder,False,False,False,False,False,False,False,False,False,False,False,False,False,Day,Day,Day,Day,Friday
A-5222237,Source1,2,2022-02-01 20:44:00,2022-02-01 21:49:00,37.53374934178574,-92.82270312265004,37.50743934178574,-92.84016312265004,2.0540000000000003,Stationary traffic on I-44 W from Exit 118 (I-44) to Exit 113 (I-44) due to accident.,I-44,Conway,Laclede,MO,65632,US,US/Central,KH21,2022-02-01 20:48:00,37.0,33.0,93.0,29.05,,VAR,6.0,0.13,Wintry Mix,False,False,False,False,False,False,False,False,False,False,False,False,False,Night,Night,Night,Night,Tuesday
A-2401457,Source2,3,2018-12-17 08:43:22,2018-12-17 09:12:55,38.755459,-90.458641,,,0.0,Center lane blocked due to accident on I-70 Eastbound at MO-141 Earth City Expy.,I-70 E,Maryland Heights,St. Louis County,MO,63043,US,US/Central,KSTL,2018-12-17 08:51:00,37.0,32.4,79.0,30.32,10.0,WNW,5.8,,Partly Cloudy,False,False,False,False,False,False,False,False,False,False,False,False,False,Day,Day,Day,Day,Monday
A-3568603,Source1,2,2017-03-06 20:34:53,2017-03-07 02:34:53,39.084654,-94.592519,39.08746,-94.5918,0.198,At Pennway St/Exit 1 - Accident.,W 24th St,Kansas City,Jackson,MO,64108,US,US/Central,KMKC,2017-03-06 20:21:00,54.0,,72.0,29.56,,North,,0.29,Thunderstorm,False,False,False,False,False,False,False,False,False,False,False,False,False,Night,Night,Night,Night,Monday
A-5981195,Source1,2,2021-06-25 17:58:42,2021-06-25 19:13:43,37.182453,-93.316574,37.182498,-93.316034,0.03,Incident on SUNSHINE ST near LEXINGTON AVE Drive with caution., W Sunshine St,Springfield,Greene,MO,65807-2236,US,US/Central,KSGF,2021-06-25 17:52:00,89.0,89.0,57.0,28.48,10.0,S,21.0,0.0,Partly Cloudy / Windy,False,False,False,False,False,False,False,False,True,False,False,False,False,Day,Day,Day,Day,Friday
A-2289832,Source2,2,2019-02-16 17:00:35,2019-02-16 17:30:00,38.70335,-90.269402,,,0.0,Right lane closed due to accident on Jennings Station Rd Northbound at I-70.,I-70 W,Saint Louis,St. Louis County,MO,63136,US,US/Central,KSTL,2019-02-16 16:51:00,33.1,24.9,61.0,29.97,10.0,East,10.4,,Scattered Clouds,False,False,False,False,True,False,False,False,False,False,False,False,False,Day,Day,Day,Day,Saturday
A-6017423,Source1,2,2021-04-10 14:50:45,2021-04-10 17:04:35,38.782477,-90.55859,38.782965,-90.558182,0.04,Incident on SPRING GARDENS CT near MUEGGE RD Drive with caution.,Muegge Rd,Saint Charles,St. Charles,MO,63303,US,US/Central,KSUS,2021-04-10 14:54:00,51.0,51.0,83.0,28.96,2.0,WSW,22.0,0.03,Rain / Windy,False,False,False,False,False,False,False,False,False,False,False,False,False,Day,Day,Day,Day,Saturday
A-591738,Source2,1,2022-06-16 08:59:45,2022-06-16 09:29:11,38.710323,-90.286217,,,0.0,Crash on MO-U near I-70 Exit 241B.,Lucas-Hunt Rd,St Louis,St Louis,MO,63121,US,US/Central,KSTL,2022-06-16 08:51:00,87.0,87.0,61.0,29.4,10.0,WSW,16.0,0.0,Partly Cloudy,False,False,False,False,False,False,False,False,False,False,False,True,False,,,,,Thursday
A-7438435,Source1,4,2019-02-01 01:15:18,2019-02-01 01:45:16,38.55288,-90.42205,38.55174,-90.42402,0.132,Ramp closed to I-270 - Road closed due to accident., Cragwold Rd,Saint Louis,St. Louis County,MO,63122,US,US/Central,KSTL,2019-02-01 00:51:00,28.0,22.8,75.0,30.2,10.0,East,4.6,,Overcast,False,False,False,False,False,False,False,False,False,False,False,False,False,Night,Night,Night,Night,Friday
A-7565823,Source1,2,2018-07-29 04:52:52,2018-07-29 10:52:52,39.20251,-94.49252,39.20993,-94.49079,0.521,At I-35/Exit 52 - Accident. Right lane blocked.,I-435 N,Liberty,Clay,MO,64068,US,US/Central,KGPH,2018-07-29 04:55:00,64.4,,94.0,30.04,10.0,Calm,,,Light Thunderstorms and Rain,False,False,False,False,False,False,False,False,False,False,False,False,False,Night,Night,Night,Day,Sunday
A-642237,Source2,2,2022-04-21 17:20:36,2022-04-21 18:21:37,38.98444,-92.453102,,,0.0,Lane blocked due to crash on US-40 Eastbound at Henderson Rd.,W Henderson Rd,Columbia,Boone,MO,65202,US,US/Central,KCOU,2022-04-21 17:23:00,73.0,73.0,35.0,29.24,10.0,ESE,9.0,0.0,Light Rain with Thunder,False,False,False,False,False,False,False,False,False,False,False,False,False,Day,Day,Day,Day,Thursday
A-1583513,Source2,3,2020-01-09 07:23:09,2020-01-09 09:22:45,39.048508,-94.499428,,,0.0,Right hand shoulder blocked due to accident on I-435 Northbound at Exit 63C Stadium Dr.,I-435 N,Kansas City,Jackson,MO,64129,US,US/Central,KMKC,2020-01-09 06:54:00,56.0,56.0,60.0,28.94,10.0,S,21.0,0.0,Cloudy / Windy,False,False,False,False,False,False,False,False,False,False,False,False,False,Night,Day,Day,Day,Thursday
A-1717280,Source2,3,2019-12-15 17:39:54,2019-12-15 19:09:19,38.549191,-90.425346,,,0.0,Left lane blocked due to accident on I-270 Northbound at Exit 5 / I-44.,I-44 E,Saint Louis,St. Louis County,MO,63122,US,US/Central,KSTL,2019-12-15 17:49:00,27.0,16.0,86.0,29.34,5.0,E,13.0,0.0,Light Snow and Sleet,False,False,False,False,True,False,False,False,False,False,False,False,False,Night,Night,Day,Day,Sunday
A-7621842,Source1,2,2018-02-19 08:28:45,2018-02-19 14:28:45,38.7438,-90.40004,38.74323,-90.39104,0.487,At US-67/Lindbergh Blvd/Exit 235 - Accident., Fee Fee Rd,Bridgeton,Saint Louis,MO,63044-2708,US,US/Central,KSTL,2018-02-19 08:21:00,59.0,,93.0,29.87,5.0,South,16.1,0.09,Thunderstorms and Rain,False,False,False,False,False,False,False,False,False,False,False,False,False,Day,Day,Day,Day,Monday
