ID,Source,Severity,Start_Time,End_Time,Start_Lat,Start_Lng,End_Lat,End_Lng,Distance(mi),Description,Street,City,County,State,Zipcode,Country,Timezone,Airport_Code,Weather_Timestamp,Temperature(F),Wind_Chill(F),Humidity(%),Pressure(in),Visibility(mi),Wind_Direction,Wind_Speed(mph),Precipitation(in),Weather_Condition,Amenity,Bump,Crossing,Give_Way,Junction,No_Exit,Railway,Roundabout,Station,Stop,Traffic_Calming,Traffic_Signal,Turning_Loop,Sunrise_Sunset,Civil_Twilight,Nautical_Twilight,Astronomical_Twilight,Day_Of_Week
A-927830,Source2,3,2021-08-23 06:03:23,2021-08-23 07:32:10,42.459175,-92.295937,,,1.649999976158142,Right lane blocked due to accident on I-380 Northbound between Exit 71 IA-27 and Exit 70 River Forest Rd.,I-380 S,Evansdale,Black Hawk,IA,50707,US,US/Central,KALO,2021-08-23 05:54:00,68.0,68.0,90.0,29.0,5.0,ESE,9.0,1.01,T-Storm,False,False,False,False,False,False,False,False,False,False,False,False,False,Night,Day,Day,Day,Monday
A-5978555,Source1,2,2021-10-24 13:41:30,2021-10-24 13:54:00,41.659128,-93.528791,41.657242,-93.541509,0.669,Slow traffic on I-80 W from US-65/Exit 142 (I-80) to I-235/I-35/Exit 137 (I-80) due to accident.,I-80 W,Des Moines,Polk,IA,50317,US,US/Central,KIKV,2021-10-24 13:35:00,45.0,38.0,100.0,28.71,4.0,E,14.0,0.0,Light Rain,False,False,False,False,False,False,False,False,False,False,False,False,False,Day,Day,Day,Day,Sunday
A-1031572,Source2,3,2021-05-25 16:54:07,2021-05-25 17:23:38,41.87796,-93.571182,,,0.0,Left hand shoulder blocked due to accident on I-35 Northbound at Exit 102 IA-210 330th St.,I-35 N,Cambridge,Story,IA,50046,US,US/Central,KAMW,2021-05-25 16:53:00,79.0,79.0,62.0,28.85,10.0,SSW,21.0,0.0,Partly Cloudy / Windy,False,False,False,False,False,False,False,False,False,False,False,False,False,Day,Day,Day,Day,Tuesday
A-3595282,Source1,4,2017-04-21 10:55:17,2017-04-21 17:54:31,41.68823,-93.947909,41.68829,-93.91117,1.896,Closed at CR-R22/T Ave - Road closed due to accident. Lane closed., 240th St,Dallas Center,Dallas,IA,50063-8277,US,US/Central,KPRO,2017-04-21 10:55:00,52.9,,65.0,30.16,10.0,NE,15.0,,Clear,False,False,False,False,False,False,False,False,False,False,False,False,False,Day,Day,Day,Day,Friday
A-1210470,Source2,2,2020-12-30 07:11:32,2020-12-30 09:26:02,41.523243,-93.883614,,,0.0,Restrictions due to accident on CR-F90 360th St at CR-R22.,360th St,Waukee,Dallas,IA,50263,US,US/Central,KDSM,2020-12-30 06:54:00,28.0,14.0,78.0,28.95,10.0,W,24.0,0.0,Mostly Cloudy / Windy,False,False,False,False,False,False,False,False,False,False,False,False,False,Night,Day,Day,Day,Wednesday
A-1417954,Source2,3,2020-08-10 20:02:13,2020-08-10 21:01:57,41.87796,-93.571182,,,0.0,Right lane blocked due to accident on I-35 Southbound at Exit 102 IA-210 330th St.,I-35 N,Cambridge,Story,IA,50046,US,US/Central,KAMW,2020-08-10 11:02:00,76.0,76.0,94.0,28.94,6.0,NW,17.0,0.0,Thunder,False,False,False,False,False,False,False,False,False,False,False,False,False,Day,Day,Day,Day,Monday
A-784526,Source2,3,2021-12-10 13:33:55,2021-12-10 14:18:19,41.847603,-91.666924,,,11.010000228881836,Queueing traffic and left hand shoulder blocked due to multi-vehicle accident on I-380 Northbound between Exit 4 CR-F28 Penn St and Exit 10 CR-F12 120th St.,I-380 N,Swisher,Johnson,IA,52338,US,US/Central,KCID,2021-12-10 13:50:00,39.0,30.0,87.0,28.61,6.0,E,16.0,0.01,Light Rain with Thunder,False,False,False,False,False,False,False,False,False,False,False,False,False,Day,Day,Day,Day,Friday
A-6610703,Source1,2,2020-10-01 00:15:03,2020-10-01 01:30:03,42.808002,-95.839415,42.808082,-95.819585,1.005,Incident on IA-3 NB near IA-140 Expect delays., Highway 3,Marcus,Cherokee,IA,51035,US,US/Central,KCKP,2020-10-01 00:15:00,46.0,44.0,56.0,28.77,10.0,WNW,5.0,0.0,Mostly Cloudy,False,False,False,False,False,False,False,False,False,False,False,False,False,Night,Night,Night,Night,Thursday
A-7244663,Source1,4,2020-01-31 23:31:04,2020-02-01 00:00:36,41.45038,-92.65142,41.43707,-92.65131,0.92,Closed at CR-G29/175th St - Road closed due to accident., Highway 63,New Sharon,Mahaska,IA,50207-8176,US,US/Central,KPEA,2020-01-31 23:35:00,33.0,33.0,96.0,29.09,1.0,W,3.0,0.0,Fog,False,False,False,False,False,False,False,False,False,False,False,False,False,Night,Night,Night,Night,Friday
A-729212,Source2,2,2022-01-31 06:28:26,2022-01-31 06:57:54,41.354351,-95.90081,,,0.0,Right hand shoulder blocked due to accident on I-29 Southbound at Exit 61A / I-680 .,County Hwy-988 W,Crescent,Pottawattamie,IA,51526,US,US/Central,KOMA,2022-01-31 06:52:00,28.0,19.0,78.0,28.81,10.0,SSE,9.0,0.0,Mostly Cloudy,False,False,False,False,True,False,False,False,False,False,False,False,False,Night,Night,Night,Day,Monday
A-6057998,Source1,2,2021-05-17 07:08:44,2021-05-17 08:32:32,41.487647294800354,-93.06717038110224,41.50483729480033,-93.08197038110224,1.413,Incident on IA-163 WB near IA-14 Drive with caution.,IA-163,Otley,Marion,IA,50214,US,US/Central,KPEA,2021-05-17 07:15:00,57.0,57.0,97.0,29.11,7.0,E,8.0,0.0,Light Drizzle,False,False,False,False,False,False,False,False,False,False,False,False,False,Day,Day,Day,Day,Monday
A-643308,Source2,2,2022-04-20 16:48:01,2022-04-20 17:16:51,41.630154,-93.776787,,,0.0,Left hand shoulder blocked due to crash on I-35 Northbound at Exit 126 Douglas Ave.,I-80,Urbandale,Polk,IA,50322,US,US/Central,KDSM,2022-04-20 16:54:00,46.0,42.0,100.0,28.72,3.0,S,7.0,0.0,Light Drizzle,False,False,False,False,False,False,False,False,False,False,False,False,False,Day,Day,Day,Day,Wednesday
A-702073,Source2,3,2022-02-21 19:32:40,2022-02-21 20:02:10,43.444317,-93.349663,,,9.699999809265137,Left lane blocked due to crash on I-35 Northbound from Exit 208 CR-A38 410th St to Exit 214 CR-105.,I-35 S,Northwood,Worth,IA,50459,US,US/Central,KAEL,2022-02-21 19:35:00,25.0,12.0,93.0,28.57,4.0,NNE,16.0,0.0,N/A Precipitation,False,False,False,False,False,False,False,False,False,False,False,False,False,Night,Night,Night,Night,Monday
A-6623138,Source1,2,2020-12-29 18:49:36,2020-12-29 20:04:36,41.966163,-91.670882,41.962678,-91.670889,0.241,Incident on I-380 SB near EXIT 19A Right lane blocked. Expect delays.,I-380 S,Cedar Rapids,Linn,IA,52404,US,US/Central,KCID,2020-12-29 18:48:00,27.0,11.0,86.0,29.06,0.75,SSE,29.0,0.02,Fog / Windy,False,False,False,False,False,False,False,False,False,False,False,False,False,Night,Night,Night,Night,Tuesday
A-1908704,Source2,2,2019-09-12 16:12:11,2019-09-12 16:55:47,42.025829,-91.621338,,,2.369999885559082,Slow traffic and 2-left lane blocked due to accident on IA-100 Collins Rd Westbound between Post Rd and US-151-BR 1st Ave.,1st Ave NE,Cedar Rapids,Linn,IA,52402,US,US/Central,KCID,2019-09-12 16:28:00,84.0,84.0,65.0,28.96,9.0,SSW,29.0,0.0,Thunder in the Vicinity,False,False,True,False,False,False,False,False,False,False,False,True,False,Day,Day,Day,Day,Thursday
A-1495505,Source2,2,2020-06-05 04:08:12,2020-06-05 05:08:46,41.559227,-93.776733,,,0.0,Accident on I-35 Northbound at George Mills Civic Pkwy.,Mills Civic Pkwy,West des Moines,Polk,IA,50266,US,US/Central,KDSM,2020-06-05 04:20:00,74.0,74.0,79.0,28.75,10.0,ESE,7.0,0.0,Thunder,False,False,True,False,False,False,False,False,False,False,False,True,False,Night,Night,Night,Day,Friday
A-2869655,Source2,2,2018-04-06 16:39:04,2018-04-06 17:08:31,41.614944,-93.77655,,,0.0,Accident on US-6 Hickman Rd both ways at I-80 I-35.,I-80 E,Urbandale,Polk,IA,50322,US,US/Central,KDSM,2018-04-06 16:54:00,26.1,13.1,37.0,30.27,10.0,North,17.3,,Overcast,False,False,False,False,False,False,False,False,False,False,False,False,False,Day,Day,Day,Day,Friday
A-5009100,Source1,4,2022-12-22 12:06:00,2022-12-22 13:56:12.000000000,41.565736,-93.861128,41.587031,-93.818583,2.6460000000000004,Incident on I-80 EB near SE GRAND PRAIRIE PKWY Road closed. Take alternate route.,I-80 E,Waukee,Dallas,IA,50263,US,US/Central,KDSM,2022-12-22 11:54:00,-10.0,-38.0,71.0,29.2,2.0,NW,28.0,0.0,Blowing Snow / Windy,False,False,False,False,False,False,False,False,False,False,False,False,False,Day,Day,Day,Day,Thursday
A-1165745,Source2,3,2021-02-05 13:16:41,2021-02-05 15:34:44,42.092335,-91.701546,,,0.0,Left lane blocked due to accident on I-380 Northbound at Exit 28 CR-E34 County Home Rd.,I-380 N,Cedar Rapids,Linn,IA,52411,US,US/Central,KCID,2021-02-05 12:52:00,9.0,-11.0,77.0,28.86,6.0,W,23.0,0.0,Haze / Windy,False,False,False,False,False,False,False,False,False,False,False,False,False,Day,Day,Day,Day,Friday
A-6179798,Source1,2,2021-10-24 16:02:32,2021-10-24 17:18:27,41.591678,-93.681547,41.593102,-93.665911,0.8140000000000001,Incident on I-235 EB near EXIT 5A Left lane blocked.,Polk Blvd,Des Moines,Polk,IA,50312,US,US/Central,KDSM,2021-10-24 16:02:00,47.0,41.0,97.0,28.58,2.0,ENE,15.0,0.04,Heavy T-Storm,False,False,False,False,False,False,False,False,False,False,False,False,False,Day,Day,Day,Day,Sunday
A-4858906,Source1,2,2022-12-24 07:55:15,2022-12-24 09:14:32,41.971043,-91.67378,41.967911,-91.671552,0.245,Incident on I-380 SB near EXIT 20B Right lane blocked. Expect delays.,I-380 S,Cedar Rapids,Linn,IA,52404,US,US/Central,KCID,2022-12-24 07:52:00,0.0,-26.0,83.0,29.2,2.0,WNW,29.0,0.0,Blowing Snow / Windy,False,False,False,False,False,False,False,False,False,False,False,False,False,Day,Day,Day,Day,Saturday
A-3801610,Source1,4,2023-01-19 14:55:57,2023-01-19 16:14:38,42.448071,-93.39116,42.448529,-93.424295,1.69,Incident on US-20 WB near COUNTY HWY-R77 Road closed. Take alternate route.,US-20 W,Alden,Hardin,IA,50006,US,US/Central,KIFA,2023-01-19 14:55:00,31.0,19.0,92.0,28.51,4.0,WNW,21.0,0.0,Light Snow / Windy,False,False,False,False,False,False,False,False,False,False,False,False,False,Day,Day,Day,Day,Thursday
A-1152794,Source3,3,2021-02-15 17:01:21,2021-02-15 17:46:10,41.556072,-90.522507,,,1.809999942779541,Left lane blocked due to accident on I-74 Westbound from Exit 3 Middle Rd to Exit 2 Spruce Hills Dr.,I-74 E,Bettendorf,Scott,IA,52722,US,US/Central,KMLI,2021-02-15 16:52:00,2.0,-12.0,69.0,29.63,0.5,N,8.0,0.02,Snow,False,False,False,False,False,False,False,False,False,False,False,False,False,Day,Day,Day,Day,Monday
A-1703988,Source2,3,2019-12-09 13:11:44,2019-12-09 13:41:22,41.984715,-91.664139,,,0.0,Left lane blocked due to accident on I-380 Southbound at Exit 20B 8th St.,I-380 S,Cedar Rapids,Linn,IA,52402,US,US/Central,KCID,2019-12-09 13:14:00,22.0,5.0,89.0,28.72,5.0,WNW,26.0,0.0,Cloudy / Windy,False,False,False,False,False,False,False,False,False,False,False,False,False,Day,Day,Day,Day,Monday
A-1499752,Source2,4,2020-06-09 13:39:18,2020-06-09 14:08:09,41.723537,-91.642227,,,3.2100000381469727,Queueing traffic and left lane blocked due to accident on I-380 Southbound from Exit 4 CR-F28 Penn St to Forevergreen Rd.,W Forevergreen Rd,Iowa City,Johnson,IA,52240,US,US/Central,KIOW,2020-06-09 13:40:00,70.0,70.0,100.0,28.71,0.75,NE,13.0,0.56,Heavy Rain,False,False,False,False,False,False,False,False,False,False,False,False,False,Day,Day,Day,Day,Tuesday
A-3428774,Source1,4,2017-01-10 07:40:24,2017-01-10 13:40:24,41.28899000000001,-95.403728,41.28996,-95.67026,13.837,Closed between US-59 and Treynor - Road closed due to accident., Highway 6,Oakland,Pottawattamie,IA,51560-4313,US,US/Central,KHNR,2017-01-10 07:35:00,35.6,31.7,100.0,29.38,2.0,West,4.6,,Light Rain,False,False,False,False,False,False,False,False,False,True,False,False,False,Night,Day,Day,Day,Tuesday
A-7242119,Source1,2,2020-01-29 08:11:37,2020-01-29 08:41:27,41.70281,-93.60104,41.70281,-93.60058,0.024,At US-69/S Ankeny Blvd - Accident., SW Oralabor Rd,Ankeny,Polk,IA,50023,US,US/Central,KIKV,2020-01-29 08:15:00,19.0,19.0,93.0,29.24,1.0,CALM,0.0,0.0,Fog,False,False,False,False,False,False,False,False,False,False,False,False,False,Day,Day,Day,Day,Wednesday
A-1065816,Source2,4,2021-04-28 09:21:19,2021-04-28 12:36:20,41.49723400000001,-95.221466,,,9.56999969482422,Left lane closed due to accident on I-80 Eastbound between Exit 40 US-59 Avoca Ln and Exit 46 CR-M47 505th St.,I-80 E,Walnut,Pottawattamie,IA,51577,US,US/Central,KHNR,2021-04-28 09:15:00,50.0,50.0,100.0,28.62,10.0,ENE,7.0,0.0,Mostly Cloudy,False,False,False,False,False,False,False,False,False,False,False,False,False,Day,Day,Day,Day,Wednesday
A-2564787,Source2,3,2018-09-05 07:14:16,2018-09-05 07:43:40,41.593182,-93.703468,,,0.8100000023841858,Left lane blocked due to accident on I-235 Westbound from Exit 5A 56th St to Exit 4 IA-28 63rd St.,63rd St,Des Moines,Polk,IA,50312,US,US/Central,KDSM,2018-09-05 07:10:00,72.0,,100.0,30.03,4.0,Calm,,0.04,Rain,False,False,False,False,False,False,False,False,False,False,False,False,False,Day,Day,Day,Day,Wednesday
A-1172115,Source2,2,2021-02-01 11:19:58,2021-02-01 12:06:27,41.625221,-90.567574,,,0.0,Right lane blocked due to accident on US-61 Northbound at Exit 125 CR-F51 Blackhawk Trl.,US-61 N,Eldridge,Scott,IA,52748,US,US/Central,KDVN,2021-02-01 11:17:00,30.0,20.0,82.0,29.51,6.0,WNW,13.0,0.0,Haze,False,False,False,False,False,False,False,False,False,False,False,False,False,Day,Day,Day,Day,Monday
A-3510678,Source1,4,2016-03-30 10:25:05,2016-03-30 16:25:05,41.834866,-94.362954,41.837637,-94.366849,0.277,Closed at IA-4 (South) - Road closed due to accident., Highway 141,Bagley,Guthrie,IA,50026-8531,US,US/Central,KPRO,2016-03-30 10:15:00,60.8,,48.0,29.57,10.0,North,,,Scattered Clouds,False,False,False,False,False,False,False,False,False,False,False,False,False,Day,Day,Day,Day,Wednesday
A-7615176,Source1,4,2018-02-05 16:41:58,2018-02-05 23:20:58,41.49734,-94.87113,41.49675,-94.7537,6.077000000000001,Closed between CR-N28/Exit 64 and IA-148/Exit 70 - Road closed due to accident.,I-80 E,Atlantic,Cass,IA,50022,US,US/Central,KAIO,2018-02-05 16:35:00,14.0,5.1,86.0,30.11,10.0,WNW,5.8,,Mostly Cloudy,False,False,False,False,True,False,False,False,False,False,False,False,False,Day,Day,Day,Day,Monday
A-2280355,Source2,3,2019-02-12 08:22:24,2019-02-12 09:08:00,41.691418,-93.57608,,,0.0,Left lane blocked due to accident on I-35 Southbound after Exit 90 IA-160 Oralabor Rd.,I-35 S,Ankeny,Polk,IA,50021,US,US/Central,KIKV,2019-02-12 08:15:00,23.0,9.6,93.0,29.86,4.0,WNW,16.1,,Light Snow,False,False,False,False,False,False,False,False,False,False,False,False,False,Day,Day,Day,Day,Tuesday
A-4746603,Source1,2,2022-09-10 20:46:30,2022-09-10 23:08:00,41.69273,-92.109375,41.6962,-92.192778,4.31,Stationary traffic on I-80 W from M Ave/Exit 216 (I-80) to B Ave/Exit 205 (I-80) due to accident.,I-80 W,Marengo,Iowa,IA,52301,US,US/Central,KCID,2022-09-10 20:52:00,59.0,59.0,93.0,29.17,8.0,N,12.0,0.0,Rain,False,False,False,False,False,False,False,False,False,False,False,False,False,Night,Night,Night,Day,Saturday
A-2532434,Source2,2,2018-10-20 12:15:27,2018-10-20 12:44:37,43.240685,-91.566528,,,0.0,Accident on IA-9 Eastbound at IA-51.,Apple Rd,Waukon,Allamakee,IA,52172,US,US/Central,KDEH,2018-10-20 12:15:00,39.2,28.0,42.0,30.12,10.0,NW,26.5,,Scattered Clouds,False,False,False,False,False,False,False,False,False,False,False,False,False,Day,Day,Day,Day,Saturday
A-5703710,Source1,2,2021-03-15 11:03:19,2021-03-15 12:18:20,41.59733891467287,-90.44457077936914,41.59474891467286,-90.38327077936914,3.172,Incident on I-80 EB near MIDDLE RD Expect long delays.,I-80,Bettendorf,Scott,IA,52722,US,US/Central,KMLI,2021-03-15 11:06:00,31.0,17.0,89.0,29.43,0.5,E,28.0,0.02,Snow / Windy,False,False,False,False,False,False,False,False,False,False,False,False,False,Day,Day,Day,Day,Monday
A-6224911,Source1,2,2021-06-07 09:58:44,2021-06-07 13:22:47,43.126018,-92.877072,43.126067,-92.871822,0.265,Incident on US-18 EB near COUNTY HWY-B30 Drive with caution., Rudd Park Rd,Rudd,Floyd,IA,50471,US,US/Central,KCCY,2021-06-07 09:55:00,82.0,82.0,58.0,28.67,10.0,SW,8.0,0.0,Fair,False,False,False,False,False,False,False,False,False,False,False,False,False,Day,Day,Day,Day,Monday
A-4885059,Source1,2,2023-02-22 16:31:00,2023-02-22 17:23:00,41.592487,-93.693737,41.591796,-93.671713,1.139,Slow traffic on I-235 E from IA-28/63rd St/Exit 4 (I-235) to 42nd St (I-235) due to accident., 56th St,Des Moines,Polk,IA,50312,US,US/Central,KDSM,2023-02-22 16:54:00,32.0,24.0,92.0,28.49,1.0,NE,10.0,0.01,Wintry Mix,False,False,False,False,False,False,False,False,False,False,False,False,False,Day,Day,Day,Day,Wednesday
A-536687,Source2,1,2022-08-16 05:00:12,2022-08-16 05:59:16,41.597389,-93.624527,,,0.0,Crash on 5th Ave both ways near Laurel St.,5th Ave,Des Moines,Polk,IA,50314,US,US/Central,KDSM,2022-08-16 04:54:00,65.0,65.0,93.0,29.05,10.0,ENE,3.0,0.0,Cloudy,True,False,True,False,False,False,False,False,False,True,False,False,False,Night,Night,Night,Day,Tuesday
A-5728613,Source1,4,2021-12-15 18:26:46,2021-12-15 19:46:21,41.482855,-93.780523,41.479847,-93.78052,0.208,Incident on I-35 SB near COUNTY HWY-G4R Road closed. Take alternate route.,I-35 S,Cumming,Warren,IA,50061,US,US/Central,KDSM,2021-12-15 18:29:00,55.0,55.0,74.0,28.32,2.0,WSW,36.0,0.0,Heavy T-Storm / Windy,False,False,False,False,False,False,False,False,False,False,False,False,False,Night,Night,Night,Night,Wednesday
A-7621381,Source1,4,2018-02-17 07:51:58,2018-02-17 13:51:58,43.43318,-96.191562,43.43278,-96.09613,4.788,Closed between US-75/Grant Ave and CR-K60/Indian Ave - Road closed due to accident. Roadwork.,Iowa 9 St,Rock Rapids,Lyon,IA,51246,US,US/Central,KLYV,2018-02-17 07:55:00,23.0,,93.0,29.89,10.0,Calm,,0.01,Overcast,False,False,False,False,False,False,False,False,False,False,False,False,False,Day,Day,Day,Day,Saturday
A-2763982,Source2,3,2018-06-15 17:24:11,2018-06-15 17:52:53,41.596104,-93.635056,,,0.0,Left lane blocked due to accident on I-235 Westbound near Keosauqua Way.,I-235 W,Des Moines,Polk,IA,50314,US,US/Central,KDSM,2018-06-15 16:54:00,91.9,,52.0,29.75,10.0,South,15.0,,Partly Cloudy,False,False,False,False,False,False,False,False,False,False,False,False,False,Day,Day,Day,Day,Friday
A-6547683,Source1,2,2021-02-05 13:07:30,2021-02-05 17:34:00,42.08489,-91.7012,42.096655,-91.701494,0.813,Slow traffic on IA-27 N - I-380 N from Boyson Rd/Exit 25 (I-380) to CR-E34/Exit 28 (I-380) due to accident.,I-380 N,Cedar Rapids,Linn,IA,52411,US,US/Central,KCID,2021-02-05 12:52:00,9.0,-11.0,77.0,28.86,6.0,W,23.0,0.0,Haze / Windy,False,False,False,False,False,False,False,False,False,False,False,False,False,Day,Day,Day,Day,Friday
A-3428621,Source1,4,2017-01-09 08:07:44,2017-01-09 14:07:44,41.59242,-93.68843,41.59336,-93.7071,0.967,Closed between 42nd St/Exit 5B and IA-28/1st St/63rd St/Exit 4 - Road closed due to accident.,I-235 W,Des Moines,Polk,IA,50311,US,US/Central,KDSM,2017-01-09 07:54:00,16.0,7.4,77.0,30.24,10.0,NNW,5.8,,Overcast,False,False,False,False,False,False,False,False,False,False,False,False,False,Day,Day,Day,Day,Monday
A-753604,Source2,3,2022-01-08 20:46:22,2022-01-08 21:16:02,41.59056500000001,-90.676651,,,0.0,Lane blocked due to accident on I-280 Westbound at Exit 1 US-6 200th St.,US-6 E,Davenport,Scott,IA,52804,US,US/Central,KDVN,2022-01-08 20:52:00,30.0,30.0,92.0,29.16,1.0,CALM,0.0,0.01,Wintry Mix,False,False,False,False,False,False,False,False,False,False,False,False,False,Night,Night,Night,Night,Saturday
A-1923211,Source2,3,2019-08-20 05:49:44,2019-08-20 08:51:37,41.592106,-93.794159,,,1.2599999904632568,Left lane blocked due to accident on I-80 Eastbound from Exit 121 Jordan Creek Pkwy to Exit 122 60th St.,I-80 E,West des Moines,Dallas,IA,50266,US,US/Central,KDSM,2019-08-20 05:46:00,69.0,69.0,93.0,29.0,0.5,NNW,23.0,1.5,Heavy T-Storm / Windy,False,False,False,False,False,False,False,False,False,False,False,False,False,Night,Night,Day,Day,Tuesday
A-6501998,Source1,4,2021-01-14 15:08:09,2021-01-14 16:44:12,42.463005,-92.761141,42.462935,-92.774401,0.6759999999999999,Incident on US-20 WB near COUNTY HWY-T55 Road closed. Take alternate route.,US-20 W,Dike,Grundy,IA,50624,US,US/Central,KALO,2021-01-14 14:54:00,35.0,27.0,89.0,28.48,6.0,WNW,10.0,0.03,Wintry Mix,False,False,False,False,False,False,False,False,False,False,False,False,False,Day,Day,Day,Day,Thursday
A-5212294,Source1,2,2022-12-24 03:13:21,2022-12-24 04:47:56.000000000,42.25832,-92.347703,42.243404,-92.347559,1.031,Incident on IA-21 SB near IA-8 Road closed. Take alternate route., IA-21,Dysart,Tama,IA,52224,US,US/Central,KVTI,2022-12-24 03:15:00,3.0,-20.0,78.0,29.17,2.0,WNW,25.0,0.0,Haze / Windy,False,False,False,False,False,False,False,False,False,False,False,False,False,Night,Night,Night,Night,Saturday
A-5732181,Source1,2,2021-07-02 14:27:20,2021-07-02 16:27:03.000000000,42.613253,-92.337592,42.614232,-92.337581,0.068,Incident on US-63 NB near COUNTY HWY-C66 Road closed. Take alternate route., Logan Ave,Waterloo,Black Hawk,IA,50703,US,US/Central,KALO,2021-07-02 14:54:00,85.0,85.0,44.0,29.14,10.0,NNE,14.0,0.0,Partly Cloudy,False,False,False,False,False,False,False,False,False,False,False,False,False,Day,Day,Day,Day,Friday
A-5865885,Source1,2,2021-12-15 16:51:00,2021-12-15 17:40:30,41.497710943024174,-95.3430140013917,41.49855094302416,-95.4360040013917,4.813,Slow traffic on I-80 W from US-59 (I-80) to 385th St (I-80) due to accident.,I-80,Avoca,Pottawattamie,IA,51521,US,US/Central,KHNR,2021-12-15 16:55:00,52.0,52.0,100.0,27.93,0.25,S,30.0,0.29,Fog / Windy,False,False,False,False,False,False,False,False,False,False,False,False,False,Day,Day,Day,Day,Wednesday
A-6434420,Source1,4,2021-01-24 22:44:57,2021-01-24 23:59:57,41.497948,-95.551584,41.498567,-95.540289,0.586,Incident on I-80 EB near COUNTY HWY-G30 Road closed. Take alternate route.,I-80 E,Minden,Pottawattamie,IA,51553,US,US/Central,KHNR,2021-01-24 22:35:00,21.0,11.0,93.0,28.72,10.0,NE,9.0,0.0,Mostly Cloudy,False,False,False,False,False,False,False,False,False,False,False,False,False,Night,Night,Night,Night,Sunday
A-3390671,Source2,3,2017-08-21 12:24:50,2017-08-21 17:10:48,41.499653,-94.213707,,,0.0,Lane blocked and queueing traffic due to accident on I-80 Eastbound at Exit 97 County Hwy-P48 Adair Madison Ave.,I-80 E,Dexter,Madison,IA,50070,US,US/Central,KPRO,2017-08-21 12:15:00,68.9,,95.0,30.0,7.0,SSW,11.5,0.02,Light Rain,False,False,False,False,False,False,False,False,False,False,False,False,False,Day,Day,Day,Day,Monday
A-1767574,Source2,2,2019-10-21 06:55:53,2019-10-21 07:55:40,41.627853,-93.697792,,,0.0,Accident on US-6 Merle Hay Rd Northbound at Ovid Ave.,Merle Hay Rd,Des Moines,Polk,IA,50310-1245,US,US/Central,KIKV,2019-10-21 06:55:00,54.0,54.0,100.0,28.38,2.0,VAR,6.0,0.26,Heavy Rain,False,False,False,False,False,False,False,False,False,False,False,False,False,Night,Night,Day,Day,Monday
A-4478183,Source1,4,2022-04-23 19:32:38,2022-04-23 20:53:34,41.47751927356016,-93.78050923302756,41.42435927356016,-93.78044923302755,3.673,Incident on I-35 SB near IA-92 Road closed. Take alternate route.,I-35,Cumming,Warren,IA,50061,US,US/Central,KDSM,2022-04-23 19:31:00,61.0,61.0,83.0,28.61,2.0,SW,25.0,0.06,Heavy T-Storm / Windy,False,False,False,False,False,False,False,False,False,False,False,False,False,Day,Day,Day,Day,Saturday
A-7615124,Source1,2,2018-02-05 12:23:57,2018-02-05 18:23:57,41.68721,-92.00196,41.68724,-92.01278,0.5579999999999999,At IA-149/CR-V77/Exit 220 - Accident. Right lane blocked.,I-80 W,Williamsburg,Iowa,IA,52361,US,US/Central,KCID,2018-02-05 12:24:00,10.9,-1.8,81.0,30.14,0.2,South,9.2,0.01,Heavy Snow,False,False,False,False,False,False,False,False,False,False,False,False,False,Day,Day,Day,Day,Monday
A-4995602,Source1,4,2022-11-15 06:07:22,2022-11-15 07:26:12.000000000,41.23312,-92.554517,41.221906,-92.537674,1.169,Incident on IA-23 SB near COUNTY HWY-T67 Road closed. Take alternate route., S 17th St,Oskaloosa,Mahaska,IA,52577,US,US/Central,KOOA,2022-11-15 06:15:00,32.0,32.0,100.0,29.29,1.0,CALM,0.0,0.01,Mostly Cloudy,False,False,False,False,False,False,False,False,False,False,False,False,False,Night,Night,Day,Day,Tuesday
A-3510694,Source1,4,2016-04-02 16:02:12,2016-04-02 22:02:12,41.99622100000001,-90.548288,41.992559,-90.529972,0.974,Closed at De Witt - Road closed due to accident., Highway 136,Charlotte,Clinton,IA,52731-9642,US,US/Central,KCWI,2016-04-02 15:56:00,39.9,28.2,40.0,29.96,10.0,NW,31.1,,Mostly Cloudy,False,False,False,False,False,False,False,False,False,False,False,False,False,Day,Day,Day,Day,Saturday
A-1326482,Source2,3,2020-10-05 10:27:13,2020-10-05 14:17:08,43.432709,-96.018089,,,12.600000381469728,Earlier accident on IA-9 both ways between CR-K60 Indian Ave and CR-L14 Jefferson Ave. All lanes have been re-opened.,Iowa 9 St,George,Lyon,IA,51237,US,US/Central,KSHL,2020-10-05 10:35:00,57.0,57.0,55.0,28.33,10.0,SSW,24.0,0.0,Fair / Windy,False,False,False,False,False,False,False,False,False,False,False,False,False,Day,Day,Day,Day,Monday
A-1689000,Source2,3,2019-12-02 16:57:13,2019-12-02 17:56:35,41.557961,-93.775879,,,0.8500000238418579,Exit ramp from I-35 Northbound at Exit 70 to George Mills Civic Pkwy lane blocked due to accident.,I-35 N,West des Moines,Polk,IA,50265,US,US/Central,KDSM,2019-12-02 16:54:00,32.0,26.0,66.0,29.05,10.0,S,6.0,0.0,Mostly Cloudy,False,False,False,False,False,False,False,False,False,False,False,False,False,Night,Day,Day,Day,Monday
A-6685754,Source1,2,2020-12-24 06:14:30,2020-12-24 07:36:30,42.984448,-93.342193,43.062238,-93.342503,5.375,Slow traffic on I-35 N from 150th St/Exit 182 (I-35) to CR-B43/Exit 188 (I-35) due to accident.,I-35 N,Swaledale,Cerro Gordo,IA,50477,US,US/Central,KMCW,2020-12-24 05:53:00,-2.0,-25.0,66.0,28.57,10.0,NW,21.0,0.0,Fair / Windy,False,False,False,False,False,False,False,False,False,False,False,False,False,Night,Night,Night,Day,Thursday
A-6599074,Source1,2,2020-11-15 08:22:30,2020-11-15 09:20:00,41.584522,-90.367579,41.594724,-90.380886,0.985,Slow traffic on I-80 W from IA--IL State Border (I-80) to Middle Rd/Exit 301 (I-80) due to accident.,I-80 W,Le Claire,Scott,IA,52753,US,US/Central,KDVN,2020-11-15 08:35:00,39.0,27.0,70.0,28.85,10.0,W,32.0,0.0,Mostly Cloudy / Windy,False,False,False,False,False,False,False,False,False,False,False,False,False,Day,Day,Day,Day,Sunday
A-5728910,Source1,2,2021-04-10 12:15:30,2021-04-10 14:23:00,41.632989,-90.90466,41.632879,-90.878906,1.33,Slow traffic on I-80 E - US-6 E from Yankee Ave/Exit 277 (I-80) to CR-Y30/Exit 280 (I-80) due to accident.,I-80 E,Durant,Cedar,IA,52747,US,US/Central,KDVN,2021-04-10 12:16:00,47.0,39.0,93.0,28.75,1.0,N,22.0,0.13,Heavy Rain / Windy,False,False,False,False,False,False,False,False,False,False,False,False,False,Day,Day,Day,Day,Saturday
A-533025,Source3,1,2022-08-19 06:59:27,2022-08-19 07:29:07,41.356892,-91.153427,,,0.0,Right lane blocked due to crash on IA-92 Southbound at CR-G38 Fruitland Rd.,Fruitland Rd,Muscatine,Muscatine,IA,52761,US,US/Central,KMUT,2022-08-19 06:55:00,64.0,64.0,100.0,29.35,9.0,S,6.0,0.0,Mostly Cloudy,False,False,False,False,False,False,False,False,False,False,False,False,False,Day,Day,Day,Day,Friday
A-6705426,Source1,2,2020-10-25 13:30:25,2020-10-25 14:45:25,41.497131,-95.209826,41.497571,-95.123376,4.474,Incident on I-80 EB near COUNTY HWY-M47 Expect delays.,I-80 E,Walnut,Pottawattamie,IA,51577,US,US/Central,KHNR,2020-10-25 13:35:00,30.0,19.0,86.0,28.93,9.0,NNE,15.0,0.0,N/A Precipitation,False,False,False,False,False,False,False,False,False,False,False,False,False,Day,Day,Day,Day,Sunday
A-2115106,Source2,3,2019-05-21 18:23:33,2019-05-21 19:40:30,41.59248,-93.690399,,,1.309999942779541,Right lane blocked due to accident on I-235 Westbound between Exit 5B Center St and Exit 5A 56th St.,I-235 W,Des Moines,Polk,IA,50311,US,US/Central,KDSM,2019-05-21 18:23:00,50.0,50.0,96.0,28.6,3.0,ESE,16.0,0.14,Rain,False,False,False,False,False,False,False,False,False,False,False,False,False,Day,Day,Day,Day,Tuesday
A-3624591,Source1,4,2017-06-14 05:26:40,2017-06-14 11:26:40,41.65127,-93.76843,41.649341,-93.773629,0.3,Closed at IA-141/Exit 127 - Road closed due to accident.,I-80 W,Urbandale,Polk,IA,50322,US,US/Central,KDSM,2017-06-14 05:54:00,66.9,,90.0,29.75,10.0,ENE,5.8,0.02,Overcast,False,False,False,False,False,False,False,False,False,False,False,False,False,Night,Day,Day,Day,Wednesday
A-4014318,Source1,4,2022-04-12 08:22:49,2022-04-12 09:41:10,42.47553706148873,-96.32416605903472,42.475647061488736,-96.3239760590347,0.012,Incident on US-20 WB near MORNINGSIDE AVE Road closed. Take alternate route.,Highway 20,Sioux City,Woodbury,IA,51106,US,US/Central,KSUX,2022-04-12 08:42:00,54.0,54.0,51.0,28.35,10.0,ESE,25.0,0.0,Cloudy / Windy,False,False,False,False,False,False,False,False,False,False,False,False,False,Day,Day,Day,Day,Tuesday
A-868490,Source2,3,2021-10-08 05:52:06,2021-10-08 06:21:35,41.981262,-91.66732,,,0.0,Left lane blocked due to accident on I-380 Southbound at Exit 19C Ave.,4th St NE,Cedar Rapids,Linn,IA,52401,US,US/Central,KCID,2021-10-08 05:52:00,62.0,62.0,100.0,29.08,1.0,SE,3.0,0.42,Heavy Rain,False,False,False,False,False,False,False,False,False,False,False,False,False,Night,Night,Night,Day,Friday
A-2345651,Source2,2,2019-01-18 17:38:57,2019-01-18 18:08:41,41.58271,-93.703415,,,0.0,Slow traffic due to accident on Grand Ave at IA-28 1st St.,63rd St,Des Moines,Polk,IA,50312,US,US/Central,KDSM,2019-01-18 17:54:00,23.0,11.1,96.0,30.03,0.5,NNE,12.7,0.11,Snow,False,False,True,False,False,False,False,False,False,False,False,True,False,Night,Day,Day,Day,Friday
A-5103278,Source1,2,2022-05-14 15:29:03,2022-05-14 16:48:21,43.121182,-92.738536,43.122474,-92.740221,0.123,Incident on US-18 WB near COUNTY HWY-T38 Drive with caution., Monroe St,Floyd,Floyd,IA,50435,US,US/Central,KCCY,2022-05-14 15:35:00,81.0,81.0,24.0,28.68,10.0,WSW,14.0,0.0,Partly Cloudy,False,False,False,False,False,False,False,False,False,False,False,True,False,Day,Day,Day,Day,Saturday
A-6434882,Source1,2,2021-02-05 02:27:53,2021-02-05 03:42:53,41.926885,-91.643732,41.926935,-91.650312,0.338,Incident on US-30 WB near COUNTY HWY-W8E Left lane blocked.,US-30 W,Cedar Rapids,Linn,IA,52404,US,US/Central,KCID,2021-02-05 02:52:00,8.0,-10.0,80.0,28.76,4.0,W,16.0,0.0,Haze,False,False,False,False,False,False,False,False,False,False,False,False,False,Night,Night,Night,Night,Friday
A-6622927,Source1,2,2020-11-23 18:29:55,2020-11-23 19:44:56,42.462726,-92.76084,42.462196,-92.639,6.21,Incident on US-20 EB near IA-14 Road closed. Take alternate route.,US-20 E,Holland,Grundy,IA,50642,US,US/Central,KMIW,2020-11-23 18:38:00,34.0,26.0,92.0,29.16,10.0,S,10.0,0.0,Cloudy,False,False,False,False,False,False,False,False,False,False,False,False,False,Night,Night,Night,Night,Monday
A-1792946,Source2,3,2019-11-01 16:29:27,2019-11-01 16:58:40,41.629593,-93.777054,,,2.390000104904175,Left lane blocked due to accident on I-80 Southbound from Exit 127 IA-141 to Exit 126 Douglas Ave.,Douglas Ave,Urbandale,Polk,IA,50323,US,US/Central,KDSM,2019-11-01 16:20:00,40.0,33.0,89.0,29.14,10.0,WSW,10.0,0.01,Cloudy,False,False,False,False,False,False,False,False,False,False,False,False,False,Day,Day,Day,Day,Friday
A-2770441,Source2,3,2018-06-19 16:08:39,2018-06-19 16:38:02,41.53035,-90.514732,,,1.2000000476837158,Queueing traffic and right lane blocked due to accident on I-74 Eastbound between Exit 3 Middle Rd and Exit 4 14th St.,I-74 E,Bettendorf,Scott,IA,52722,US,US/Central,KMLI,2018-06-19 15:52:00,75.9,,94.0,29.86,8.0,Calm,,0.03,Light Rain,False,False,False,False,False,False,False,False,False,False,False,False,False,Day,Day,Day,Day,Tuesday
A-5112126,Source1,2,2022-11-04 09:11:30,2022-11-04 09:37:00.000000000,41.64744258,-93.57552409,41.65836258,-93.57552409,0.755,Stationary traffic on I-35 N - I-235 E from US-6/Euclid Ave (I-235) to I-80/I-35/Exit 87 (I-235) due to accident.,I-235,Des Moines,Polk,IA,50317,US,US/Central,KIKV,2022-11-04 09:15:00,41.0,35.0,93.0,28.94,8.0,NNW,9.0,0.0,Light Rain,False,False,False,False,False,False,False,False,False,False,False,False,False,Day,Day,Day,Day,Friday
A-3943319,Source1,2,2022-01-24 12:11:06,2022-01-24 14:32:54.000000000,42.51451,-93.636924,42.499997,-93.636783,1.003,Incident on US-69 SB near US-20 Drive with caution., Little Wall Lake Rd,Blairsburg,Hamilton,IA,50034-7505,US,US/Central,KEBS,2022-01-24 12:15:00,12.0,-8.0,85.0,28.68,7.0,NNW,25.0,0.0,Cloudy / Windy,False,False,False,False,False,False,False,False,False,False,False,False,False,Day,Day,Day,Day,Monday
