ID,Source,Severity,Start_Time,End_Time,Start_Lat,Start_Lng,End_Lat,End_Lng,Distance(mi),Description,Street,City,County,State,Zipcode,Country,Timezone,Airport_Code,Weather_Timestamp,Temperature(F),Wind_Chill(F),Humidity(%),Pressure(in),Visibility(mi),Wind_Direction,Wind_Speed(mph),Precipitation(in),Weather_Condition,Amenity,Bump,Crossing,Give_Way,Junction,No_Exit,Railway,Roundabout,Station,Stop,Traffic_Calming,Traffic_Signal,Turning_Loop,Sunrise_Sunset,Civil_Twilight,Nautical_Twilight,Astronomical_Twilight,Day_Of_Week
A-7529445,Source1,4,2018-09-04 16:29:53,2018-09-04 16:59:53,42.66494,-71.19452,42.66494,-71.19375,0.039,Ramp closed to Exit 44B - Road closed due to accident.,I-93 N,Andover,Essex,MA,01810,US,US/Eastern,KLWM,2018-09-04 16:54:00,84.0,,53.0,30.21,10.0,SE,9.2,,Scattered Clouds,False,False,False,False,True,False,False,False,False,False,False,False,False,Day,Day,Day,Day,Tuesday
A-1446339,Source2,3,2020-05-25 05:32:29,2020-05-25 07:19:52,42.092587,-71.224579,,,0.0,Accident on I-95 Southbound at Mechanic St.,I-95 S,Sharon,Norfolk,MA,02067,US,US/Eastern,KOWD,2020-05-25 05:25:00,50.0,50.0,89.0,30.22,2.0,VAR,5.0,0.0,Fog,False,False,False,False,False,False,False,False,False,False,False,False,False,Day,Day,Day,Day,Monday
A-2169674,Source2,3,2019-04-16 07:17:20,2019-04-16 08:37:44,42.412102,-71.103973,,,0.0,Accident on I-93 Southbound at MA-16 Mystic Valley Pkwy.,I-93 S,Medford,Middlesex,MA,02155,US,US/Eastern,KBOS,2019-04-16 06:54:00,43.0,34.0,47.0,29.75,10.0,WNW,24.0,0.0,Fair / Windy,False,False,False,False,False,False,False,False,False,False,False,False,False,Day,Day,Day,Day,Tuesday
A-1742047,Source2,2,2019-10-09 09:39:51,2019-10-09 10:55:56,42.36261,-71.055038,,,0.0,Accident on MA-1A Sumner Tunnel Southbound at I-93.,William F McClellan Hwy S,Boston,Suffolk,MA,02109,US,US/Eastern,KBOS,2019-10-09 09:54:00,60.0,60.0,64.0,30.31,10.0,NNE,21.0,0.0,Cloudy / Windy,True,False,False,False,True,False,False,False,False,False,False,False,False,Day,Day,Day,Day,Wednesday
A-626209,Source2,1,2022-05-11 09:38:36,2022-05-11 10:08:21,41.65609,-70.25733199999999,,,0.0,Crash on MA-28 Main St at Rosemary Ln.,Route 28,West Yarmouth,Barnstable,MA,02673-4601,US,US/Eastern,KHYA,2022-05-11 09:56:00,48.0,43.0,93.0,30.25,1.0,N,13.0,0.0,Fog,False,False,False,False,False,False,False,False,False,False,False,False,False,Day,Day,Day,Day,Wednesday
A-220827,Source2,3,2016-07-31 12:38:05,2016-07-31 13:53:05,42.155952,-71.96350100000002,,,0.0,Multi-vehicle accident and incident on I-90 Eastbound at I-90 center depot rd.,I-90 W,Charlton,Worcester,MA,01507,US,US/Eastern,KORH,2016-07-31 12:40:00,64.9,,97.0,30.14,1.8,NNE,6.9,0.01,Overcast,False,False,False,False,False,False,False,False,False,False,False,False,False,Day,Day,Day,Day,Sunday
A-4522681,Source1,4,2023-01-01 14:12:31,2023-01-01 15:27:31.000000000,42.601531,-71.358449,42.602931,-71.353939,0.249,Incident on I-495 NB near EXIT 88 Road closed. Take alternate route.,I-495 N,Chelmsford,Middlesex,MA,01824,US,US/Eastern,KBED,2023-01-01 13:51:00,53.0,53.0,52.0,29.66,10.0,WNW,10.0,0.0,Fair,False,False,False,False,False,False,False,False,False,False,False,False,False,Day,Day,Day,Day,Sunday
A-2304229,Source2,3,2019-02-25 07:40:15,2019-02-25 08:08:43,42.368965,-71.064491,,,0.0,Left lane blocked due to accident on I-93 Southbound at US-1.,Leonard P Zakim Bunker Hill Memorial Brg,Charlestown,Suffolk,MA,02129,US,US/Eastern,KBOS,2019-02-25 07:54:00,37.0,27.0,46.0,29.44,10.0,WNW,18.4,,Mostly Cloudy,False,False,False,False,False,False,False,False,False,False,False,False,False,Day,Day,Day,Day,Monday
A-7581081,Source1,4,2018-05-10 05:49:18,2018-05-10 11:49:18,41.734044,-71.198736,41.75297,-71.22143,1.755,At US-6/Exit 3 - Multi-vehicle accident involving vehicle.,I-195 W,Swansea,Bristol,MA,02777,US,US/Eastern,KTAN,2018-05-10 05:48:00,51.8,,94.0,30.04,5.0,Calm,,,Overcast,False,False,False,False,False,False,False,False,False,False,False,False,False,Day,Day,Day,Day,Thursday
A-7183894,Source1,2,2020-04-18 08:22:20,2020-04-18 09:37:20,42.62185,-71.17713,42.62185,-71.17713,0.0,At RT-125/Ballardvale St/Exit 41 - Accident.,I-93 S,Andover,Essex,MA,01810,US,US/Eastern,KLWM,2020-04-18 08:43:00,33.0,27.0,96.0,29.7,0.75,NNE,7.0,0.04,Light Snow,False,False,False,False,False,False,False,False,False,False,False,False,False,Day,Day,Day,Day,Saturday
A-2348450,Source2,3,2019-01-21 16:18:10,2019-01-21 16:47:57,42.309521,-71.43604300000001,,,0.0,Accident on I-90 Westbound at Edgell Rd.,I-90 E,Framingham,Middlesex,MA,01701,US,US/Eastern,KBED,2019-01-21 16:02:00,3.9,-16.6,53.0,29.87,4.0,NW,19.6,,Blowing Snow,False,False,False,False,False,False,False,False,False,False,False,False,False,Day,Day,Day,Day,Monday
A-6317801,Source1,2,2021-12-18 05:37:45,2021-12-18 06:52:45,42.13906400000001,-72.028863,42.14194000000001,-72.021689,0.418,Incident on I-90 EB near EXIT 80 Expect long delays.,I-90 E,Charlton,Worcester,MA,01507,US,US/Eastern,KORH,2021-12-18 05:54:00,36.0,31.0,62.0,29.08,10.0,NNW,6.0,0.0,Partly Cloudy,False,False,False,False,True,False,False,False,False,False,False,False,False,Night,Night,Night,Day,Saturday
A-196821,Source2,2,2016-12-17 09:20:06,2016-12-17 10:03:40,42.7341,-71.203644,,,0.01,Right lane closed due to accident on I-93 Southbound near Exits 47 48 MA-213 Loop Connector.,I-93 S,Methuen,Essex,MA,01844,US,US/Eastern,KLWM,2016-12-17 09:10:00,25.0,20.7,92.0,30.17,0.2,NE,3.5,0.01,Snow,False,False,False,False,False,False,False,False,False,False,False,False,False,Day,Day,Day,Day,Saturday
A-3047463,Source2,2,2018-01-05 16:12:20,2018-01-05 17:12:03,42.562672,-71.759384,,,0.0,Accident on Blueberry Ln at Crawford St.,Blueberry Ln,Fitchburg,Worcester,MA,01420-6526,US,US/Eastern,KFIT,2018-01-05 16:08:00,9.0,-8.5,51.0,29.57,2.0,West,16.1,,Blowing Snow,False,False,False,False,False,False,False,False,False,False,False,False,False,Day,Day,Day,Day,Friday
A-696281,Source2,2,2022-02-25 11:25:08,2022-02-25 11:54:57,42.324348,-71.114677,,,0.0,Crash on Jamaicaway at Willow Pond Rd.,Bynner St,Jamaica Plain,Suffolk,MA,02130-1043,US,US/Eastern,KBOS,2022-02-25 11:42:00,33.0,22.0,92.0,29.96,0.75,E,18.0,0.02,Snow and Sleet,False,False,True,False,False,False,False,False,False,False,False,True,False,Day,Day,Day,Day,Friday
A-853764,Source2,2,2021-10-27 06:08:47,2021-10-27 07:25:13,42.479599,-70.91629,,,0.0,Accident on Essex St at Boulder Way.,Essex St,Swampscott,Essex,MA,01907-1165,US,US/Eastern,KBVY,2021-10-27 06:16:00,51.0,51.0,89.0,29.36,2.0,NNE,26.0,0.04,Rain / Windy,False,False,False,False,False,False,False,False,True,False,False,False,False,Night,Night,Night,Day,Wednesday
A-7070024,Source1,3,2020-06-06 16:16:25,2020-06-06 16:31:25,42.14798,-71.20057,42.14798,-71.20057,0.0,At I-95 - Accident. Left lane blocked., Coney St,East Walpole,Norfolk,MA,02032-1516,US,US/Eastern,KOWD,2020-06-06 16:10:00,68.0,68.0,90.0,29.61,4.0,S,6.0,0.24,Light Rain with Thunder,False,False,False,False,False,False,False,False,False,False,False,False,False,Day,Day,Day,Day,Saturday
A-850238,Source2,2,2021-10-25 07:14:44,2021-10-25 08:15:20,42.697758,-71.142296,,,0.0,Accident on Massachusetts Ave at I-495.,Massachusetts Ave,North Andover,Essex,MA,01845,US,US/Eastern,KLWM,2021-10-25 07:14:00,47.0,43.0,97.0,29.99,2.0,NE,9.0,0.05,Rain,False,False,False,False,False,False,False,False,False,False,False,False,False,Day,Day,Day,Day,Monday
A-636037,Source2,1,2022-04-27 17:00:56,2022-04-27 18:00:40,42.074322,-71.868973,,,0.0,Crash on MA-12 Worcester Rd at Pinehurst Dr.,Worcester Rd,Webster,Worcester,MA,01570-2102,US,US/Eastern,KORH,2022-04-27 16:54:00,49.0,41.0,41.0,28.67,10.0,WNW,25.0,0.0,Cloudy / Windy,False,False,False,False,False,False,False,False,False,False,False,False,False,Day,Day,Day,Day,Wednesday
A-478526,Source2,1,2017-06-30 16:22:54,2017-06-30 17:22:54,42.351467,-71.208138,,,0.0,Accident on Washington St Northbound at Bailey Pl.,Washington St,Newtonville,Middlesex,MA,02460-1625,US,US/Eastern,KBED,2017-06-30 15:56:00,86.0,,51.0,29.91,10.0,SW,8.1,,Scattered Clouds,False,False,False,False,False,False,False,False,False,False,False,False,False,Day,Day,Day,Day,Friday
A-1434217,Source2,3,2020-08-23 16:29:03,2020-08-23 16:58:07,42.354294,-71.053123,,,1.830000042915344,Accident on I-93 Tip O'Neill Tunnel Southbound from entry to exit portal.,I-93 S,Boston,Suffolk,MA,02110,US,US/Eastern,KBOS,2020-08-23 16:40:00,86.0,86.0,49.0,29.94,10.0,S,16.0,0.0,Thunder in the Vicinity,False,False,False,False,False,False,False,False,False,False,False,False,False,Day,Day,Day,Day,Sunday
A-637435,Source2,1,2022-04-26 16:22:00,2022-04-26 16:51:18,42.354809,-71.07482900000002,,,0.0,Crash on Berkeley St at MA-28 Beacon St.,Beacon St,Boston,Suffolk,MA,02116-1401,US,US/Eastern,KBOS,2022-04-26 16:20:00,53.0,53.0,93.0,30.0,2.0,SSW,9.0,0.0,Light Drizzle,True,False,True,False,False,False,False,False,False,False,False,True,False,Day,Day,Day,Day,Tuesday
A-696505,Source2,3,2022-02-25 07:44:37,2022-02-25 08:29:43,42.189003,-71.852417,,,0.0,Two lanes blocked due to crash on I-90 Eastbound at I-290.,Southbridge St,Auburn,Worcester,MA,01501-1901,US,US/Eastern,KORH,2022-02-25 07:54:00,21.0,11.0,88.0,29.04,0.25,NE,8.0,0.13,Heavy Snow,False,False,False,False,False,False,False,False,False,False,False,False,False,Day,Day,Day,Day,Friday
A-635012,Source2,1,2022-04-28 08:52:18,2022-04-28 09:53:00,42.602531,-71.28325699999998,,,0.0,Crash on Billerica Ave at Town Farm Ln.,Town Farm Ln,North Billerica,Middlesex,MA,01862-1224,US,US/Eastern,KBED,2022-04-28 08:51:00,43.0,33.0,43.0,29.72,10.0,WNW,26.0,0.0,Partly Cloudy / Windy,False,False,False,False,False,False,False,False,False,False,False,False,False,Day,Day,Day,Day,Thursday
A-626210,Source2,3,2022-05-11 08:08:12,2022-05-11 09:54:41,41.751991,-70.591202,,,2.299999952316284,Main roadway closed due to jackknifed truck on US-6 Westbound between Edgehill Rd and Nightingale Pond Rd. Detour in operation - Traffic using 1 EB Lane.,Scenic Hwy,Buzzards Bay,Barnstable,MA,02532-5639,US,US/Eastern,KFMH,2022-05-11 07:55:00,46.0,39.0,100.0,30.16,1.0,NE,21.0,0.0,Light Drizzle / Windy,False,False,False,False,False,False,False,False,False,False,False,False,False,Day,Day,Day,Day,Wednesday
A-754112,Source2,2,2022-01-05 07:57:08,2022-01-05 08:42:22,42.058239,-72.444351,,,0.0,Accident on Longmeadow Rd at Cedar Oak Ln.,Cedar Oak Ln,Hampden,Hampden,MA,01036-9603,US,US/Eastern,KCEF,2022-01-05 07:56:00,29.0,29.0,85.0,29.75,10.0,CALM,0.0,0.0,Light Freezing Drizzle,False,False,False,False,False,False,False,False,False,False,False,False,False,Day,Day,Day,Day,Wednesday
A-3350753,Source2,3,2017-08-02 15:09:30,2017-08-02 15:54:11,42.396854,-71.261391,,,0.0,Queueing traffic and delays expected due to accident on I-95 Northbound at Exits 27A 27A-B 27B Wyman St.,MA-128 N,Waltham,Middlesex,MA,02451,US,US/Eastern,KBED,2017-08-02 14:56:00,69.1,,81.0,30.05,6.0,West,9.2,0.52,Thunderstorms and Rain,False,False,False,False,False,False,False,False,False,False,False,False,False,Day,Day,Day,Day,Wednesday
A-980132,Source2,3,2021-07-03 05:49:53,2021-07-03 11:19:19,42.50425,-71.104828,,,0.6000000238418579,Entry ramp to I-95 Westbound from Main St Southbound closed due to serious police incident.,Jacob Way,Reading,Middlesex,MA,01867-3984,US,US/Eastern,KBVY,2021-07-03 05:53:00,58.0,58.0,97.0,29.71,1.0,NE,13.0,0.01,Fog,False,False,False,False,False,False,False,False,False,False,False,False,False,Day,Day,Day,Day,Saturday
A-1759422,Source2,3,2019-10-17 09:17:31,2019-10-17 10:02:29,42.569469,-71.425774,,,0.0,Left and center lane blocked due to accident on I-495 Blue Star Memorial Hwy Southbound at Boston Rd.,I-495 S,Westford,Middlesex,MA,01886,US,US/Eastern,KBED,2019-10-17 08:51:00,52.0,52.0,63.0,28.81,10.0,SW,21.0,0.0,Mostly Cloudy / Windy,False,False,False,False,False,False,False,False,False,False,False,False,False,Day,Day,Day,Day,Thursday
A-6990795,Source1,1,2020-05-30 03:51:50,2020-05-30 04:36:50,42.47921,-71.21058000000002,42.4866,-71.19072,1.133,Between RT-62/Burlington Rd/Exit 26 and I-95/RT-128/Exit 33 - Accident.,MA-128 N,Burlington,Middlesex,MA,01803,US,US/Eastern,KBED,2020-05-30 03:51:00,70.0,70.0,90.0,29.65,4.0,SSW,6.0,0.0,Heavy Rain,False,False,False,False,False,False,False,False,False,False,False,False,False,Night,Night,Night,Day,Saturday
A-4125760,Source1,2,2023-01-22 23:50:47,2023-01-23 01:05:47,42.526272,-71.067715,42.52591500000001,-71.066142,0.084,Incident on I-95 NB near EXIT 59 Road closed. Take alternate route.,I-95 N,Lynnfield,Essex,MA,01940,US,US/Eastern,KBVY,2023-01-22 23:53:00,32.0,24.0,96.0,29.74,2.0,NNE,9.0,0.06,Wintry Mix,False,False,False,False,False,False,False,False,False,False,False,False,False,Night,Night,Night,Night,Sunday
A-598618,Source2,1,2022-06-09 08:44:35,2022-06-09 09:14:28,42.475079,-70.915077,,,0.0,Crash on MA-1A Paradise Rd at Farragut Rd.,Paradise Rd,Swampscott,Essex,MA,01907-2917,US,US/Eastern,KBVY,2022-06-09 08:53:00,63.0,63.0,93.0,29.5,2.0,E,8.0,0.2,Rain,False,False,False,False,False,False,False,False,True,False,False,False,False,Day,Day,Day,Day,Thursday
A-373693,Source2,3,2017-03-10 05:44:39,2017-03-10 06:14:27,42.148338,-71.20076,,,0.01,Accident on I-95 Northbound near Coney St.,I-95 S,East Walpole,Norfolk,MA,02032,US,US/Eastern,KOWD,2017-03-10 05:53:00,32.0,,75.0,29.93,2.0,Calm,,,Haze,False,False,False,False,False,False,False,False,False,False,False,False,False,Night,Day,Day,Day,Friday
A-993756,Source2,2,2021-06-22 16:39:50,2021-06-22 17:09:17,42.3643,-71.06971,,,0.0,Left lane blocked due to accident on MA-3 Charles St Eastbound near Blossom St.,Charles St,Boston,Suffolk,MA,02114-3003,US,US/Eastern,KBOS,2021-06-22 16:38:00,66.0,66.0,90.0,29.67,2.0,NNW,7.0,0.32,Light Rain with Thunder,True,False,False,False,True,False,False,False,False,True,False,False,False,Day,Day,Day,Day,Tuesday
A-3199718,Source2,3,2017-11-22 13:18:52,2017-11-22 14:18:38,42.60783,-71.32049599999998,,,0.0,Slow traffic due to accident on I-495 Southbound before Exit 35C-B-A Lowell Connector.,Lowell Connector S,Chelmsford,Middlesex,MA,01824,US,US/Eastern,KBED,2017-11-22 12:56:00,50.0,,93.0,29.84,4.0,WNW,12.7,0.16,Rain,False,False,False,False,False,False,False,False,False,False,False,False,False,Day,Day,Day,Day,Wednesday
A-1479906,Source2,2,2020-06-04 10:42:46,2020-06-04 11:42:33,42.300129,-71.188194,,,0.0,Accident on Dedham St at Nahanton St.,Nahanton St,Newton Center,Middlesex,MA,02459-2907,US,US/Eastern,KMQE,2020-06-04 10:53:00,81.0,81.0,41.0,29.78,10.0,SW,7.0,0.0,Fair,False,False,False,False,False,False,False,False,True,False,False,True,False,Day,Day,Day,Day,Thursday
A-2064195,Source2,2,2019-06-21 17:20:36,2019-06-21 18:41:18,42.11943400000001,-72.609238,,,0.0,Accident on I-91 Southbound at Exit 10 MA-116 Main St.,I-91 N,Springfield,Hampden,MA,01107,US,US/Eastern,KBAF,2019-06-21 16:53:00,75.0,75.0,41.0,29.35,10.0,N,23.0,0.0,Partly Cloudy / Windy,False,False,False,False,False,False,False,False,False,False,False,False,False,Day,Day,Day,Day,Friday
A-3643829,Source1,4,2017-07-16 05:59:57,2017-07-16 11:59:57,42.298669,-71.396866,42.29882,-71.391761,0.261,Closed at Shoppers World Dr - Road closed due to accident.,Worcester Rd,Natick,Middlesex,MA,01760,US,US/Eastern,KOWD,2017-07-16 05:53:00,59.0,,100.0,29.89,8.0,Calm,,,Mostly Cloudy,False,False,False,False,False,False,False,False,False,False,False,True,False,Day,Day,Day,Day,Sunday
A-6491615,Source1,2,2021-01-28 23:11:00,2021-01-29 01:44:46,42.568537,-71.426338,42.576899,-71.413083,0.888,I-495 Northbound at Exit (32) Boston Rd,I-495 N,Westford,Middlesex,MA,01886,US,US/Eastern,KBED,2021-01-28 22:51:00,17.0,-1.0,45.0,29.85,10.0,NW,23.0,0.0,Fair / Windy,False,False,False,False,False,False,False,False,False,False,False,False,False,Night,Night,Night,Night,Thursday
A-1971450,Source2,2,2019-07-17 19:15:47,2019-07-17 19:45:32,42.090286,-71.427399,,,0.0,Accident on I-495 Southbound at Exit 17 MA-140 Central St.,W Central St,Franklin,Norfolk,MA,02038,US,US/Eastern,KSFZ,2019-07-17 19:16:00,72.0,72.0,100.0,29.45,10.0,VAR,5.0,0.02,T-Storm,False,False,False,False,False,False,False,False,False,False,False,False,False,Day,Day,Day,Day,Wednesday
A-2894772,Source2,4,2018-04-19 07:02:45,2018-04-19 07:32:08,42.144764,-72.733582,,,8.029999732971191,Main roadway closed due to accident on I-90 Massachusetts Turnpike Westbound between I-91 and US-202 Southampton Rd. Traffic getting by on the shoulder.,I-90 W,Westfield,Hampden,MA,01085,US,US/Eastern,KBAF,2018-04-19 07:04:00,33.1,,100.0,29.71,4.0,Calm,,0.02,Light Rain,False,False,False,False,False,False,False,False,False,False,False,False,False,Day,Day,Day,Day,Thursday
A-2850449,Source2,3,2018-05-28 05:02:11,2018-05-28 05:32:01,42.33424,-71.06478100000002,,,0.0,Left lane blocked due to accident on Expressway Southbound near Mass Avenue Connector.,US-1 S,Boston,Suffolk,MA,02118,US,US/Eastern,KBOS,2018-05-28 04:54:00,50.0,,100.0,30.1,2.5,NNE,8.1,0.01,Light Drizzle,False,False,False,False,False,False,False,False,False,False,False,False,False,Night,Day,Day,Day,Monday
A-1882569,Source2,2,2019-09-27 07:26:09,2019-09-27 08:43:42,42.338081,-71.19880699999999,,,0.0,Accident on Commonwealth Ave at Cedar St.,Cedar St,Newton Center,Middlesex,MA,02459-1501,US,US/Eastern,KMQE,2019-09-27 07:42:00,52.0,52.0,86.0,30.0,10.0,CALM,0.0,0.0,Patches of Fog,False,False,False,False,False,False,False,False,False,True,False,False,False,Day,Day,Day,Day,Friday
A-547383,Source2,1,2022-08-03 10:14:32,2022-08-03 10:59:22,42.62442,-71.057869,,,0.0,Crash on MA-114 Turnpike St at Sharpners Pond Rd.,Sandalwood Ln,North Andover,Essex,MA,01845,US,US/Eastern,KLWM,2022-08-03 09:54:00,79.0,79.0,56.0,29.85,10.0,VAR,5.0,0.0,Mostly Cloudy,False,False,False,False,False,False,False,False,False,False,False,False,False,Day,Day,Day,Day,Wednesday
A-7513912,Source1,2,2018-10-04 15:50:57,2018-10-04 16:20:28,42.60473,-71.34624000000002,42.60594,-71.34092,0.283,At RT-110/Chelmsford St/Exit 34 - Accident.,I-495 N,Chelmsford,Middlesex,MA,01824,US,US/Eastern,KBED,2018-10-04 15:47:00,71.1,,78.0,29.89,10.0,South,10.4,,Scattered Clouds,False,False,False,False,False,False,False,False,False,False,False,False,False,Day,Day,Day,Day,Thursday
A-622966,Source2,1,2022-05-13 18:09:03,2022-05-13 19:08:39,42.60281,-71.25515,,,0.0,Crash on Whipple Rd at Chapman Rd.,Whipple Rd,Tewksbury,Middlesex,MA,01876-2654,US,US/Eastern,KLWM,2022-05-13 17:54:00,79.0,79.0,56.0,29.99,10.0,SE,9.0,0.0,Fair,False,False,False,False,False,False,False,False,False,True,False,False,False,Day,Day,Day,Day,Friday
A-1561910,Source2,2,2020-04-22 14:47:03,2020-04-22 15:16:30,42.314545,-71.805534,,,0.0,Accident on I-190 Southbound at Exit 2 Frontage Rd.,Ararat St,Worcester,Worcester,MA,01606-3304,US,US/Eastern,KORH,2020-04-22 14:54:00,39.0,27.0,36.0,28.61,10.0,WNW,30.0,0.0,Mostly Cloudy / Windy,False,False,True,False,False,False,False,False,False,False,False,False,False,Day,Day,Day,Day,Wednesday
A-1246009,Source2,4,2020-11-30 16:46:12,2020-11-30 18:13:33,42.327038,-73.364563,,,6.139999866485598,Lane blocked due to accident and fuel spillage on I-90 Eastbound from Exit B3 NY-22 to Exit 1 MA-41 Great Barrington Rd.,I-90 E,West Stockbridge,Berkshire,MA,01266,US,US/Eastern,KPSF,2020-11-30 16:54:00,54.0,54.0,97.0,28.19,2.0,VAR,6.0,0.14,Heavy Rain,False,False,False,False,True,False,False,False,False,False,False,False,False,Night,Day,Day,Day,Monday
A-787992,Source2,2,2021-12-08 16:32:39,2021-12-08 17:01:50,42.341759,-71.101051,,,0.0,Accident on Park Dr at Queensberry St.,Queensberry St,Boston,Suffolk,MA,02215-4719,US,US/Eastern,KBOS,2021-12-08 16:12:00,35.0,26.0,85.0,29.91,10.0,N,15.0,0.0,Cloudy,False,False,True,False,False,False,False,False,False,False,False,False,False,Night,Day,Day,Day,Wednesday
A-327654,Source2,3,2017-02-08 05:34:00,2017-02-08 06:19:10,42.334854,-71.06487299999998,,,0.01,Left lane blocked due to accident on Expressway Northbound at Mass Avenue Connector.,I-93 N,Boston,Suffolk,MA,02118,US,US/Eastern,KBOS,2017-02-08 05:27:00,25.0,18.1,100.0,29.57,7.0,WNW,5.8,0.0,Light Freezing Drizzle,False,False,False,False,True,False,False,False,False,False,False,False,False,Night,Night,Night,Day,Wednesday
A-1194941,Source2,4,2021-01-13 10:20:29,2021-01-13 11:37:07,42.310677,-71.053001,,,0.0,Two lanes blocked due to serious accident on I-93 Expy Northbound at Savin Hill Avenue.,I-93 N,Dorchester,Suffolk,MA,02125,US,US/Eastern,KBOS,2021-01-13 09:54:00,38.0,38.0,57.0,30.04,10.0,CALM,0.0,0.0,Mostly Cloudy,False,False,False,False,False,False,False,False,False,False,False,False,False,Day,Day,Day,Day,Wednesday
A-664662,Source2,2,2022-04-01 08:42:00,2022-04-01 09:42:10,42.375431,-71.031281,,,0.0,Crash on Bremen St at Brooks St.,Bremen St,Boston,Suffolk,MA,02128-1743,US,US/Eastern,KBOS,2022-04-01 08:47:00,56.0,56.0,87.0,29.44,2.0,WNW,29.0,0.0,Heavy Rain / Windy,True,False,True,False,False,False,False,False,False,False,False,False,False,Day,Day,Day,Day,Friday
A-1587878,Source2,2,2020-01-13 17:28:31,2020-01-13 18:57:27,42.733219,-71.205391,,,0.8199999928474426,Accident on entry ramp to MA-213 Eastbound at Exits 47 47/48 48 from I-93 Southbound.,I-93 S,Methuen,Essex,MA,01844,US,US/Eastern,KLWM,2020-01-13 17:31:00,30.0,24.0,96.0,30.23,4.0,N,6.0,0.0,Wintry Mix,False,False,False,False,True,False,False,False,False,False,False,False,False,Night,Night,Day,Day,Monday
A-2471160,Source2,2,2018-11-21 16:34:36,2018-11-21 17:04:16,42.351734,-71.553703,,,0.0,Accident on Highland St near Fremont St.,Highland St,Marlborough,Middlesex,MA,01752-4153,US,US/Eastern,KBED,2018-11-21 16:42:00,35.1,24.8,78.0,29.87,1.0,WNW,17.3,0.0,Heavy Snow,False,False,False,False,False,False,False,False,False,False,False,False,False,Night,Day,Day,Day,Wednesday
A-7195531,Source1,1,2020-04-25 00:43:38,2020-04-25 01:43:38,41.7394,-70.49511,41.77279,-70.54332,3.391,Between Quaker Meeting House Rd/Exit 3 and RT-6A/Old King's Hwy/Sandwich Rd - Accident. Left lane blocked.,Mid Cape Hwy,Sandwich,Barnstable,MA,02563,US,US/Eastern,KFMH,2020-04-25 00:45:00,39.0,39.0,100.0,29.72,10.0,CALM,0.0,0.0,Fair,False,False,False,False,False,False,False,False,False,False,False,False,False,Night,Night,Night,Night,Saturday
A-1717046,Source2,3,2019-12-15 19:19:39,2019-12-15 20:27:53,42.161499,-71.951279,,,0.0,Right lane blocked due to accident on I-90 Westbound at Charlton Service Plaza.,I-90 W,Charlton,Worcester,MA,01507,US,US/Eastern,KORH,2019-12-15 18:54:00,32.0,18.0,64.0,28.78,10.0,W,28.0,0.0,Partly Cloudy / Windy,False,False,False,False,False,False,False,False,False,False,False,False,False,Night,Night,Night,Night,Sunday
A-3504089,Source1,2,2016-07-09 07:03:47,2016-07-09 13:03:47,42.714099,-71.137387,42.714627,-71.137378,0.036,At Marston St/Merrimack St - Accident.,I-495 S,Lawrence,Essex,MA,01841,US,US/Eastern,KLWM,2016-07-09 07:02:00,60.1,,93.0,29.93,8.0,ENE,8.1,,Overcast,False,False,False,False,False,False,False,False,False,False,False,False,False,Day,Day,Day,Day,Saturday
A-2655772,Source2,3,2018-08-20 16:31:33,2018-08-20 17:46:17,42.72828300000001,-71.138763,,,0.0,Accident on I-495 Northbound at Exit 46 MA-110 East St.,Merrimack St,Methuen,Essex,MA,01844,US,US/Eastern,KLWM,2018-08-20 16:54:00,75.9,,56.0,30.19,10.0,NE,10.4,,Clear,False,False,False,False,False,False,False,False,False,False,False,False,False,Day,Day,Day,Day,Monday
A-559630,Source2,1,2022-07-21 11:08:07,2022-07-21 11:37:55,42.332031,-71.112099,,,0.0,Crash on MA-9 Huntington Ave at South Huntington Ave.,S Huntington Ave,Boston,Suffolk,MA,02115,US,US/Eastern,KBOS,2022-07-21 10:54:00,89.0,89.0,52.0,29.66,10.0,SSW,21.0,0.0,Fair / Windy,True,False,True,False,False,False,True,False,True,False,False,True,False,Day,Day,Day,Day,Thursday
A-373719,Source2,2,2017-03-10 08:04:40,2017-03-10 08:34:24,42.502293,-71.118759,,,0.01,Right lane blocked due to accident on 128 Northbound before 93.,I-93 N,Reading,Middlesex,MA,01867,US,US/Eastern,KBVY,2017-03-10 08:00:00,30.9,27.5,69.0,29.92,5.0,SE,3.5,0.0,Light Snow,False,False,False,False,True,False,False,False,False,False,False,False,False,Day,Day,Day,Day,Friday
A-626883,Source2,1,2022-05-11 04:27:34,2022-05-11 05:12:34,42.329311,-71.052238,,,0.0,Crash Motorcycle involved on Columbia Rd near Old Colony Ave.,Preble St,South Boston,Suffolk,MA,02127,US,US/Eastern,KBOS,2022-05-11 04:54:00,48.0,44.0,63.0,30.33,10.0,N,9.0,0.0,Partly Cloudy,False,False,False,False,False,False,False,False,False,False,False,False,False,Night,Night,Day,Day,Wednesday
A-1957009,Source2,2,2019-07-09 13:04:52,2019-07-09 13:34:37,42.63184,-71.405487,,,0.0,Accident on US-3 Northbound at Exit 33 MA-40 Groton Rd.,US-3 N,North Chelmsford,Middlesex,MA,01863,US,US/Eastern,KASH,2019-07-09 12:56:00,84.0,84.0,33.0,29.78,10.0,VAR,7.0,0.0,Fair,False,False,False,False,True,False,False,False,False,False,False,False,False,Day,Day,Day,Day,Tuesday
A-4341260,Source1,4,2022-02-05 06:06:30,2022-02-05 08:07:40,42.20903277377029,-71.78313374485118,42.22236277377029,-71.74481374485119,2.166,I-90 EB Exit 94.5,Mass Pike,Millbury,Worcester,MA,01527,US,US/Eastern,KORH,2022-02-05 05:54:00,18.0,6.0,78.0,28.83,10.0,NNW,10.0,0.0,Mostly Cloudy,False,False,False,False,False,False,False,False,False,False,False,False,False,Night,Night,Day,Day,Saturday
A-665742,Source2,2,2022-03-24 08:55:30,2022-03-24 09:40:23,42.356853,-71.1847,,,0.0,Crash on I-90 Eastbound at Washington St.,I-90 W,Newton,Middlesex,MA,02458,US,US/Eastern,KBOS,2022-03-24 08:54:00,40.0,30.0,89.0,30.15,3.0,ESE,21.0,0.02,Light Rain / Windy,False,False,False,False,False,False,False,False,False,False,False,False,False,Day,Day,Day,Day,Thursday
A-1611751,Source2,2,2020-01-25 16:28:09,2020-01-25 16:55:18,42.355804,-71.059387,,,0.0,Accident on I-93 Northbound at Exits 16 18 20 20B-A 23 24B-A 26 27 I-90 Exits 24A-B-C 25 25-24.,Franklin St,Boston,Suffolk,MA,02110-1104,US,US/Eastern,KBOS,2020-01-25 16:16:00,45.0,37.0,80.0,29.98,8.0,ENE,21.0,0.0,Cloudy / Windy,False,False,False,False,False,False,True,False,True,False,False,False,False,Day,Day,Day,Day,Saturday
A-3499305,Source1,3,2016-06-23 12:38:04,2016-06-23 18:38:04,42.37399,-71.10115,42.37344,-71.10049000000002,0.051,At Cambridge St - Accident., Hampshire St,Cambridge,Middlesex,MA,02139-1306,US,US/Eastern,KBOS,2016-06-23 12:54:00,75.0,,44.0,29.86,10.0,ESE,13.8,,Scattered Clouds,True,False,True,False,False,False,False,False,False,False,False,True,False,Day,Day,Day,Day,Thursday
A-985339,Source2,3,2021-06-29 17:15:57,2021-06-29 18:15:39,42.295036,-71.218063,,,0.0,One lane blocked due to accident on I-95 Southbound at Kendrick St overpass.,Kendrick St,Needham Heights,Norfolk,MA,02494,US,US/Eastern,KOWD,2021-06-29 17:19:00,94.0,94.0,49.0,30.0,10.0,WSW,7.0,0.0,Thunder,False,False,False,False,False,False,False,False,False,False,False,True,False,Day,Day,Day,Day,Tuesday
A-1277394,Source2,4,2020-11-06 21:08:21,2020-11-06 23:22:42,42.651096,-70.977226,,,3.609999895095825,Lane blocked due to accident on I-95 Southbound from Exits 53A 53B MA-97 Killam Hill Rd to Exit 52 Topsfield Rd.,I-95 S,Boxford,Essex,MA,01921,US,US/Eastern,KBVY,2020-11-06 20:53:00,62.0,62.0,53.0,30.01,10.0,WSW,7.0,0.0,Fair,False,False,False,False,False,False,False,False,False,False,False,False,False,Night,Night,Night,Night,Friday
A-617046,Source2,2,2022-05-19 16:02:41,2022-05-19 16:32:21,42.027027,-71.257225,,,0.0,Crash on I-495 Northbound before Exits 33A 33B I-95 Exits 12A 12B.,I-95 S,Foxboro,Norfolk,MA,02035,US,US/Eastern,KOWD,2022-05-19 15:53:00,57.0,57.0,83.0,29.67,4.0,S,5.0,0.0,Haze,False,False,False,False,False,False,False,False,False,False,False,False,False,Day,Day,Day,Day,Thursday
A-685445,Source2,2,2022-03-08 07:44:31,2022-03-08 08:29:54,42.641232,-71.30793,,,0.0,Crash on MA-110 Appleton St at Central St.,Central St,Lowell,Middlesex,MA,01852-2204,US,US/Eastern,KLWM,2022-03-08 07:54:00,40.0,30.0,51.0,29.66,10.0,W,20.0,0.0,Partly Cloudy,False,False,True,False,False,False,False,False,False,False,False,True,False,Day,Day,Day,Day,Tuesday
A-629906,Source2,1,2022-05-03 16:50:30,2022-05-03 17:50:18,42.302311,-71.11443299999998,,,0.0,Crash on Arborway at South St.,South St,Jamaica Plain,Suffolk,MA,02130-3939,US,US/Eastern,KBOS,2022-05-03 16:54:00,51.0,51.0,71.0,30.18,10.0,E,10.0,0.0,Mostly Cloudy,False,False,True,False,False,False,False,False,True,True,False,False,False,Day,Day,Day,Day,Tuesday
A-977348,Source2,4,2021-07-06 12:32:45,2021-07-06 14:17:19,42.874218,-70.88492600000002,,,2.2799999713897705,Three lanes blocked due to accident on I-95 Southbound from Exit 1 NH-107 to Exit 60 Toll Rd.,Lena Maes Way,Salisbury,Essex,MA,01952-1222,US,US/Eastern,KLWM,2021-07-06 12:54:00,84.0,84.0,67.0,29.71,10.0,WSW,13.0,0.0,Fair,False,False,False,False,False,False,False,False,False,False,False,False,False,Day,Day,Day,Day,Tuesday
A-7150322,Source1,1,2020-04-02 05:51:13,2020-04-02 06:06:13,42.35699,-71.12615,42.35699,-71.12615,0.0,At Toll Plaza/Exit 18 - Vehicle spun around.,I-90 E,Allston,Suffolk,MA,02134,US,US/Eastern,KBOS,2020-04-02 05:54:00,39.0,30.0,76.0,29.57,10.0,NW,17.0,0.0,Light Rain,False,False,False,False,False,False,False,False,False,False,False,False,False,Night,Night,Day,Day,Thursday
A-7190141,Source1,4,2020-04-22 10:59:06,2020-04-22 11:44:06,42.33618,-71.07743,42.33648,-71.07706,0.028,Closed at Massachusetts Ave - Road closed due to accident., Washington St,Boston,Suffolk,MA,02118-1806,US,US/Eastern,KBOS,2020-04-22 10:54:00,39.0,29.0,38.0,29.66,10.0,W,21.0,0.0,Mostly Cloudy / Windy,False,False,True,False,False,False,False,False,True,False,False,False,False,Day,Day,Day,Day,Wednesday
A-504244,Source2,2,2017-07-18 18:38:39,2017-07-18 19:23:21,42.65926,-71.428383,,,0.0,Shoulder blocked due to accident on US-3 Northbound at Exit 34 Westford Rd.,US-3 N,Tyngsboro,Middlesex,MA,01879,US,US/Eastern,KASH,2017-07-18 18:56:00,82.0,,74.0,30.06,10.0,SSE,4.6,,Scattered Clouds,False,False,False,False,False,False,False,False,False,False,False,False,False,Day,Day,Day,Day,Tuesday
A-7086829,Source1,1,2020-06-14 03:10:42,2020-06-14 03:55:42,42.56952,-72.06936,42.57027,-72.12292,2.7260000000000004,Between RT-2A/RT-101/Exit 21 and US-202/RT-2A/Exit 19 - Accident.,MA-2 W,Templeton,Worcester,MA,01468,US,US/Eastern,KORE,2020-06-14 02:52:00,45.0,45.0,86.0,29.75,10.0,WNW,3.0,0.0,Cloudy,False,False,False,False,False,False,False,False,False,False,False,False,False,Night,Night,Night,Day,Sunday
A-7692090,Source1,4,2017-08-07 12:28:19,2017-08-07 18:28:19,42.221193,-71.165808,42.20975,-71.144205,1.359,Closed between Canton St/East St/Exit 14 and I-95/Exit 1 - Road closed due to accident.,MA-128 S,Westwood,Norfolk,MA,02090,US,US/Eastern,KOWD,2017-08-07 12:53:00,77.0,,45.0,30.06,10.0,SW,11.5,,Mostly Cloudy,False,False,False,False,False,False,False,False,False,False,False,False,False,Day,Day,Day,Day,Monday
A-7591409,Source1,2,2018-04-09 16:13:35,2018-04-09 22:13:35,42.30444,-72.62629,42.30685,-72.62398,0.204,At US-5/Exit 18 - Accident. Left lane blocked.,I-91 N,Northampton,Hampshire,MA,01060,US,US/Eastern,KCEF,2018-04-09 16:08:00,44.6,40.2,23.0,30.12,10.0,NNW,8.1,,Smoke,False,False,False,False,False,False,False,False,False,False,False,False,False,Day,Day,Day,Day,Monday
A-7152463,Source1,1,2020-04-03 22:04:07,2020-04-03 22:34:07,42.36424,-71.06991,42.36527,-71.06926999999997,0.078,Between RT-3/Cambridge St and RT-3 - Accident.,Storrow Dr,Boston,Suffolk,MA,02114,US,US/Eastern,KBOS,2020-04-03 21:54:00,43.0,33.0,93.0,29.85,2.0,NNE,29.0,0.0,Light Rain / Windy,False,False,False,False,True,False,False,False,False,True,False,False,False,Night,Night,Night,Night,Friday
A-993758,Source2,2,2021-06-22 16:52:36,2021-06-22 17:37:24,42.094143,-71.058815,,,0.0,Accident on MA-24 Southbound at Exits 18A 18B MA-27.,MA-24 N,Brockton,Plymouth,MA,02301,US,US/Eastern,KMQE,2021-06-22 16:53:00,66.0,66.0,90.0,29.65,0.5,WNW,8.0,0.28,Heavy T-Storm,False,False,False,False,False,False,False,False,False,False,False,False,False,Day,Day,Day,Day,Tuesday
A-3079936,Source2,2,2018-01-23 08:16:42,2018-01-23 08:46:31,42.305374,-71.080505,,,0.0,Accident on Columbia Rd near Washington St.,Washington St,Dorchester,Suffolk,MA,02121-3617,US,US/Eastern,KBOS,2018-01-23 07:54:00,32.0,27.5,100.0,29.94,0.2,North,4.6,0.01,Fog,False,False,False,False,False,False,False,False,True,False,False,True,False,Day,Day,Day,Day,Tuesday
A-2751628,Source2,2,2018-06-09 19:17:42,2018-06-09 20:17:29,42.553829,-71.251076,,,0.0,Accident on Porter St at Bonnie Ln.,Porter St,Billerica,Middlesex,MA,01821-2846,US,US/Eastern,KBED,2018-06-09 18:56:00,77.0,,36.0,30.03,10.0,NW,4.6,,Clear,False,False,False,False,False,False,False,False,False,False,False,False,False,Day,Day,Day,Day,Saturday
A-1201408,Source2,2,2021-01-07 09:17:07,2021-01-07 10:17:52,42.375629,-71.035172,,,0.0,Accident on Marion St at Havre St.,Marion St,Boston,Suffolk,MA,02128-1723,US,US/Eastern,KBOS,2021-01-07 08:54:00,31.0,22.0,57.0,29.99,10.0,NW,12.0,0.0,Mostly Cloudy,False,False,True,False,False,False,False,False,False,False,False,False,False,Day,Day,Day,Day,Thursday
A-1720438,Source2,4,2019-12-17 15:13:11,2019-12-17 17:57:27,42.32822,-73.365578,,,6.0,Main roadway closed due to accident on I-90 Eastbound between Exit B3 NY-22 and Exit 1 MA-41 Great Barrington Rd. Traffic getting by on the shoulder.,I-90 E,West Stockbridge,Berkshire,MA,01266,US,US/Eastern,KPSF,2019-12-17 14:54:00,27.0,19.0,81.0,28.4,5.0,ENE,7.0,0.05,Wintry Mix,False,False,False,False,False,False,False,False,False,False,False,False,False,Day,Day,Day,Day,Tuesday
A-1282786,Source2,4,2020-11-03 06:10:38,2020-11-03 07:26:08,42.027027,-71.257225,,,4.300000190734863,Right and center lane blocked due to accident and vehicle fire on I-495 Blue Star Memorial Hwy Southbound from US-1 to I-95.,I-95 S,Foxboro,Norfolk,MA,02035,US,US/Eastern,KOWD,2020-11-03 05:53:00,39.0,31.0,60.0,29.63,10.0,WSW,13.0,0.0,Mostly Cloudy,False,False,False,False,False,False,False,False,False,False,False,False,False,Night,Day,Day,Day,Tuesday
A-7421896,Source1,2,2019-03-04 05:59:47,2019-03-04 06:29:41,42.152769,-71.985019,42.152603000000006,-71.98621700000002,0.062,At Eb Charlton Plaza - Accident. Jackknifed trailer. Lane blocked.,I-90 W,Charlton,Worcester,MA,01507,US,US/Eastern,KORH,2019-03-04 05:54:00,28.0,17.0,96.0,29.64,1.2,North,13.8,0.05,Light Snow,False,False,False,False,False,False,False,False,False,False,False,False,False,Night,Day,Day,Day,Monday
A-641061,Source2,2,2022-04-22 11:56:30,2022-04-22 12:26:11,41.85994,-70.58622700000002,,,0.0,Crash on MA-3 Northbound near Clark Rd.,RT-3,Plymouth,Plymouth,MA,02360,US,US/Eastern,KPYM,2022-04-22 11:52:00,66.0,66.0,30.0,30.07,10.0,WNW,21.0,0.0,Fair / Windy,False,False,False,False,False,False,False,False,False,False,False,False,False,Day,Day,Day,Day,Friday
A-1742075,Source2,4,2019-10-09 18:15:24,2019-10-09 19:45:11,42.762203,-71.122849,,,2.0299999713897705,Lane blocked due to accident on I-495 Southbound from Exits 49 50 50-49 MA-97 Broadway to Exit 48 MA-125-CONN.,I-495 S,Haverhill,Essex,MA,01835,US,US/Eastern,KLWM,2019-10-09 17:54:00,54.0,54.0,72.0,30.18,10.0,NE,13.0,0.0,Light Rain,False,False,False,False,False,False,False,False,False,False,False,False,False,Night,Day,Day,Day,Wednesday
A-7224600,Source1,4,2020-01-16 23:59:27,2020-01-17 00:28:50,42.1756,-71.91703000000003,42.1597,-71.95576,2.267,Closed at WB Charlton Plaza - Road closed due to accident.,I-90 W,Charlton,Worcester,MA,01507,US,US/Eastern,KORH,2020-01-16 23:54:00,22.0,6.0,60.0,28.96,10.0,NNW,22.0,0.0,Partly Cloudy / Windy,False,False,False,False,False,False,False,False,False,False,False,False,False,Night,Night,Night,Night,Thursday
A-7547226,Source1,4,2018-08-12 09:22:03,2018-08-12 15:22:03,42.45387,-71.02354,42.451283,-71.02353000000002,0.179,At RT-99 - Jackknifed trailer., Broadway,Saugus,Essex,MA,01906-4114,US,US/Eastern,KBOS,2018-08-12 08:54:00,71.1,,93.0,30.08,0.5,ENE,4.6,0.08,Light Rain,False,False,True,False,False,False,False,False,False,True,False,False,False,Day,Day,Day,Day,Sunday
A-7586545,Source1,2,2018-05-25 09:20:23,2018-05-25 15:20:23,42.4876,-71.01762,42.48996,-71.01666,0.17,At RT-129/Walnut St - Overturned vehicle., Broadway,Saugus,Essex,MA,01906-1901,US,US/Eastern,KBOS,2018-05-25 08:54:00,73.0,,41.0,29.93,10.0,West,13.8,,Partly Cloudy,False,False,False,False,True,False,False,False,False,False,False,False,False,Day,Day,Day,Day,Friday
A-7495166,Source1,3,2018-11-03 12:42:10,2018-11-03 13:11:58,41.984883,-70.717001,41.97335,-70.70663,0.959,At Smith Lane/Exit 8 - Accident.,MA-3 S,Kingston,Plymouth,MA,02364,US,US/Eastern,KPYM,2018-11-03 12:52:00,64.9,,84.0,29.54,10.0,SSW,18.4,,Overcast,False,False,False,False,False,False,False,False,False,False,False,False,False,Day,Day,Day,Day,Saturday
A-6977845,Source1,1,2020-05-24 04:47:22,2020-05-24 05:32:22,41.84523,-71.06314,41.86849,-71.05645,1.644,Between Main St/Exit 10 and RT-140/Exit 12 - Accident.,MA-24 N,Berkley,Bristol,MA,02779,US,US/Eastern,KTAN,2020-05-24 04:52:00,44.0,44.0,82.0,30.21,10.0,N,3.0,0.0,Mostly Cloudy,False,False,False,False,False,False,False,False,False,False,False,False,False,Night,Day,Day,Day,Sunday
A-1364929,Source2,4,2020-10-30 14:04:20,2020-10-30 19:04:01,42.23901,-71.815048,,,1.350000023841858,Lane blocked due to accident on I-290 Westbound from Exit 12 MA-146 Exit 13 to Exit 11 Southbridge St.,I-290 W,Worcester,Worcester,MA,01610,US,US/Eastern,KORH,2020-10-30 13:54:00,28.0,17.0,85.0,28.84,0.5,N,13.0,0.04,Snow,False,False,False,False,False,False,False,False,False,False,False,False,False,Day,Day,Day,Day,Friday
A-7199625,Source1,4,2020-04-27 09:08:27,2020-04-27 09:23:27,42.30345,-71.08521999999998,42.30412000000001,-71.08232,0.155,Closed between RT-28/Blue Hill Ave and Washington St - Road closed due to accident., Blue Hill Ave,Dorchester,Suffolk,MA,02121-3220,US,US/Eastern,KBOS,2020-04-27 08:54:00,41.0,31.0,93.0,29.79,2.0,NNE,24.0,0.0,Light Drizzle / Windy,False,False,False,False,False,False,False,False,True,False,False,True,False,Day,Day,Day,Day,Monday
A-512897,Source2,1,2022-09-08 07:56:25,2022-09-08 08:26:13,42.55846,-71.275398,,,0.0,Crash on River St at Wedgewood Ave.,River St,Billerica,Middlesex,MA,01821-1816,US,US/Eastern,KBED,2022-09-08 07:51:00,57.0,57.0,93.0,29.82,10.0,CALM,0.0,0.0,Shallow Fog,False,False,False,False,False,False,False,False,False,False,False,False,False,Day,Day,Day,Day,Thursday
A-2741935,Source2,2,2018-06-05 16:24:54,2018-06-05 17:24:19,41.965973,-71.027725,,,0.0,Left lane blocked due to accident on MA-24 Southbound at Exit 15 MA-104 Pleasant St.,Pleasant St,Bridgewater,Plymouth,MA,02324-1040,US,US/Eastern,KTAN,2018-06-05 16:21:00,57.9,,87.0,29.62,0.8,NNW,11.5,0.24,Heavy Thunderstorms and Rain,False,False,False,False,False,False,False,False,False,False,False,False,False,Day,Day,Day,Day,Tuesday
A-208690,Source2,2,2016-09-19 08:52:41,2016-09-19 09:37:41,42.41732800000001,-71.25219,,,0.0,Accident on Smith St at Carlin Rd.,Smith St,Waltham,Middlesex,MA,02451-1381,US,US/Eastern,KBED,2016-09-19 08:56:00,69.1,,96.0,30.09,5.0,East,3.5,0.15,Heavy Rain,False,False,False,False,False,False,False,False,False,False,False,False,False,Day,Day,Day,Day,Monday
A-7183841,Source1,3,2020-04-18 02:24:10,2020-04-18 04:24:10,42.29511,-71.21811,42.27041,-71.20003,1.941,Between RT-9/Worcester St/Exit 20 and Great Plain Ave/Exit 18 - Accident. Left lane blocked.,I-95 S,Needham Heights,Norfolk,MA,02494,US,US/Eastern,KOWD,2020-04-18 02:23:00,37.0,33.0,82.0,29.87,5.0,ENE,5.0,0.08,Light Rain,False,False,False,False,False,False,False,False,False,False,False,True,False,Night,Night,Night,Night,Saturday
A-1825906,Source2,3,2019-11-17 14:02:02,2019-11-17 14:46:27,41.90247700000001,-71.355949,,,0.0,Left lane blocked due to accident on I-95 Southbound before Exits 2A 2B MA-1A Newport Ave.,I-95 S,Attleboro,Bristol,MA,02703,US,US/Eastern,KSFZ,2019-11-17 13:56:00,33.0,25.0,72.0,29.82,10.0,NNE,10.0,0.0,Wintry Mix,False,False,False,False,True,False,False,False,False,False,False,False,False,Day,Day,Day,Day,Sunday
A-853300,Source2,2,2021-10-26 17:40:42,2021-10-26 18:40:28,42.344791,-71.080917,,,0.0,Accident on Newton St at St Botolph St.,Saint Botolph St,Boston,Suffolk,MA,02115-4804,US,US/Eastern,KBOS,2021-10-26 17:54:00,57.0,57.0,93.0,29.5,2.0,NE,28.0,0.07,Light Rain / Windy,False,False,True,False,False,False,False,False,False,True,False,False,False,Day,Day,Day,Day,Tuesday
A-621320,Source2,1,2022-05-16 09:08:51,2022-05-16 10:09:19,42.65704,-70.932632,,,0.0,Multi-vehicle crash on US-1 Boston St at North St.,Boston St,Topsfield,Essex,MA,01983,US,US/Eastern,KBVY,2022-05-16 08:53:00,62.0,62.0,84.0,29.62,10.0,ENE,3.0,0.0,Partly Cloudy,False,False,False,False,False,False,False,False,False,True,False,False,False,Day,Day,Day,Day,Monday
A-1208428,Source2,2,2020-12-31 17:48:00,2020-12-31 19:15:23,41.65279,-70.953362,,,0.0,Accident on I-195 Eastbound at Exits 13A 13B MA-140 Exits 2A 2B.,MA-140 N,New Bedford,Bristol,MA,02746,US,US/Eastern,KEWB,2020-12-31 17:53:00,40.0,35.0,63.0,30.1,10.0,VAR,7.0,0.0,Partly Cloudy,False,False,False,False,True,False,False,False,False,False,False,False,False,Night,Night,Night,Day,Thursday
A-957703,Source2,2,2021-07-26 16:08:55,2021-07-26 16:53:34,42.09737,-71.170135,,,0.0,Accident on Massapoag Ave Northbound near Capen Hill Rd.,Massapoag Ave,Sharon,Norfolk,MA,02067,US,US/Eastern,KOWD,2021-07-26 15:53:00,89.0,89.0,38.0,29.78,2.0,WNW,10.0,0.0,Haze,False,False,True,False,False,False,False,False,False,False,False,False,False,Day,Day,Day,Day,Monday
A-2303810,Source2,3,2019-02-24 09:39:16,2019-02-24 10:09:00,42.212399,-71.83535,,,0.0,Accident on I-290 Eastbound at Exit 9 Auburn St.,I-290 E,Auburn,Worcester,MA,01501,US,US/Eastern,KORH,2019-02-24 09:54:00,32.0,23.6,100.0,29.82,0.2,ENE,10.4,0.09,Fog,False,False,False,False,False,False,False,False,False,False,False,False,False,Day,Day,Day,Day,Sunday
A-7342349,Source1,2,2019-10-17 00:43:18,2019-10-17 01:12:37,42.61965,-71.28655,42.6174,-71.29269000000002,0.349,At Woburn St/Exit 37 - Accident. Lane blocked.,I-495 S,Lowell,Middlesex,MA,01852,US,US/Eastern,KLWM,2019-10-17 00:54:00,56.0,56.0,93.0,29.13,3.0,E,22.0,0.33,Heavy Rain / Windy,False,False,False,False,True,False,False,False,False,False,False,False,False,Night,Night,Night,Night,Thursday
A-3271040,Source2,2,2017-10-27 15:35:47,2017-10-27 16:35:16,42.418385,-71.214844,,,0.0,Accident on MA-2 Westbound at Exit 55 Pleasant St.,Pleasant St,Lexington,Middlesex,MA,02421-8237,US,US/Eastern,KBED,2017-10-27 15:56:00,61.0,,38.0,30.06,10.0,WSW,9.2,,Clear,False,False,False,False,False,False,False,False,False,False,False,False,False,Day,Day,Day,Day,Friday
A-3453355,Source1,4,2016-12-22 15:09:28,2016-12-22 21:09:28,42.43526,-71.27626,42.435271,-71.276321,0.003,Closed at Bedford Rd - Road closed due to accident., Cambridge Tpke,Lincoln,Middlesex,MA,01773-2313,US,US/Eastern,KBED,2016-12-22 14:56:00,36.0,,76.0,29.95,9.0,Calm,,,Mostly Cloudy,False,False,False,False,False,False,False,False,False,False,False,False,False,Day,Day,Day,Day,Thursday
A-7547225,Source1,2,2018-08-12 08:55:03,2018-08-12 14:55:03,42.453201,-71.023696,42.45041,-71.02603,0.227,At US-1/Bennett Hwy - Accident., Broadway,Saugus,Essex,MA,01906-4114,US,US/Eastern,KBOS,2018-08-12 08:54:00,71.1,,93.0,30.08,0.5,ENE,4.6,0.08,Light Rain,False,False,False,False,False,False,False,False,False,False,False,False,False,Day,Day,Day,Day,Sunday
A-626554,Source2,1,2022-05-11 08:25:29,2022-05-11 08:55:01,42.429111,-71.103104,,,0.0,Crash on Roosevelt Circle at Fellsway West.,I-93 S,Medford,Middlesex,MA,02155,US,US/Eastern,KBOS,2022-05-11 08:35:00,52.0,52.0,59.0,30.37,10.0,NNE,22.0,0.0,Mostly Cloudy / Windy,False,False,False,False,False,False,False,False,False,False,False,False,False,Day,Day,Day,Day,Wednesday
A-1720354,Source2,3,2019-12-17 08:44:33,2019-12-17 10:24:56,42.04303,-71.24284399999998,,,0.0,Accident on I-95 Northbound after MA-140.,Commercial St,Foxboro,Norfolk,MA,02035,US,US/Eastern,KOWD,2019-12-17 08:53:00,30.0,30.0,79.0,29.93,3.0,CALM,0.0,0.0,Wintry Mix,False,False,False,False,False,False,False,False,False,False,False,False,False,Day,Day,Day,Day,Tuesday
A-547376,Source2,1,2022-08-03 11:49:35,2022-08-03 12:19:20,41.560478,-70.588509,,,0.0,Multi-vehicle crash on Maravista Ave at Randolph St.,Randolph St,Teaticket,Barnstable,MA,02536-6767,US,US/Eastern,KFMH,2022-08-03 11:56:00,81.0,81.0,61.0,29.86,10.0,NNE,6.0,0.0,Fair,False,False,True,False,False,False,False,False,False,True,False,False,False,Day,Day,Day,Day,Wednesday
A-4849654,Source1,4,2022-12-19 17:22:28,2022-12-20 02:20:02.000000000,42.25871,-72.515711,42.260756,-72.508859,0.378,Incident on US-202 NB near EXIT 259 Road closed. Take alternate route., E State St,Granby,Hampshire,MA,01033,US,US/Eastern,KCEF,2022-12-19 16:55:00,33.0,25.0,63.0,29.86,10.0,W,10.0,0.0,Partly Cloudy,False,False,False,False,False,False,False,False,False,False,False,False,False,Night,Night,Day,Day,Monday
A-195448,Source2,2,2016-12-08 08:47:19,2016-12-08 09:17:06,42.308048,-72.455673,,,0.01,Accident on Bay Rd near Old Bay Rd.,Old Bay Rd,Belchertown,Hampshire,MA,01007-9709,US,US/Eastern,KCEF,2016-12-08 08:58:00,31.1,27.7,97.0,29.95,0.2,South,3.5,,Light Freezing Fog,False,False,False,False,False,False,False,False,False,False,False,False,False,Day,Day,Day,Day,Thursday
A-220237,Source2,3,2016-07-26 06:56:57,2016-07-26 07:26:57,42.300896,-71.049065,,,0.0,Accident on Expressway Northbound near Freeport St.,US-1 S,Dorchester,Suffolk,MA,02122,US,US/Eastern,KBOS,2016-07-26 06:54:00,78.1,,68.0,29.81,10.0,West,12.7,,Partly Cloudy,False,False,False,False,False,False,False,False,False,False,False,True,False,Day,Day,Day,Day,Tuesday
A-1356940,Source2,2,2020-10-26 16:08:47,2020-10-26 16:53:27,41.978722,-70.806511,,,0.0,Accident on Main St between MA-106 County Rd and Maple St.,Main St,Plympton,Plymouth,MA,02367-1210,US,US/Eastern,KPYM,2020-10-26 16:10:00,54.0,54.0,93.0,29.99,1.0,ENE,5.0,0.0,Fog,False,False,False,False,False,False,False,False,False,False,False,False,False,Day,Day,Day,Day,Monday
A-601575,Source2,1,2022-06-07 06:04:33,2022-06-07 06:58:25,42.365131,-71.05837199999998,,,0.0,Crash on Washington St at Valenti Way.,N Washington St,Boston,Suffolk,MA,02114-1905,US,US/Eastern,KBOS,2022-06-07 05:54:00,61.0,61.0,64.0,30.04,10.0,SSW,7.0,0.0,Fair,True,False,True,False,False,False,False,False,False,False,False,True,False,Day,Day,Day,Day,Tuesday
A-3350765,Source2,3,2017-08-02 17:31:47,2017-08-02 18:16:15,42.285561,-71.042885,,,0.0,Accident on I-93 Southbound at Exit 12 MA-203 Gallivan Blvd.,I-93 N,Dorchester,Suffolk,MA,02122,US,US/Eastern,KBOS,2017-08-02 17:31:00,71.1,,66.0,30.05,4.0,South,10.4,0.14,Heavy Thunderstorms and Rain,False,False,True,False,False,False,False,False,False,False,False,True,False,Day,Day,Day,Day,Wednesday
A-1629267,Source2,2,2020-02-05 05:27:06,2020-02-05 06:43:17,42.38261,-71.01840200000002,,,0.0,Accident on Moore St at MA-145 Bennington St.,Moore St,East Boston,Suffolk,MA,02128,US,US/Eastern,KBOS,2020-02-05 05:23:00,40.0,40.0,73.0,29.87,10.0,NNW,3.0,0.01,Wintry Mix,False,False,True,False,False,False,False,False,True,False,False,True,False,Night,Night,Night,Day,Wednesday
A-476469,Source2,3,2017-06-13 17:09:23,2017-06-13 17:54:23,42.479927,-71.20796999999997,,,0.0,Accident on I-95 Northbound at Exit 32B-A US-3.,MA-128 N,Burlington,Middlesex,MA,01803,US,US/Eastern,KBED,2017-06-13 17:09:00,84.0,,67.0,29.74,10.0,WNW,4.6,0.0,Thunderstorm,False,False,False,False,False,False,False,False,False,False,False,False,False,Day,Day,Day,Day,Tuesday
A-196822,Source2,3,2016-12-17 09:25:17,2016-12-17 10:10:03,42.213875,-71.54644,,,0.01,Accident on I-495 Northbound at Exits 21A 21B Main St.,W Main St,Hopkinton,Middlesex,MA,01748,US,US/Eastern,KOWD,2016-12-17 09:16:00,26.1,,88.0,30.11,0.5,Calm,,0.02,Snow,False,False,False,False,True,False,False,False,False,False,False,False,False,Day,Day,Day,Day,Saturday
A-7027875,Source1,4,2020-05-14 21:12:05,2020-05-14 21:27:05,42.4024,-71.04768,42.4024,-71.04768,0.0,Closed at US-1/Northeast Expy - Blocked by overturned vehicle., Revere Beach Pkwy,Everett,Middlesex,MA,02149-5935,US,US/Eastern,KBOS,2020-05-14 20:54:00,62.0,62.0,31.0,30.05,10.0,SSW,14.0,0.0,Partly Cloudy,False,False,False,False,False,False,False,False,False,False,False,True,False,Night,Night,Night,Day,Thursday
A-1246001,Source2,2,2020-11-30 08:33:52,2020-11-30 09:34:22,42.136059,-71.539459,,,0.0,Accident on Freedom St Southbound between Jones Rd and Oak St.,Freedom St,Hopedale,Worcester,MA,01747-1133,US,US/Eastern,KSFZ,2020-11-30 08:56:00,44.0,40.0,100.0,29.55,10.0,E,8.0,0.0,Mostly Cloudy,False,False,False,False,False,False,False,False,False,False,False,False,False,Day,Day,Day,Day,Monday
A-7130325,Source1,4,2020-03-24 00:41:57,2020-03-24 01:09:44,42.13244,-72.07399000000002,42.14056,-72.13495,3.173,Closed at Hampden/Worcester County Line - Road closed due to accident.,I-90 W,Sturbridge,Worcester,MA,01566,US,US/Eastern,KORH,2020-03-24 00:45:00,32.0,21.0,92.0,28.81,10.0,N,16.0,0.07,Light Freezing Rain,False,False,False,False,False,False,False,False,False,False,False,False,False,Night,Night,Night,Night,Tuesday
A-3309530,Source2,3,2017-09-15 17:20:58,2017-09-15 18:20:43,42.42837100000001,-71.25882,,,0.0,Shoulder blocked due to accident on I-95 Southbound at Exits 29A 29B MA-2.,I-95 S,Lexington,Middlesex,MA,02421,US,US/Eastern,KBED,2017-09-15 17:13:00,73.0,,84.0,30.05,10.0,NW,15.0,0.15,Light Thunderstorms and Rain,False,False,False,False,False,False,False,False,False,False,False,False,False,Day,Day,Day,Day,Friday
A-7653209,Source1,4,2017-12-27 14:19:02,2017-12-27 20:19:02,42.678401,-70.97636999999997,42.6481,-70.97729,2.094,Closed at Topsfield Rd/Exit 52 - Road closed due to accident.,I-95 S,Boxford,Essex,MA,01921,US,US/Eastern,KBVY,2017-12-27 13:53:00,19.9,7.3,40.0,30.35,10.0,WNW,12.7,,Partly Cloudy,False,False,False,False,False,False,False,False,False,False,False,False,False,Day,Day,Day,Day,Wednesday
A-1224171,Source2,2,2020-12-17 07:34:37,2020-12-17 08:51:47,42.419708,-71.103928,,,0.0,Accident on 93 Southbound at MA-60 Salem St.,I-93 N,Medford,Middlesex,MA,02155,US,US/Eastern,KBOS,2020-12-17 07:54:00,26.0,10.0,96.0,29.87,0.25,NNE,29.0,0.03,Heavy Snow / Windy,False,False,False,False,False,False,False,False,False,False,False,False,False,Day,Day,Day,Day,Thursday
A-5257068,Source1,4,2023-01-26 07:46:00,2023-01-26 14:45:00,42.294983,-73.29514300000002,42.290451,-73.297485,0.335,Incident on US-7 SB near DEVON RD Road closed. Take alternate route., East St,Stockbridge,Berkshire,MA,01262-9708,US,US/Eastern,KPSF,2023-01-26 07:54:00,35.0,29.0,96.0,28.11,2.0,SW,8.0,0.0,Fog,False,False,False,False,False,False,False,False,False,False,False,False,False,Day,Day,Day,Day,Thursday
A-7130192,Source1,2,2020-03-23 15:22:47,2020-03-23 15:37:47,42.15382,-72.63549,42.15382,-72.63549,0.0,At RT-33/Exit 5 - Accident.,I-90 E,West Springfield,Hampden,MA,01089,US,US/Eastern,KBAF,2020-03-23 15:40:00,32.0,27.0,92.0,30.0,0.25,VAR,5.0,0.06,Heavy Snow,False,False,False,False,False,False,False,False,False,False,False,False,False,Day,Day,Day,Day,Monday
A-3356037,Source2,3,2017-08-04 15:50:28,2017-08-04 16:35:08,42.64275,-71.23219300000002,,,0.0,Shoulder blocked due to accident on I-495 Northbound at Exit 39 MA-133 Andover St.,I-495 S,Tewksbury,Middlesex,MA,01876,US,US/Eastern,KLWM,2017-08-04 15:54:00,86.0,,53.0,30.0,10.0,SE,6.9,,Clear,False,False,False,False,False,False,False,False,False,False,False,False,False,Day,Day,Day,Day,Friday
A-6990791,Source1,1,2020-05-30 02:32:40,2020-05-30 03:17:40,42.74113,-71.17195,42.73229,-71.19386,1.269,Between RT-113/Pleasant Vly St/Exit 4 and RT-28/Broadway/Exit 2 - Accident. Left lane blocked.,Loop Connector,Methuen,Essex,MA,01844,US,US/Eastern,KLWM,2020-05-30 02:54:00,72.0,72.0,81.0,29.66,10.0,SSW,8.0,0.0,Cloudy,False,False,False,False,False,False,False,False,False,False,False,False,False,Night,Night,Night,Night,Saturday
A-3489556,Source1,4,2016-08-14 12:48:54,2016-08-14 18:48:54,42.55007,-71.85432,42.55176,-71.77869,3.851,Closed between RT-31/Exit 28 and Merriam Ave/South St/Exit 30 - Road closed due to accident.,MA-2 W,Fitchburg,Worcester,MA,01420,US,US/Eastern,KFIT,2016-08-14 12:52:00,91.9,,52.0,29.91,10.0,West,12.7,,Partly Cloudy,False,False,False,False,False,False,False,False,False,False,False,False,False,Day,Day,Day,Day,Sunday
A-562953,Source2,4,2022-07-18 15:39:56,2022-07-18 16:54:00,42.363956,-71.589554,,,0.0,Main roadway closed due to crash on I-495 Northbound at Exits 65A 65B I-290 Exits 32A 32B.,State Highway 85 Connector,Marlborough,Middlesex,MA,01752,US,US/Eastern,KBED,2022-07-18 15:51:00,79.0,79.0,84.0,29.72,9.0,S,8.0,0.0,Light Rain,False,False,False,False,False,False,False,False,False,False,False,False,False,Day,Day,Day,Day,Monday
A-7070616,Source1,3,2020-06-07 15:34:47,2020-06-07 15:49:47,42.37073,-71.26803000000002,42.37073,-71.26803000000002,0.0,Ramp to US-20/Weston St - Accident. Right lane blocked., Weston St,Waltham,Middlesex,MA,02453-1635,US,US/Eastern,KBED,2020-06-07 15:51:00,72.0,72.0,43.0,29.7,10.0,NW,16.0,0.0,Mostly Cloudy,False,False,False,False,False,False,False,False,False,False,False,False,False,Day,Day,Day,Day,Sunday
A-983833,Source2,3,2021-06-30 17:34:24,2021-06-30 18:33:59,42.370735,-71.269051,,,0.0,Two lanes blocked due to accident on I-95 Southbound at Exit 41 / US-20 Boston Post Rd / US-20.,I-95 N,Waltham,Middlesex,MA,02453,US,US/Eastern,KBED,2021-06-30 17:46:00,88.0,,55.0,29.7,10.0,,,0.0,Thunder in the Vicinity,False,False,False,False,False,False,False,False,False,False,False,False,False,Day,Day,Day,Day,Wednesday
A-1337229,Source2,3,2020-10-13 05:59:18,2020-10-13 07:00:42,42.330406,-71.06115,,,1.1599999666213991,Right lane blocked due to accident on Expy Northbound between Columbia Rd and Southampton St.,I-93 N,Boston,Suffolk,MA,02118,US,US/Eastern,KBOS,2020-10-13 05:54:00,53.0,53.0,89.0,30.08,3.0,ENE,18.0,0.03,Rain,False,False,False,False,False,False,False,False,False,False,False,False,False,Night,Night,Day,Day,Tuesday
A-7143207,Source1,4,2020-03-29 21:31:38,2020-03-29 21:59:59,42.73167,-71.20031,42.73167,-71.19999,0.016,Closed at RT-213/Exit 48 - Road closed due to accident.,Loop Connector,Methuen,Essex,MA,01844,US,US/Eastern,KLWM,2020-03-29 21:27:00,39.0,31.0,93.0,29.88,5.0,ENE,14.0,0.06,T-Storm,False,False,False,False,False,False,False,False,False,False,False,False,False,Night,Night,Night,Night,Sunday
A-683368,Source2,2,2022-03-09 15:54:24,2022-03-09 16:53:57,42.332535,-71.28907,,,0.0,Crash on Oak St at Byron Rd.,Oak St,Weston,Middlesex,MA,02493-1444,US,US/Eastern,KBED,2022-03-09 15:51:00,33.0,29.0,96.0,29.83,0.5,NNE,5.0,0.04,Snow,False,False,False,False,False,False,False,False,False,False,False,False,False,Day,Day,Day,Day,Wednesday
A-2418253,Source2,3,2018-12-28 05:13:14,2018-12-28 05:42:51,42.522049,-71.724815,,,0.0,Accident on I-190 Northbound at MA-2.,I-190 N,Leominster,Worcester,MA,01453,US,US/Eastern,KFIT,2018-12-28 04:52:00,28.9,,89.0,30.39,7.0,Calm,,0.01,Light Freezing Rain,False,False,False,False,False,False,False,False,False,False,False,False,False,Night,Night,Night,Night,Friday
A-3288139,Source2,2,2017-09-06 11:28:43,2017-09-06 11:58:19,42.340118,-71.078819,,,0.0,Accident a pedestrian involved on Tremont St near Worcester St.,Worcester St,Boston,Suffolk,MA,02118-3916,US,US/Eastern,KBOS,2017-09-06 11:24:00,73.0,,87.0,29.87,2.5,SSW,18.4,0.03,Heavy Thunderstorms and Rain,True,False,True,False,False,False,False,False,True,True,False,False,False,Day,Day,Day,Day,Wednesday
A-476903,Source2,3,2017-06-16 18:51:08,2017-06-16 19:30:00,42.009769,-71.229561,,,0.0,Accident on I-495 Southbound at Exit 12-11 MA-140.,I-495 S,Mansfield,Bristol,MA,02048,US,US/Eastern,KOWD,2017-06-16 18:53:00,60.1,,96.0,30.01,1.0,ENE,3.5,0.07,Heavy Rain,False,False,False,False,False,False,False,False,False,False,False,False,False,Day,Day,Day,Day,Friday
A-3047374,Source2,3,2018-01-05 18:31:44,2018-01-05 19:31:22,42.686176,-71.14250899999998,,,1.1399999856948853,Accident on I-495 Northbound from Exits 41 41A 41B MA-28 Main St to Exits 42A 42B MA-114 Winthrop Ave.,I-495 N,Lawrence,Essex,MA,01843,US,US/Eastern,KLWM,2018-01-05 18:54:00,9.0,-11.4,48.0,29.65,5.0,West,23.0,,Blowing Snow,False,False,False,False,True,False,False,False,False,False,False,False,False,Night,Night,Night,Night,Friday
A-420289,Source2,3,2017-04-06 17:42:36,2017-04-06 18:12:23,42.418789,-71.104187,,,0.01,Accident on I-93 Northbound before Exit 32 MA-60 Salem St.,Salem St,Medford,Middlesex,MA,02155,US,US/Eastern,KBOS,2017-04-06 17:40:00,39.9,30.8,100.0,29.53,0.5,NE,18.4,0.0,Light Drizzle,False,False,True,False,False,False,False,False,False,False,False,False,False,Day,Day,Day,Day,Thursday
A-4774730,Source1,4,2023-01-22 21:14:44,2023-01-22 22:29:45.000000000,42.271943,-71.79469399999998,42.275164,-71.796324,0.238,Incident on I-290 EB near EXIT 21 Road closed. Take alternate route.,I-290 E,Worcester,Worcester,MA,01605,US,US/Eastern,KORH,2023-01-22 21:25:00,32.0,26.0,92.0,28.83,3.0,N,6.0,0.02,Wintry Mix,False,False,True,False,False,False,False,False,False,False,False,False,False,Night,Night,Night,Night,Sunday
A-2592810,Source2,3,2018-09-19 09:17:21,2018-09-19 09:47:06,42.646271,-71.185982,,,0.0,Accident on 93 Southbound at MA-133 Lowell St.,Lowell St,Andover,Essex,MA,01810,US,US/Eastern,KLWM,2018-09-19 08:54:00,63.0,,84.0,29.95,4.0,ENE,10.4,0.0,Haze,False,False,False,False,False,False,False,False,False,False,False,False,False,Day,Day,Day,Day,Wednesday
A-2886813,Source2,3,2018-04-16 05:47:19,2018-04-16 06:17:09,42.222679,-71.740257,,,0.0,Accident now on the shoulder on I-90 Massachusetts Turnpike Westbound before MA-122 Grafton Rd.,I-90 W,Millbury,Worcester,MA,01527,US,US/Eastern,KORH,2018-04-16 05:41:00,30.9,18.7,96.0,30.15,3.0,ENE,19.6,0.03,Light Freezing Rain,False,False,False,False,False,False,False,False,False,False,False,False,False,Night,Day,Day,Day,Monday
A-210545,Source2,2,2016-10-05 06:59:39,2016-10-05 07:29:25,42.374489,-71.13700899999998,,,0.0,Accident on US-3 Gerrys Landing Rd at Mount Auburn St.,Gerrys Landing Rd,Cambridge,Middlesex,MA,02138,US,US/Eastern,KBOS,2016-10-05 06:54:00,48.9,,90.0,30.38,10.0,North,10.4,,Scattered Clouds,False,False,False,False,False,False,False,False,False,False,False,False,False,Day,Day,Day,Day,Wednesday
A-2176442,Source2,3,2019-04-19 07:56:48,2019-04-19 08:26:29,42.321529,-71.053833,,,0.0,Breakdown lane blocked due to accident on Expressway Northbound before Columbia Rd.,I-93 S,Dorchester,Suffolk,MA,02125,US,US/Eastern,KBOS,2019-04-19 07:54:00,68.0,68.0,68.0,29.79,10.0,SSW,22.0,0.0,Mostly Cloudy / Windy,False,False,True,False,False,False,False,False,False,False,False,True,False,Day,Day,Day,Day,Friday
A-1079146,Source2,3,2021-04-16 08:15:23,2021-04-16 09:31:07,42.347912,-71.092545,,,0.0,Two lanes blocked due to accident on I-90 Mass Pike Westbound at Commonwealth Avenue.,I-90 W,Boston,Suffolk,MA,02215,US,US/Eastern,KBOS,2021-04-16 08:25:00,39.0,29.0,82.0,29.51,4.0,N,21.0,0.13,Rain / Windy,False,False,False,True,False,False,False,False,False,False,False,False,False,Day,Day,Day,Day,Friday
A-1397705,Source2,2,2020-07-24 17:20:49,2020-07-24 18:20:36,42.502827,-71.125847,,,0.0,Accident on I-95 Northbound at Exit 36 Washington St.,I-95 N,Woburn,Middlesex,MA,01801,US,US/Eastern,KBED,2020-07-24 17:12:00,81.0,81.0,56.0,29.92,10.0,SE,8.0,0.0,Mostly Cloudy,False,False,False,False,False,False,False,False,False,False,False,False,False,Day,Day,Day,Day,Friday
A-1882565,Source2,2,2019-09-27 07:06:45,2019-09-27 08:07:30,42.587978,-71.307869,,,0.0,Accident on MA-129 Chelmsford Rd at Walters St.,Chelmsford Rd,North Billerica,Middlesex,MA,01862-1335,US,US/Eastern,KBED,2019-09-27 06:59:00,49.0,49.0,86.0,29.86,10.0,CALM,0.0,0.0,Shallow Fog,False,False,False,False,False,False,False,False,False,True,False,False,False,Day,Day,Day,Day,Friday
A-202290,Source2,3,2016-10-22 13:06:23,2016-10-22 13:50:42,42.232494,-71.82351700000002,,,0.01,Multi-vehicle accident on I-290 Westbound at Exit 10 MA-12 Hope Ave.,Hope Ave,Worcester,Worcester,MA,01603-2212,US,US/Eastern,KORH,2016-10-22 13:05:00,48.0,,93.0,29.24,2.0,West,17.3,0.03,Heavy Rain,False,False,False,False,False,False,False,False,False,False,False,False,False,Day,Day,Day,Day,Saturday
A-795809,Source2,2,2021-12-02 16:27:40,2021-12-02 16:57:21,42.306412,-71.070313,,,0.0,Accident on Norton St at Richfield St.,Davidson Ave,Dorchester,Suffolk,MA,02125-2546,US,US/Eastern,KBOS,2021-12-02 16:54:00,56.0,56.0,60.0,29.53,10.0,SW,20.0,0.0,Light Rain,False,False,False,False,False,False,False,False,False,True,False,False,False,Night,Day,Day,Day,Thursday
A-571722,Source2,1,2022-07-08 09:09:34,2022-07-08 10:26:01,42.390034,-71.08165,,,0.0,Crash on Mystic Ave at Revolution Dr.,Mystic Ave,Somerville,Middlesex,MA,02145,US,US/Eastern,KBOS,2022-07-08 08:54:00,72.0,72.0,57.0,29.97,10.0,SW,14.0,0.0,Mostly Cloudy,False,False,True,False,False,False,False,False,False,False,False,True,False,Day,Day,Day,Day,Friday
A-645534,Source2,2,2022-04-19 08:29:15,2022-04-19 08:58:52,42.387951,-71.14290600000002,,,0.0,Crash on US-3 Concord Ave at Concord Ln.,Concord Ave,Cambridge,Middlesex,MA,02138-1123,US,US/Eastern,KBOS,2022-04-19 08:28:00,57.0,57.0,87.0,29.47,10.0,SSE,22.0,0.0,Cloudy / Windy,False,False,True,False,False,False,False,False,False,False,False,False,False,Day,Day,Day,Day,Tuesday
A-7025816,Source1,4,2020-05-13 09:56:13,2020-05-13 11:18:21,42.21213,-71.78220999999998,42.21213,-71.78220999999998,0.0,At I-90/US-20/Mass Pike - Overturned vehicle. Danger.,State Route 146,Millbury,Worcester,MA,01527,US,US/Eastern,KORH,2020-05-13 09:54:00,45.0,37.0,34.0,29.11,10.0,W,20.0,0.0,Fair,False,False,False,False,False,False,False,False,False,False,False,False,False,Day,Day,Day,Day,Wednesday
A-1232417,Source2,3,2020-12-11 16:42:03,2020-12-11 18:10:57,42.253986,-71.03877299999998,,,0.0,Left lane blocked due to accident on I-93 Southbound before Exit 9 Willard St.,I-93 S,Quincy,Norfolk,MA,02169,US,US/Eastern,KMQE,2020-12-11 16:53:00,49.0,46.0,64.0,30.05,10.0,SSW,7.0,0.0,Fair,False,False,False,False,False,False,False,False,False,False,False,False,False,Night,Day,Day,Day,Friday
A-327981,Source2,3,2017-02-09 08:13:38,2017-02-09 08:43:09,42.200199,-72.63859599999998,,,0.01,Right lane blocked and right hand shoulder blocked due to jackknifed truck on I-91 Southbound after US-202 Cherry St.,I-91 S,Holyoke,Hampden,MA,01040,US,US/Eastern,KCEF,2017-02-09 08:11:00,26.6,15.7,93.0,29.62,0.2,North,12.7,,Heavy Snow,False,False,False,False,False,False,False,False,False,False,False,False,False,Day,Day,Day,Day,Thursday
A-1587400,Source2,3,2020-01-12 16:13:35,2020-01-12 17:17:15,42.360699,-71.053375,,,0.0,Accident on I-93 Lower Deck Southbound before Goverment Center Exit.,I-93 S,Boston,Suffolk,MA,02109,US,US/Eastern,KBOS,2020-01-12 15:54:00,65.0,65.0,39.0,29.98,10.0,WNW,24.0,0.0,Fair / Windy,True,False,True,False,False,False,False,False,False,False,False,True,False,Day,Day,Day,Day,Sunday
A-1404802,Source2,3,2020-07-30 17:27:39,2020-07-30 18:27:10,42.348232,-71.224869,,,0.0,Lane blocked due to accident on I-90 Westbound at Chestnut St overpass.,I-90 W,West Newton,Middlesex,MA,02465,US,US/Eastern,KBED,2020-07-30 17:46:00,86.0,86.0,51.0,29.61,10.0,WNW,5.0,0.0,Thunder in the Vicinity,False,False,False,False,False,False,False,False,False,False,False,False,False,Day,Day,Day,Day,Thursday
A-6699721,Source1,4,2020-09-28 01:36:00,2020-09-28 04:48:02,42.609454,-70.955361,42.618144,-70.951371,0.634,US-1 Both Directions at Garden St,Boston St,Topsfield,Essex,MA,01983,US,US/Eastern,KBVY,2020-09-28 01:35:00,66.0,66.0,96.0,29.86,2.0,ESE,6.0,0.0,Fog,False,False,False,False,False,False,False,False,False,False,False,False,False,Night,Night,Night,Night,Monday
A-3033582,Source2,2,2018-02-26 07:17:13,2018-02-26 07:46:45,42.649326,-71.65606700000002,,,0.0,Accident on MA-119 South Rd at Proctor Rd.,South Rd,Pepperell,Middlesex,MA,01463-1242,US,US/Eastern,KASH,2018-02-26 06:56:00,30.9,,100.0,30.07,0.2,Calm,,,Light Freezing Fog,False,False,False,False,False,False,False,False,False,True,False,False,False,Day,Day,Day,Day,Monday
A-6281655,Source1,2,2021-08-05 01:03:42,2021-08-05 03:21:44.000000000,42.37200379351438,-71.06730580296008,42.37431379351438,-71.07140580296006,0.263,Incident on I-93 NB near EXIT 19 Expect long delays.,US-1 N,Charlestown,Suffolk,MA,02129,US,US/Eastern,KBOS,2021-08-05 00:54:00,66.0,66.0,90.0,30.12,2.0,NNE,13.0,0.35,Heavy Rain,False,False,False,False,True,False,False,False,False,False,False,False,False,Night,Night,Night,Night,Thursday
A-609945,Source2,1,2022-05-26 16:54:49,2022-05-26 17:54:25,42.20821,-71.119972,,,0.0,Crash on MA-138 Washington St at Blue Hill River Rd.,Royall St,Canton,Norfolk,MA,02021-1008,US,US/Eastern,KOWD,2022-05-26 16:53:00,68.0,68.0,52.0,30.12,10.0,SSW,15.0,0.0,Fair,False,False,False,False,False,False,False,False,False,False,False,True,False,Day,Day,Day,Day,Thursday
A-591754,Source2,1,2022-06-16 09:31:56,2022-06-16 10:21:13,42.370735,-71.269051,,,0.0,Crash on 128 Southbound near US-20 Boston Post Rd.,I-95 N,Waltham,Middlesex,MA,02453,US,US/Eastern,KBED,2022-06-16 09:51:00,70.0,70.0,59.0,30.01,10.0,S,7.0,0.0,Cloudy,False,False,False,False,False,False,False,False,False,False,False,False,False,Day,Day,Day,Day,Thursday
A-600331,Source2,1,2022-06-08 05:32:41,2022-06-08 06:02:29,42.061821,-71.061485,,,0.0,Crash on MA-24 Southbound at MA-123 Belmont St.,MA-24 N,Brockton,Plymouth,MA,02301,US,US/Eastern,KMQE,2022-06-08 05:32:00,65.0,65.0,87.0,29.83,2.0,S,8.0,0.18,Heavy Rain,False,False,False,False,False,False,False,False,False,False,False,False,False,Day,Day,Day,Day,Wednesday
A-1141524,Source2,2,2021-02-23 17:28:49,2021-02-23 18:58:39,42.037079,-71.306732,,,0.0,Accident on I-495 Southbound at Exits 14A 14B US-1.,I-495 S,Plainville,Norfolk,MA,02762,US,US/Eastern,KSFZ,2021-02-23 17:56:00,36.0,30.0,93.0,29.11,10.0,VAR,7.0,0.0,Wintry Mix,False,False,False,False,False,False,False,False,False,False,False,False,False,Night,Day,Day,Day,Tuesday
A-3473990,Source1,4,2016-11-25 18:31:42,2016-11-26 00:31:42,42.298348,-71.423665,42.298661,-71.42568399999998,0.105,Closed at Beulah St - Road closed due to accident., Worcester Rd,Framingham,Middlesex,MA,01701-5204,US,US/Eastern,KBED,2016-11-25 18:23:00,39.9,37.8,93.0,30.18,0.2,North,3.5,0.0,Light Drizzle,False,False,False,False,False,False,False,False,False,False,False,False,False,Night,Night,Night,Night,Friday
A-521805,Source2,1,2022-08-30 04:53:14,2022-08-30 05:50:50,42.373322,-71.03903199999998,,,0.0,Crash on Meridian St at London St.,London St,Boston,Suffolk,MA,02128-3034,US,US/Eastern,KBOS,2022-08-30 04:54:00,72.0,72.0,93.0,29.92,10.0,SW,13.0,0.0,Partly Cloudy,True,False,True,False,False,False,False,False,True,False,False,True,False,Night,Night,Night,Day,Tuesday
A-544773,Source2,1,2022-08-05 17:06:05,2022-08-05 17:35:46,42.276291,-71.07502,,,0.0,Crash on Morton St both ways at Druid St.,Morton St,Mattapan,Suffolk,MA,02126,US,US/Eastern,KMQE,2022-08-05 16:53:00,84.0,84.0,56.0,30.05,10.0,N,8.0,0.0,Thunder in the Vicinity,False,False,True,False,False,False,False,False,False,False,False,False,False,Day,Day,Day,Day,Friday
A-7018715,Source1,3,2020-05-09 17:17:46,2020-05-09 18:47:46,42.1856,-71.07672,42.15416,-71.06848000000002,2.213,At RT-139/Exit 20 - Accident. Right lane blocked.,Canton St,Randolph,Norfolk,MA,02368,US,US/Eastern,KMQE,2020-05-09 16:53:00,45.0,37.0,33.0,29.65,10.0,W,21.0,0.0,Mostly Cloudy / Windy,False,False,False,False,False,False,False,False,False,False,False,False,False,Day,Day,Day,Day,Saturday
A-805239,Source2,3,2021-11-24 17:13:05,2021-11-24 18:12:22,42.213314,-71.15181700000002,,,0.0,Two lanes blocked due to accident on I-95 Southbound at Exit 27 / I-93 / Blue Hill Dr.,Blue Hill Dr,Westwood,Norfolk,MA,02090-2110,US,US/Eastern,KOWD,2021-11-24 16:53:00,38.0,33.0,33.0,30.16,10.0,W,7.0,0.0,Fair,False,False,False,False,False,False,False,False,False,False,False,False,False,Night,Night,Day,Day,Wednesday
A-3485065,Source1,2,2016-10-19 08:44:09,2016-10-19 14:44:09,42.35117,-71.05613000000002,42.35186,-71.05584,0.05,At South St/Surface Rd - Accident., East St,Boston,Suffolk,MA,02111,US,US/Eastern,KBOS,2016-10-19 08:54:00,69.1,,84.0,29.88,10.0,SW,10.4,,Mostly Cloudy,True,False,False,False,False,False,False,False,False,False,False,False,False,Day,Day,Day,Day,Wednesday
A-1717025,Source2,2,2019-12-15 16:42:33,2019-12-15 17:27:18,42.54097700000001,-71.247826,,,0.0,Accident on MA-3A Boston Rd both ways at Grandview Rd.,Boston Rd,Billerica,Middlesex,MA,01821-5323,US,US/Eastern,KBED,2019-12-15 16:51:00,42.0,33.0,38.0,29.59,10.0,WNW,21.0,0.0,Partly Cloudy / Windy,False,False,False,False,False,False,False,False,False,False,False,False,False,Night,Day,Day,Day,Sunday
A-1559257,Source2,3,2020-04-19 17:26:08,2020-04-19 18:25:28,42.336262,-71.06510899999998,,,0.0,Lane blocked due to accident on I-93 Northbound at Mass Ave.,I-93 N,Boston,Suffolk,MA,02118,US,US/Eastern,KBOS,2020-04-19 17:54:00,59.0,59.0,36.0,29.61,10.0,SW,22.0,0.0,Cloudy / Windy,False,False,False,False,False,False,False,False,False,False,False,False,False,Day,Day,Day,Day,Sunday
A-801145,Source2,3,2021-11-29 09:01:44,2021-11-29 09:31:09,42.351547,-71.029823,,,0.0,Left lane blocked due to accident on I-90 Mass Pike Westbound at Ted Williams Tunnel.,Ted Williams Tunl,Boston,Suffolk,MA,02210,US,US/Eastern,KBOS,2021-11-29 08:54:00,34.0,26.0,61.0,29.84,10.0,NNW,10.0,0.0,Cloudy,False,False,False,False,False,False,False,False,False,False,False,False,False,Day,Day,Day,Day,Monday
A-7064234,Source1,3,2020-06-28 15:07:43,2020-06-28 16:52:43,42.21998,-71.03589000000002,42.22438,-71.02376,0.691,Between RT-28/Randolph Ave/Exit 5 and RT-3/Exit 7 - Accident.,I-93 N,Braintree,Norfolk,MA,02184,US,US/Eastern,KMQE,2020-06-28 15:11:00,72.0,72.0,78.0,29.66,1.0,N,8.0,0.09,Light Rain with Thunder,False,False,False,False,False,False,False,False,False,False,False,False,False,Day,Day,Day,Day,Sunday
A-3313797,Source2,3,2017-09-18 08:52:40,2017-09-18 09:22:02,42.469269,-71.10752099999998,,,0.0,Accident on 93 Northbound after Fallon Rd.,Fallon Rd,Stoneham,Middlesex,MA,02180,US,US/Eastern,KBED,2017-09-18 08:56:00,66.9,,87.0,30.21,3.0,NNW,3.5,,Mist,False,False,False,False,False,False,False,False,False,False,False,False,False,Day,Day,Day,Day,Monday
