ID,Source,Severity,Start_Time,End_Time,Start_Lat,Start_Lng,End_Lat,End_Lng,Distance(mi),Description,Street,City,County,State,Zipcode,Country,Timezone,Airport_Code,Weather_Timestamp,Temperature(F),Wind_Chill(F),Humidity(%),Pressure(in),Visibility(mi),Wind_Direction,Wind_Speed(mph),Precipitation(in),Weather_Condition,Amenity,Bump,Crossing,Give_Way,Junction,No_Exit,Railway,Roundabout,Station,Stop,Traffic_Calming,Traffic_Signal,Turning_Loop,Sunrise_Sunset,Civil_Twilight,Nautical_Twilight,Astronomical_Twilight,Day_Of_Week
A-1493417,Source2,2,2020-06-29 09:20:33,2020-06-29 11:10:59,35.54319,-97.529778,,,0.0,Accident on Western Ave at 70th St.,N Western Ave,Oklahoma City,Oklahoma,OK,73116-7116,US,US/Central,KPWA,2020-06-29 09:07:00,82.0,82.0,71.0,28.35,10.0,S,26.0,0.0,Partly Cloudy / Windy,False,False,False,False,False,False,False,False,False,True,False,False,False,Day,Day,Day,Day,Monday
A-1128231,Source2,3,2021-03-07 12:57:12,2021-03-07 15:35:34,35.377262,-97.574974,,,0.0,Accident on I-44 Northbound at Exit 113 89th St.,I-44 W,Oklahoma City,Oklahoma,OK,73159,US,US/Central,KOKC,2021-03-07 12:52:00,64.0,64.0,23.0,28.93,10.0,S,21.0,0.0,Partly Cloudy / Windy,False,False,False,False,False,False,False,False,False,False,False,False,False,Day,Day,Day,Day,Sunday
A-1333520,Source2,3,2020-10-09 07:02:04,2020-10-09 08:03:15,35.38432299999999,-96.805946,,,0.0,Right lane closed due to accident on I-40 Westbound at Exit 192 OK-9A.,I-40 W,Shawnee,Pottawatomie,OK,74804,US,US/Central,KSNL,2020-10-09 06:55:00,66.0,66.0,93.0,28.83,1.0,SSE,9.0,0.0,Fog,False,False,False,False,False,False,False,False,False,False,False,False,False,Night,Night,Day,Day,Friday
A-1358138,Source2,2,2020-10-26 14:12:40,2020-10-26 14:57:41,35.521938,-97.541977,,,0.0,Accident on I-44 Eastbound at OK-3-ALT Northwest Expy.,NW Expressway,Oklahoma City,Oklahoma,OK,73118,US,US/Central,KPWA,2020-10-26 14:11:00,31.0,17.0,89.0,28.84,3.0,N,25.0,0.01,N/A Precipitation,False,False,False,False,False,False,False,False,False,False,False,False,False,Day,Day,Day,Day,Monday
A-780315,Source2,2,2021-12-14 08:51:12,2021-12-14 09:35:39,35.533791,-97.58345,,,0.0,Accident on Portland Ave at OK-3 Northwest Expy.,N Portland Ave,Oklahoma City,Oklahoma,OK,73112,US,US/Central,KPWA,2021-12-14 08:53:00,60.0,60.0,80.0,28.69,10.0,S,22.0,0.0,Mostly Cloudy / Windy,False,False,True,False,False,False,False,False,False,False,False,True,False,Day,Day,Day,Day,Tuesday
A-3274247,Source2,2,2017-10-29 10:40:57,2017-10-29 11:40:05,35.531334,-97.577736,,,0.0,Accident on OK-3A Expressway Eastbound at OK-74.,NW Expressway,Oklahoma City,Oklahoma,OK,73112,US,US/Central,KPWA,2017-10-29 10:53:00,59.0,,42.0,29.9,10.0,WSW,4.6,,Clear,False,False,False,False,False,False,False,False,False,False,False,False,False,Day,Day,Day,Day,Sunday
A-2054336,Source2,2,2019-06-16 16:31:01,2019-06-16 18:15:31,36.105644,-96.009941,,,0.0,Accident on US-75 Southbound near Tacoma Ave.,Okmulgee Expy N,Tulsa,Tulsa,OK,74107,US,US/Central,KRVS,2019-06-16 16:53:00,71.0,71.0,84.0,29.12,5.0,VAR,5.0,0.04,Rain,False,False,False,False,False,False,False,False,False,False,False,False,False,Day,Day,Day,Day,Sunday
A-698406,Source2,2,2022-02-24 07:36:43,2022-02-24 08:06:14,35.33392,-97.723831,,,0.0,Crash on OK-4 at Mustang Rd.,S Sara Rd,Mustang,Canadian,OK,73064,US,US/Central,KOKC,2022-02-24 07:30:00,17.0,5.0,92.0,28.83,2.0,N,10.0,0.0,Wintry Mix,False,False,False,False,False,False,False,False,False,False,False,False,False,Day,Day,Day,Day,Thursday
A-2215027,Source2,2,2019-03-12 08:28:20,2019-03-12 09:32:24,35.51445,-97.697472,,,0.0,Accident on OK-66 Westbound at John Kilpatrick Tpke.,John Kilpatrick Tpke W,Yukon,Canadian,OK,73099,US,US/Central,KRCE,2019-03-12 08:55:00,53.6,,100.0,30.09,0.2,SSE,11.5,,Fog,False,False,False,False,False,False,False,False,False,False,False,False,False,Day,Day,Day,Day,Tuesday
A-3025515,Source2,2,2018-02-21 13:33:42,2018-02-21 14:33:29,35.406208,-97.539116,,,0.0,Accident on 59th St at Blackwelder Ave.,SW 59th St,Oklahoma City,Oklahoma,OK,73119-7210,US,US/Central,KOKC,2018-02-21 13:38:00,21.9,9.8,92.0,30.38,0.8,NNE,12.7,0.03,Ice Pellets,False,False,True,False,False,False,False,False,False,False,False,True,False,Day,Day,Day,Day,Wednesday
A-680594,Source2,3,2022-03-11 06:16:35,2022-03-11 07:00:53,35.391338,-97.530792,,,0.0,Crash on I-240 Eastbound at Western Ave.,I-240,Oklahoma City,Oklahoma,OK,73139,US,US/Central,KOKC,2022-03-11 06:35:00,23.0,7.0,85.0,28.81,1.0,N,23.0,0.0,Light Snow / Windy,False,False,False,False,False,False,False,False,False,False,False,False,False,Night,Night,Day,Day,Friday
A-2810289,Source2,2,2018-05-08 09:49:17,2018-05-08 10:19:03,35.458759,-97.636406,,,0.0,Accident on Rockwell Ave Northbound at I-40.,S Rockwell Ave,Oklahoma City,Oklahoma,OK,73128-2208,US,US/Central,KOKC,2018-05-08 09:52:00,75.9,,48.0,29.89,10.0,SSW,23.0,,Scattered Clouds,False,False,False,False,False,False,False,False,False,True,False,False,False,Day,Day,Day,Day,Tuesday
A-1375397,Source2,2,2020-09-05 15:31:45,2020-09-05 18:19:09,35.398941,-97.539017,,,0.0,Accident on 66th St at Blackwelder Ave.,S Blackwelder Ave,Oklahoma City,Oklahoma,OK,73139,US,US/Central,KOKC,2020-09-05 15:52:00,88.0,88.0,49.0,28.84,10.0,SSW,13.0,0.0,Partly Cloudy,False,False,False,False,False,False,False,False,False,False,False,False,False,Day,Day,Day,Day,Saturday
A-599930,Source2,1,2022-06-08 08:08:40,2022-06-08 08:38:26,36.060928,-95.911713,,,0.0,Crash on 71st St Westbound at Irvington Ave.,S Joplin Ave,Tulsa,Tulsa,OK,74136-6710,US,US/Central,KRVS,2022-06-08 08:06:00,74.0,74.0,93.0,29.16,10.0,ESE,5.0,0.0,Thunder,False,False,True,False,False,False,False,False,True,False,False,True,False,Day,Day,Day,Day,Wednesday
A-1412636,Source2,2,2020-08-05 06:37:17,2020-08-05 09:27:10,35.49332000000001,-97.583382,,,0.0,Accident on 23rd St at Portland Ave.,N Portland Ave,Oklahoma City,Oklahoma,OK,73107,US,US/Central,KPWA,2020-08-05 06:53:00,64.0,64.0,87.0,28.74,5.0,SE,6.0,0.13,Rain,False,False,True,False,False,False,False,False,False,False,False,True,False,Night,Day,Day,Day,Wednesday
A-2013556,Source2,3,2019-08-09 07:41:44,2019-08-09 08:11:20,35.462467,-97.498878,,,0.0,Accident on I-40 Eastbound at Exits 126 151A 151B 151C I-35 Stanley Draper Expy.,I-40 W,Oklahoma City,Oklahoma,OK,73129,US,US/Central,KTIK,2019-08-09 07:37:00,75.0,75.0,100.0,28.61,3.0,NNE,13.0,0.0,Heavy T-Storm,False,False,False,False,False,False,False,False,False,False,False,False,False,Day,Day,Day,Day,Friday
A-1069167,Source2,3,2021-04-26 10:41:49,2021-04-26 11:58:40,35.391338,-97.527443,,,0.0,Accident on I-240 Eastbound at Exits 2A 2B 3 74th St.,I-240 E,Oklahoma City,Oklahoma,OK,73139,US,US/Central,KOKC,2021-04-26 10:52:00,70.0,70.0,63.0,28.42,10.0,S,28.0,0.0,Mostly Cloudy / Windy,False,False,False,False,False,False,False,False,False,False,False,False,False,Day,Day,Day,Day,Monday
A-989120,Source2,3,2021-06-26 10:19:41,2021-06-26 11:49:06,35.477112,-97.465332,,,0.0,Lane blocked due to accident on I-35 Southbound at Exit 129 10th St.,I-35 N,Oklahoma City,Oklahoma,OK,73117,US,US/Central,KTIK,2021-06-26 09:56:00,68.0,68.0,99.0,28.48,10.0,SE,13.0,0.18,Light Rain,False,False,False,False,False,False,False,False,False,False,False,False,False,Day,Day,Day,Day,Saturday
A-4473735,Source1,4,2022-11-04 07:26:00,2022-11-04 10:41:54,35.53651214,-97.46112227,35.53057214,-97.45959227,0.419,Incident on I-35 SB near I-44 Road closed. Take alternate route.,I-35,Oklahoma City,Oklahoma,OK,73111,US,US/Central,KTIK,2022-11-04 07:55:00,69.0,69.0,77.0,28.38,10.0,S,21.0,0.0,Mostly Cloudy / Windy,False,False,False,False,False,False,False,False,False,False,False,False,False,Night,Night,Day,Day,Friday
A-2567661,Source2,3,2018-09-06 16:28:40,2018-09-06 16:58:14,35.388542,-97.35318,,,0.0,Accident on I 240 St Eastbound at Post Rd.,S Post Rd,Oklahoma City,Oklahoma,OK,73150,US,US/Central,KTIK,2018-09-06 16:24:00,77.0,,83.0,30.05,9.0,North,11.5,,Thunderstorms and Rain,False,False,False,False,False,False,False,False,False,True,False,False,False,Day,Day,Day,Day,Thursday
A-2268188,Source2,2,2019-02-06 07:37:35,2019-02-06 08:07:24,35.4091,-97.547951,,,0.0,Accident on 56th St at Penn Ave.,S Pennsylvania Ave,Oklahoma City,Oklahoma,OK,73119-7014,US,US/Central,KOKC,2019-02-06 07:40:00,32.0,25.6,100.0,29.85,0.2,NE,6.9,0.0,Light Freezing Fog,False,False,False,False,False,False,False,False,False,False,False,False,False,Day,Day,Day,Day,Wednesday
A-3022977,Source2,2,2018-02-20 09:06:50,2018-02-20 09:36:38,35.373074,-97.459221,,,0.0,Accident on Bryant Ave at 94th St.,S Bryant Ave,Moore,Cleveland,OK,73160-9105,US,US/Central,KOUN,2018-02-20 09:11:00,35.6,25.2,93.0,29.92,,NW,18.4,,Thunderstorms and Rain,False,False,True,False,False,False,False,False,False,True,False,False,False,Day,Day,Day,Day,Tuesday
A-2853986,Source2,3,2018-05-29 16:03:35,2018-05-29 16:33:04,36.133476,-95.851089,,,0.0,Accident on 21st St at Garnett Rd.,E 21st St,Tulsa,Tulsa,OK,74129,US,US/Central,KTUL,2018-05-29 15:53:00,91.9,,39.0,29.71,10.0,ESE,11.5,,Mostly Cloudy,False,False,True,False,False,False,False,False,False,False,False,True,False,Day,Day,Day,Day,Tuesday
A-4197254,Source1,2,2022-12-22 05:23:05,2022-12-22 07:43:49.000000000,36.083599,-95.866262,36.0836,-95.864999,0.071,Incident on 55TH PL near HOUSE 9950 Drive with caution., E 55th Pl S,Tulsa,Tulsa,OK,74146,US,US/Central,KTUL,2022-12-22 05:53:00,20.0,3.0,89.0,29.3,4.0,N,24.0,0.0,Wintry Mix / Windy,False,False,False,False,False,False,False,False,False,False,False,False,False,Night,Night,Night,Night,Thursday
A-2037141,Source2,2,2019-06-06 15:43:07,2019-06-06 18:25:47,36.191589,-95.904602,,,0.0,Accident on Sheridan Rd at Apache St.,E Apache St,Tulsa,Tulsa,OK,74115-3404,US,US/Central,KTUL,2019-06-06 15:33:00,70.0,70.0,87.0,29.03,10.0,W,21.0,0.09,Thunder / Windy,False,False,True,False,False,False,False,False,False,False,False,True,False,Day,Day,Day,Day,Thursday
A-1499836,Source2,2,2020-06-09 18:25:07,2020-06-09 19:24:51,35.536381,-97.353127,,,0.0,Accident on 63rd St at Post Rd.,NE 63rd St,Spencer,Oklahoma,OK,73084-4814,US,US/Central,KTIK,2020-06-09 18:27:00,77.0,77.0,29.0,28.39,10.0,W,32.0,0.0,Squalls / Windy,False,False,False,False,False,False,False,False,False,True,False,False,False,Day,Day,Day,Day,Tuesday
A-1805065,Source2,4,2019-11-07 08:28:03,2019-11-07 09:25:31,35.391029,-97.477173,,,1.7000000476837158,Shoulder blocked due to accident on I-240 Eastbound from I-35 to Exit 5 Eastern Ave.,S Eastern Ave,Oklahoma City,Oklahoma,OK,73149,US,US/Central,KOKC,2019-11-07 08:52:00,34.0,22.0,89.0,29.01,6.0,N,21.0,0.0,Cloudy / Windy,False,False,False,False,False,False,False,False,False,False,False,False,False,Day,Day,Day,Day,Thursday
A-561736,Source2,1,2022-07-19 16:31:36,2022-07-19 17:22:16,36.169849,-95.940323,,,0.0,Crash on Harvard Ave at Latimer St.,E Latimer St,Tulsa,Tulsa,OK,74115,US,US/Central,KTUL,2022-07-19 16:53:00,107.0,107.0,16.0,29.0,10.0,W,7.0,0.0,Fair,False,False,True,False,False,False,False,False,False,True,False,False,False,Day,Day,Day,Day,Tuesday
A-1775763,Source2,2,2019-10-24 07:23:14,2019-10-24 07:53:03,35.477215,-97.744453,,,0.0,Accident on Czech Hall Rd at I-40 Exit 137.,I-40 E,Yukon,Canadian,OK,73099,US,US/Central,KRCE,2019-10-24 07:15:00,48.0,41.0,87.0,28.67,3.0,N,21.0,0.0,Haze / Windy,False,False,False,False,False,False,False,False,False,False,False,False,False,Night,Day,Day,Day,Thursday
A-1518575,Source2,2,2020-03-08 20:07:51,2020-03-08 20:53:03,35.52207199999999,-97.565697,,,0.0,Accident on 50th St at May Ave.,N May Ave,Oklahoma City,Oklahoma,OK,73112-3504,US,US/Central,KPWA,2020-03-08 19:53:00,55.0,55.0,93.0,28.66,10.0,SSE,20.0,0.0,Light Rain,False,False,True,False,False,False,False,False,False,False,False,True,False,Night,Night,Day,Day,Sunday
A-1652877,Source2,2,2020-02-17 07:41:11,2020-02-17 08:10:55,35.572861,-97.621368,,,0.0,Accident on Little Pond Dr at Southshore Dr.,Southshore Dr,Oklahoma City,Oklahoma,OK,73162,US,US/Central,KPWA,2020-02-17 07:50:00,52.0,52.0,100.0,28.36,2.0,NNE,3.0,0.0,Fog,False,False,False,False,False,False,False,False,False,False,False,False,False,Day,Day,Day,Day,Monday
A-1908833,Source2,3,2019-09-12 17:37:07,2019-09-12 19:02:13,35.478497,-97.578598,,,0.0,Lane blocked due to accident on I-44 Southbound at Exits 121A 121B 10th St.,I-44 E,Oklahoma City,Oklahoma,OK,73107,US,US/Central,KPWA,2019-09-12 17:53:00,92.0,92.0,41.0,28.6,10.0,S,22.0,0.0,Fair / Windy,False,False,False,False,False,False,False,False,False,False,False,False,False,Day,Day,Day,Day,Thursday
A-950101,Source2,2,2021-08-02 10:42:43,2021-08-02 11:11:54,35.486969,-97.536743,,,0.0,Accident on 17th St near Mckinley Ave.,N McKinley Ave,Oklahoma City,Oklahoma,OK,73106-4240,US,US/Central,KOKC,2021-08-02 10:52:00,77.0,77.0,58.0,28.76,6.0,NNW,9.0,0.0,Haze,False,False,False,False,False,False,False,False,False,False,False,False,False,Day,Day,Day,Day,Monday
A-640313,Source2,2,2022-04-22 18:56:11,2022-04-22 19:25:49,35.44377100000001,-97.565567,,,0.0,Crash on May Ave at 21st St.,S May Ave,Oklahoma City,Oklahoma,OK,73108-4443,US,US/Central,KOKC,2022-04-22 18:52:00,77.0,77.0,60.0,28.46,10.0,SSE,25.0,0.0,Partly Cloudy / Windy,False,False,False,False,False,False,False,False,False,False,False,False,False,Day,Day,Day,Day,Friday
A-1296376,Source2,2,2020-09-12 09:40:47,2020-09-12 10:10:30,35.460274,-97.689514,,,0.0,Accident on I-40 Eastbound at Exit 140 Morgan Rd.,I-40 W,Oklahoma City,Canadian,OK,73128,US,US/Central,KOKC,2020-09-12 09:42:00,61.0,61.0,97.0,28.66,1.0,S,6.0,0.0,Fog,False,False,True,False,False,False,False,False,False,False,False,True,False,Day,Day,Day,Day,Saturday
A-1181662,Source2,3,2021-01-25 08:19:06,2021-01-25 09:22:51,35.477112,-97.465332,,,0.0,Accident on I-35 Southbound at Exit 129 10th St.,I-35 N,Oklahoma City,Oklahoma,OK,73117,US,US/Central,KTIK,2021-01-25 08:22:00,41.0,35.0,100.0,28.26,0.5,W,9.0,0.0,Fog,False,False,False,False,False,False,False,False,False,False,False,False,False,Day,Day,Day,Day,Monday
A-2380796,Source2,3,2018-12-05 15:44:54,2018-12-05 16:29:38,35.397663,-97.318024,,,0.0,Accident on I-240 Eastbound at Exit 14 Anderson Rd.,I-240 W,Oklahoma City,Oklahoma,OK,73150,US,US/Central,KTIK,2018-12-05 15:56:00,50.5,,33.0,30.26,10.0,South,16.1,,Clear,False,False,False,False,False,False,False,False,False,False,False,False,False,Day,Day,Day,Day,Wednesday
A-983209,Source2,3,2021-07-01 15:11:03,2021-07-01 15:58:47,35.414623,-97.318161,,,0.0,One lane blocked due to accident on I-40 Westbound at Exit 162 Anderson Rd.,I-40 E,Oklahoma City,Oklahoma,OK,73150,US,US/Central,KTIK,2021-07-01 15:15:00,72.0,72.0,100.0,28.61,10.0,E,7.0,0.0,Light Rain with Thunder,False,False,False,False,False,False,False,False,False,False,False,False,False,Day,Day,Day,Day,Thursday
A-2315641,Source2,3,2019-01-03 04:02:40,2019-01-03 04:31:57,35.46011,-97.575104,,,0.0,Accident on I-40 Eastbound at Exits 147A 147B I-44.,I-40 E,Oklahoma City,Oklahoma,OK,73108,US,US/Central,KOKC,2019-01-03 03:52:00,30.0,26.5,92.0,30.12,5.0,North,3.5,0.1,Light Freezing Rain,False,False,False,False,False,False,False,False,False,False,False,False,False,Night,Night,Night,Night,Thursday
A-2168695,Source2,2,2019-04-15 11:06:44,2019-04-15 12:23:07,35.610214,-97.613998,,,0.0,Accident on Memorial Rd at Martin Park Blvd.,W Memorial Rd,Oklahoma City,Oklahoma,OK,73142-2026,US,US/Central,KPWA,2019-04-15 10:53:00,67.0,67.0,51.0,28.46,10.0,SSW,22.0,0.0,Fair / Windy,False,False,False,False,False,False,False,False,False,False,False,False,False,Day,Day,Day,Day,Monday
A-1355995,Source2,2,2020-10-24 08:58:21,2020-10-24 09:43:08,35.43521900000001,-97.654037,,,0.0,Accident on 29th St at Council Rd.,S Council Rd,Oklahoma City,Oklahoma,OK,73179-4497,US,US/Central,KOKC,2020-10-24 08:52:00,40.0,34.0,68.0,28.8,10.0,NE,8.0,0.0,Cloudy,False,False,True,False,False,False,False,False,False,False,False,True,False,Day,Day,Day,Day,Saturday
A-626452,Source2,1,2022-05-11 08:24:29,2022-05-11 08:54:02,36.102657,-95.859756,,,0.0,Crash on US-169 Southbound after 41st St.,US-169,Tulsa,Tulsa,OK,74146,US,US/Central,KTUL,2022-05-11 08:53:00,76.0,76.0,79.0,29.3,10.0,SSE,13.0,0.0,Mostly Cloudy,False,False,False,False,False,False,False,False,False,False,False,False,False,Day,Day,Day,Day,Wednesday
A-1928398,Source2,3,2019-08-22 21:38:49,2019-08-22 22:23:59,36.012035,-96.115242,,,7.690000057220459,Lane blocked due to accident on I-44 Eastbound between Exit 211 OK-33 and Exit 215 OK-97 9th St.,N Main St,Sapulpa,Creek,OK,74066-1754,US,US/Central,KRVS,2019-08-22 21:40:00,70.0,70.0,90.0,29.28,0.75,VAR,3.0,0.3,Heavy T-Storm,False,False,False,False,False,False,False,False,False,False,False,False,False,Night,Night,Night,Night,Thursday
A-2117712,Source2,3,2019-05-22 17:02:51,2019-05-22 17:50:25,35.391949,-97.512138,,,0.0,Accident on I-240 Westbound at Santa Fe Ave.,I-240 E,Oklahoma City,Oklahoma,OK,73149,US,US/Central,KOKC,2019-05-22 16:52:00,83.0,83.0,69.0,28.37,7.0,S,20.0,0.0,Cloudy,False,False,False,False,False,False,False,False,False,False,False,False,False,Day,Day,Day,Day,Wednesday
A-7596415,Source1,4,2018-04-21 08:31:42,2018-04-21 14:31:42,35.331494,-97.49008,35.31594000000001,-97.49006,1.075,Closed at 19th St/Exit 116 - Road closed due to accident.,US-77 S,Oklahoma City,Cleveland,OK,73160,US,US/Central,KOUN,2018-04-21 08:20:00,48.2,,100.0,30.07,3.0,ENE,10.4,,Rain,False,False,False,False,False,False,False,False,False,False,False,False,False,Day,Day,Day,Day,Saturday
A-2633888,Source2,3,2018-08-08 07:37:15,2018-08-08 08:22:00,35.460133,-97.575142,,,0.0,Left hand shoulder blocked due to accident on I-40 Westbound at Exits 147A 147B I-44.,OK-3 W,Oklahoma City,Oklahoma,OK,73108,US,US/Central,KOKC,2018-08-08 07:49:00,68.0,,94.0,30.08,6.0,NNW,13.8,0.73,Light Thunderstorms and Rain,False,False,False,False,False,False,False,False,False,False,False,False,False,Day,Day,Day,Day,Wednesday
A-3426492,Source1,4,2016-12-15 19:32:44,2016-12-16 01:32:44,35.39145999999999,-97.5435,35.39400999999999,-97.56557,1.256,Closed between Pennsylvania Ave/Exit 1 and May Ave/Exit 1 - Road closed due to accident.,I-240 W,Oklahoma City,Oklahoma,OK,73139,US,US/Central,KOKC,2016-12-15 19:52:00,32.0,24.2,96.0,30.14,2.0,SSE,9.2,0.01,Light Freezing Drizzle,False,False,False,False,False,False,False,False,False,False,False,False,False,Night,Night,Night,Night,Thursday
A-725098,Source2,2,2022-02-02 16:02:16,2022-02-02 16:32:02,35.463848,-97.472694,,,0.0,Accident on I-40 Westbound at Exit 153 I-35.,I-40,Oklahoma City,Oklahoma,OK,73117,US,US/Central,KTIK,2022-02-02 15:56:00,23.0,11.0,96.0,28.68,1.0,NNE,14.0,0.02,Heavy Snow,False,False,False,False,False,False,False,False,False,False,False,False,False,Day,Day,Day,Day,Wednesday
A-611792,Source2,1,2022-05-25 08:42:05,2022-05-25 09:26:40,35.46009799999999,-97.689079,,,0.0,Crash on I-40 Eastbound at Exit 140 Morgan Rd.,I-40,Yukon,Canadian,OK,73099,US,US/Central,KRCE,2022-05-25 08:35:00,52.0,52.0,94.0,28.35,5.0,NW,9.0,0.0,Rain,False,False,True,False,False,False,False,False,False,False,False,True,False,Day,Day,Day,Day,Wednesday
A-3746996,Source1,2,2022-08-29 15:46:15,2022-08-30 16:41:17,36.123046,-95.932053,36.124812,-95.936741,0.289,Construction on E HWY 64-51 EXPY near HOUSE 3801 Expect delays.,OK-51,Tulsa,Tulsa,OK,74114,US,US/Central,KTUL,2022-08-29 15:53:00,73.0,73.0,90.0,29.23,10.0,SSE,14.0,0.03,Light Rain with Thunder,False,False,False,False,False,False,False,False,False,False,False,False,False,Day,Day,Day,Day,Monday
A-659754,Source2,2,2022-04-06 15:34:22,2022-04-06 16:04:07,35.442429,-97.547989,,,0.0,Crash on 22nd St at Penn Ave.,SW 22nd St,Oklahoma City,Oklahoma,OK,73108-7630,US,US/Central,KOKC,2022-04-06 15:52:00,66.0,66.0,14.0,28.58,10.0,NW,25.0,0.0,Fair / Windy,False,False,False,False,False,False,False,False,False,True,False,False,False,Day,Day,Day,Day,Wednesday
A-1930628,Source2,2,2019-08-23 05:53:20,2019-08-23 06:53:01,36.108379,-95.886551,,,0.0,Accident on OK-51 Broken Arrow Expy Eastbound at Memorial Dr.,S Memorial Dr,Tulsa,Tulsa,OK,74145,US,US/Central,KRVS,2019-08-23 05:53:00,72.0,72.0,93.0,29.28,1.0,SSW,9.0,0.46,Heavy T-Storm,False,False,False,False,False,False,False,False,False,False,False,False,False,Night,Night,Day,Day,Friday
A-3139177,Source2,3,2017-12-19 15:48:33,2017-12-19 16:18:13,35.384369,-97.159821,,,0.0,Accident on I-40 Eastbound at Exit 172 Harrah Rd.,OK-3 W,Newalla,Oklahoma,OK,74857,US,US/Central,KSNL,2017-12-19 15:55:00,54.5,,97.0,29.98,5.0,SSW,3.5,0.02,Drizzle,False,False,False,False,False,False,False,False,False,False,False,False,False,Day,Day,Day,Day,Tuesday
A-633470,Source2,1,2022-04-29 15:58:18,2022-04-29 16:57:47,36.151398,-95.860619,,,0.0,Crash on US-169 Southbound at 11th St.,US-169,Tulsa,Tulsa,OK,74128,US,US/Central,KTUL,2022-04-29 15:53:00,78.0,78.0,62.0,28.89,10.0,S,28.0,0.0,Mostly Cloudy / Windy,False,False,False,False,False,False,False,False,False,False,False,False,False,Day,Day,Day,Day,Friday
A-541819,Source2,1,2022-08-09 16:25:32,2022-08-09 16:55:14,35.449989,-97.742439,,,0.0,Crash on 15th St at Czech Hall Rd.,SW 15th St,Yukon,Canadian,OK,73099,US,US/Central,KRCE,2022-08-09 16:35:00,95.0,95.0,39.0,28.52,10.0,SW,15.0,0.0,Thunder in the Vicinity,False,False,False,False,False,False,False,False,False,False,False,False,False,Day,Day,Day,Day,Tuesday
A-2255930,Source2,3,2019-01-31 08:35:46,2019-01-31 09:05:12,35.291389,-97.487511,,,0.0,Lane blocked due to accident on I-35 Northbound at Indian Hills Rd.,I-35 N,Norman,Cleveland,OK,73069,US,US/Central,KOUN,2019-01-31 08:45:00,33.8,25.8,81.0,30.05,10.0,SSE,10.4,,Scattered Clouds,False,False,False,False,False,False,False,False,False,False,False,False,False,Day,Day,Day,Day,Thursday
A-3028086,Source2,3,2018-02-22 17:19:16,2018-02-22 17:48:54,35.45955700000001,-97.596687,,,0.0,Accident on I 40 Service Rd Westbound near Cornell Pkwy.,W I 40 Service Rd,Oklahoma City,Oklahoma,OK,73108-1838,US,US/Central,KOKC,2018-02-22 17:27:00,32.0,,96.0,30.16,1.2,Calm,,,Overcast,False,False,False,False,False,False,False,False,False,False,False,False,False,Day,Day,Day,Day,Thursday
A-1358122,Source2,2,2020-10-26 10:03:49,2020-10-26 11:23:26,35.319431,-97.597298,,,0.0,Accident on 149th St at I-44 Exit 109.,SW 149th St,Oklahoma City,Cleveland,OK,73173,US,US/Central,KOKC,2020-10-26 10:13:00,32.0,20.0,92.0,28.84,2.0,N,21.0,0.08,Wintry Mix / Windy,False,False,False,False,False,False,False,False,False,True,False,False,False,Day,Day,Day,Day,Monday
A-1081690,Source2,2,2021-04-15 18:19:00,2021-04-15 19:33:22,35.388401,-97.423607,,,0.0,Accident on OK-77H Sooner Rd Northbound at 80th St.,S Sooner Rd,Oklahoma City,Oklahoma,OK,73135,US,US/Central,KTIK,2021-04-15 17:56:00,53.0,53.0,66.0,28.6,10.0,ENE,9.0,0.0,Light Drizzle,False,False,False,False,False,False,False,False,False,False,False,False,False,Day,Day,Day,Day,Thursday
A-1359971,Source2,3,2020-10-27 06:34:21,2020-10-27 08:11:04,35.40053599999999,-97.577156,,,0.0,Accident on I-44 Northbound at 59th St.,OK-3 W,Oklahoma City,Oklahoma,OK,73159,US,US/Central,KOKC,2020-10-27 06:32:00,28.0,16.0,96.0,28.87,3.0,N,17.0,0.0,Thunder / Wintry Mix,False,False,False,False,False,False,False,False,False,False,False,False,False,Night,Night,Night,Day,Tuesday
A-631946,Source2,1,2022-05-02 08:39:47,2022-05-02 09:09:26,36.118729,-96.007172,,,0.0,Crash on Southwest Blvd at 31st St.,Southwest Blvd,Tulsa,Tulsa,OK,74107-3800,US,US/Central,KRVS,2022-05-02 08:53:00,59.0,,93.0,29.19,7.0,,,0.18,Rain,False,False,True,False,False,False,False,False,False,True,False,False,False,Day,Day,Day,Day,Monday
A-2798542,Source2,2,2018-05-02 21:06:48,2018-05-02 21:36:35,35.594555,-97.507729,,,0.0,Accident on US-77 Broadway Ext Northbound at Broadway Ext.,NE 122nd St,Oklahoma City,Oklahoma,OK,73114,US,US/Central,KPWA,2018-05-02 21:06:00,66.9,,84.0,29.85,10.0,SE,32.2,0.02,Light Thunderstorms and Rain,False,False,False,False,False,False,False,False,False,False,False,False,False,Night,Night,Day,Day,Wednesday
A-1587165,Source2,3,2020-01-11 07:35:48,2020-01-11 08:35:05,36.177143,-95.972931,,,0.0,Lane blocked due to accident and slippery road on US-75 Cherokee Expy Southbound at Pine St.,Cherokee Expy S,Tulsa,Tulsa,OK,74106,US,US/Central,KTUL,2020-01-11 07:34:00,26.0,14.0,96.0,29.3,4.0,NNW,14.0,0.0,Wintry Mix,False,False,False,False,False,False,False,False,False,False,False,False,False,Day,Day,Day,Day,Saturday
A-628933,Source2,1,2022-05-04 07:54:37,2022-05-04 09:02:20,36.19146,-95.975929,,,0.0,Crash on Peoria Ave at Apache St.,N Peoria Ave,Tulsa,Tulsa,OK,74106-3971,US,US/Central,KTUL,2022-05-04 07:53:00,52.0,52.0,97.0,29.26,1.0,ENE,6.0,0.0,T-Storm,False,False,True,False,False,False,False,False,False,False,False,True,False,Day,Day,Day,Day,Wednesday
A-1186120,Source2,3,2021-01-21 08:48:11,2021-01-21 09:17:23,35.377262,-97.574974,,,0.0,Accident on I-44 Northbound at Exit 113 89th St.,I-44 W,Oklahoma City,Oklahoma,OK,73159,US,US/Central,KOKC,2021-01-21 08:52:00,40.0,40.0,100.0,28.56,2.0,CALM,0.0,0.0,Fog,False,False,False,False,False,False,False,False,False,False,False,False,False,Day,Day,Day,Day,Thursday
A-6811845,Source1,2,2020-09-16 04:39:00,2020-09-16 06:39:05,36.159691,-95.967043,36.159661,-95.967164,0.0069999999999999,Incident on E ADMIRAL BLVD near HOUSE 1700 Drive with caution.,N Utica Ave,Tulsa,Tulsa,OK,74110,US,US/Central,KTUL,2020-09-16 04:53:00,65.0,65.0,93.0,29.29,10.0,NNW,3.0,0.0,Partly Cloudy,False,False,True,False,False,False,False,False,False,False,False,True,False,Night,Night,Night,Night,Wednesday
A-6494502,Source1,2,2021-02-14 22:30:30,2021-02-15 00:37:30,35.61487,-97.344683,35.638464,-97.22754,6.778,Slow traffic on Turner Tpke E - I-44 E from I-35 (I-44) to OK-66 (I-44) due to accident.,I-44 E,Jones,Oklahoma,OK,73049,US,US/Central,KTIK,2021-02-14 22:56:00,2.0,-17.0,78.0,28.99,2.0,N,17.0,24.0,Blowing Snow,False,False,False,False,False,False,False,False,False,False,False,False,False,Night,Night,Night,Night,Sunday
A-619552,Source2,1,2022-05-17 15:06:04,2022-05-17 15:51:59,35.511379,-97.546974,,,0.0,Crash on Penn Ave at 39th St.,N Pennsylvania Ave,Oklahoma City,Oklahoma,OK,73112-8841,US,US/Central,KPWA,2022-05-17 14:53:00,91.0,91.0,43.0,28.45,10.0,S,22.0,0.0,Fair / Windy,False,False,True,False,False,False,False,False,False,False,False,True,False,Day,Day,Day,Day,Tuesday
A-1163005,Source2,2,2021-02-08 15:58:31,2021-02-08 16:28:08,35.46402,-97.476761,,,0.0,Accident on Reno Ave Northbound at Martin Luther King Ave.,S Martin Luther King Ave,Oklahoma City,Oklahoma,OK,73117-4611,US,US/Central,KTIK,2021-02-08 15:56:00,24.0,15.0,99.0,28.61,2.0,N,8.0,0.0,Freezing Drizzle,False,False,False,False,False,False,False,False,False,False,False,True,False,Day,Day,Day,Day,Monday
A-4078420,Source1,4,2022-12-22 08:55:00,2022-12-22 12:22:18.000000000,35.85780399999999,-97.394328,35.798388,-97.416426,4.288,Incident on I-35 SB near INDUSTRIAL Road closed. Take alternate route.,I-35,Guthrie,Logan,OK,73044,US,US/Central,KGOK,2022-12-22 08:53:00,3.0,,84.0,29.13,2.0,,,0.0,N/A Precipitation,False,False,False,False,False,False,False,False,False,False,False,False,False,Day,Day,Day,Day,Thursday
A-1627488,Source2,2,2020-02-04 08:10:06,2020-02-04 08:55:19,35.4953,-97.536743,,,0.0,Accident on 25th St at Mckinley Ave.,N McKinley Ave,Oklahoma City,Oklahoma,OK,73106,US,US/Central,KOKC,2020-02-04 08:06:00,32.0,19.0,96.0,28.53,2.0,N,22.0,0.0,Wintry Mix / Windy,False,False,False,False,False,False,False,False,False,False,False,False,False,Day,Day,Day,Day,Tuesday
A-565049,Source2,1,2022-07-15 17:32:41,2022-07-15 18:47:10,36.08989,-95.922249,,,0.0,Crash on 51st St at Yale Ave.,S Yale Ave,Tulsa,Tulsa,OK,74135-7010,US,US/Central,KRVS,2022-07-15 17:53:00,101.0,101.0,28.0,29.25,10.0,S,9.0,0.0,Fair,False,False,True,False,False,False,False,False,False,False,False,True,False,Day,Day,Day,Day,Friday
A-1153664,Source2,2,2021-02-14 21:19:47,2021-02-14 22:05:55,35.46011400000001,-97.618858,,,0.0,Accident on I-40 Westbound at Exit 144 Macarthur Blvd.,S MacArthur Blvd,Oklahoma City,Oklahoma,OK,73128,US,US/Central,KOKC,2021-02-14 21:07:00,2.0,-21.0,80.0,28.99,1.0,N,23.0,0.0,Light Snow / Windy,False,False,False,False,False,False,False,False,False,False,False,False,False,Night,Night,Night,Night,Sunday
A-5438246,Source1,2,2022-01-14 16:13:14,2022-01-14 18:29:38,36.173352,-95.998011,36.175163,-95.997984,0.125,Incident on CHEYENNE AVE near HOUSE 1335 Drive with caution., W Newton St,Tulsa,Tulsa,OK,74106,US,US/Central,KTUL,2022-01-14 15:53:00,57.0,57.0,45.0,29.06,10.0,SE,13.0,0.0,Cloudy,False,False,True,False,False,False,False,False,False,False,False,False,False,Day,Day,Day,Day,Friday
A-3020321,Source2,3,2018-02-19 16:30:53,2018-02-19 17:00:31,35.464405,-97.577881,,,0.0,Accident on I-44 Southbound at Exits 120A 120B I-40.,I-44 W,Oklahoma City,Oklahoma,OK,73107,US,US/Central,KPWA,2018-02-19 16:53:00,45.0,38.9,80.0,29.73,4.0,North,12.7,,Haze,False,False,False,False,False,False,False,False,False,False,False,False,False,Day,Day,Day,Day,Monday
A-2159773,Source2,4,2019-04-10 06:13:24,2019-04-10 08:43:03,35.46032,-97.689667,,,0.0,Three lanes blocked due to accident on I-40 Westbound at Exit 140 Morgan Rd.,I-40 W,Oklahoma City,Canadian,OK,73128,US,US/Central,KOKC,2019-04-10 05:52:00,67.0,67.0,57.0,28.23,10.0,S,17.0,0.0,Mostly Cloudy,False,False,True,False,False,False,False,False,False,False,False,True,False,Night,Night,Day,Day,Wednesday
A-1034674,Source2,4,2021-05-22 09:03:17,2021-05-22 11:45:28,33.940479,-97.134796,,,16.260000228881836,Earlier accident on I-35 Northbound from Exit 5 OK-153 Hide-A-Way Rd to Exit 15 OK-32 Memorial Dr. All lanes have been re-opened.,I-35 N,Marietta,Love,OK,73448,US,US/Central,K1F0,2021-05-22 08:55:00,70.0,70.0,94.0,29.32,10.0,SE,10.0,0.0,Cloudy,False,False,False,False,False,False,False,False,False,False,False,False,False,Day,Day,Day,Day,Saturday
A-2354887,Source2,3,2019-01-23 09:15:34,2019-01-23 09:44:56,36.115761,-97.345032,,,0.0,Accident on I-35 Southbound after Exit 174 OK-51 6th St.,W 6th Ave,Stillwater,Payne,OK,74074,US,US/Central,KSWO,2019-01-23 09:05:00,25.0,17.1,69.0,30.16,10.0,NW,6.9,,Scattered Clouds,False,False,False,False,False,False,False,False,False,False,False,False,False,Day,Day,Day,Day,Wednesday
A-2039803,Source2,2,2019-06-07 18:29:15,2019-06-07 19:50:26,36.075375,-95.859566,,,0.0,Accident on US-169 Northbound at 61st St.,E 61st St,Tulsa,Tulsa,OK,74133,US,US/Central,KRVS,2019-06-07 18:29:00,77.0,77.0,66.0,29.08,10.0,NE,22.0,0.0,Thunder / Windy,False,False,False,False,False,False,False,False,False,False,False,False,False,Day,Day,Day,Day,Friday
A-2294500,Source2,2,2019-02-19 13:22:25,2019-02-19 14:22:15,35.420731,-97.554573,,,0.0,Accident on 44th St at Agnew Ave.,S Agnew Ave,Oklahoma City,Oklahoma,OK,73119-4831,US,US/Central,KOKC,2019-02-19 13:28:00,30.0,21.7,96.0,30.06,1.0,East,9.2,0.02,Light Freezing Drizzle,False,False,True,False,False,False,False,False,False,False,False,True,False,Day,Day,Day,Day,Tuesday
A-1266273,Source2,2,2020-11-14 20:17:56,2020-11-14 21:35:48,35.439419,-97.530151,,,0.0,Accident on 25th St at Western Ave.,SW 25th St,Oklahoma City,Oklahoma,OK,73109-1615,US,US/Central,KOKC,2020-11-14 19:57:00,68.0,68.0,24.0,28.37,10.0,N,35.0,0.0,Squalls / Windy,False,False,True,False,False,False,False,False,False,False,False,True,False,Night,Night,Night,Night,Saturday
A-1790305,Source2,2,2019-10-31 13:37:57,2019-10-31 14:37:43,35.462189,-97.519432,,,0.0,Lane blocked due to accident on Oklahoma City Blvd at Hudson Ave.,S Hudson Ave,Oklahoma City,Oklahoma,OK,73109-5039,US,US/Central,KOKC,2019-10-31 13:52:00,42.0,37.0,35.0,28.99,10.0,WNW,9.0,0.0,Fair,False,False,True,False,False,False,True,False,False,False,False,True,False,Day,Day,Day,Day,Thursday
A-3625105,Source1,4,2017-06-21 08:08:53,2017-06-21 14:08:53,34.011246,-95.141956,34.016527,-95.173902,1.866,Closed at Rattan - Road closed due to accident., W US Highway 70,Valliant,McCurtain,OK,74764,US,US/Central,K4O4,2017-06-21 08:15:00,71.6,,73.0,29.96,,ENE,6.9,,Clear,False,False,False,False,False,False,False,False,False,False,False,False,False,Day,Day,Day,Day,Wednesday
A-657734,Source2,2,2022-04-07 17:25:39,2022-04-07 17:55:09,36.158588,-95.959488,,,0.0,Crash on 1st St Eastbound at Gillette Ave.,S Gillette Ave,Tulsa,Tulsa,OK,74104-1430,US,US/Central,KTUL,2022-04-07 17:53:00,58.0,58.0,28.0,29.29,10.0,NW,25.0,0.0,Partly Cloudy / Windy,False,False,True,False,False,False,False,False,False,True,False,False,False,Day,Day,Day,Day,Thursday
A-882350,Source2,2,2021-09-27 10:55:09,2021-09-27 11:27:00,36.071812,-95.868553,,,0.0,Accident on 97th East Ave at 63rd St.,S Mingo Rd,Tulsa,Tulsa,OK,74133-6319,US,US/Central,KRVS,2021-09-27 10:53:00,83.0,83.0,39.0,29.27,10.0,S,12.0,0.0,Fair,False,False,True,False,False,False,False,False,False,False,False,False,False,Day,Day,Day,Day,Monday
A-7687272,Source1,4,2017-09-26 19:59:28,2017-09-27 01:59:28,35.52395999999999,-97.515753,35.528394,-97.514161,0.319,Closed between 36th Hwy and I-44 - Road closed due to accident. Roadwork.,US-77 S,Oklahoma City,Oklahoma,OK,73118,US,US/Central,KPWA,2017-09-26 19:53:00,62.1,,100.0,30.03,5.0,North,12.7,0.06,Light Rain,False,False,False,False,False,False,False,False,False,False,False,False,False,Night,Night,Day,Day,Tuesday
A-522016,Source2,1,2022-08-30 15:08:24,2022-08-30 15:38:12,36.2005,-95.986237,,,0.0,Crash on Garrison Ave at 32nd St.,N Garrison Ave,Tulsa,Tulsa,OK,74106-1808,US,US/Central,KTUL,2022-08-30 14:53:00,94.0,94.0,41.0,29.32,10.0,NE,10.0,0.0,Partly Cloudy,False,False,False,False,False,False,False,False,True,True,False,False,False,Day,Day,Day,Day,Tuesday
A-1467173,Source2,2,2020-05-12 10:01:16,2020-05-12 11:02:26,35.33437,-97.51207,,,0.0,Accident on OK-37 4th St at Santa Fe Ave.,S Santa Fe Ave,Oklahoma City,Cleveland,OK,73170-7314,US,US/Central,KOKC,2020-05-12 09:52:00,47.0,42.0,97.0,28.69,2.0,NE,10.0,0.01,Light Drizzle,False,False,True,False,False,False,False,False,False,False,False,True,False,Day,Day,Day,Day,Tuesday
A-607191,Source2,1,2022-05-30 10:32:11,2022-05-30 11:32:00,35.536827,-97.589905,,,0.0,Crash on 63rd St at OK-3 Northwest Expy.,NW Expressway,Oklahoma City,Oklahoma,OK,73112,US,US/Central,KPWA,2022-05-30 10:53:00,81.0,81.0,60.0,28.28,10.0,S,29.0,0.0,Partly Cloudy / Windy,False,False,False,False,False,False,False,False,False,False,False,True,False,Day,Day,Day,Day,Monday
A-628511,Source2,1,2022-05-04 16:07:43,2022-05-04 17:41:37,35.412471999999994,-97.441307,,,0.0,Crash on Sunnylane Rd at 53rd St.,SE 53rd St,Oklahoma City,Oklahoma,OK,73135-2413,US,US/Central,KTIK,2022-05-04 16:11:00,64.0,64.0,100.0,28.47,2.0,E,8.0,0.0,Fog,False,False,False,False,False,False,False,False,False,False,False,False,False,Day,Day,Day,Day,Wednesday
A-2052280,Source2,3,2019-06-14 18:04:03,2019-06-14 22:19:11,35.477112,-97.465332,,,1.7000000476837158,Center lane blocked due to accident on I-35 Southbound from Exit 130 US-62 23rd St to Exit 129 10th St.,I-35 N,Oklahoma City,Oklahoma,OK,73117,US,US/Central,KTIK,2019-06-14 17:56:00,84.0,84.0,59.0,28.42,10.0,S,21.0,0.0,Partly Cloudy / Windy,False,False,False,False,False,False,False,False,False,False,False,False,False,Day,Day,Day,Day,Friday
A-3965575,Source1,4,2022-06-13 15:33:34,2022-06-13 17:50:23,35.52865900000001,-98.039932,35.52926400000001,-98.11014,3.948,I-40 W - US-270 W is closed from Country Club Rd/Exit 123 (I-40) to US-270/Exit 115 (I-40) due to accident.,I-40,El Reno,Canadian,OK,73036,US,US/Central,KRQO,2022-06-13 15:35:00,94.0,94.0,38.0,28.3,7.0,S,24.0,0.0,Fair / Windy,False,False,False,False,True,False,False,False,False,False,False,False,False,Day,Day,Day,Day,Monday
A-7028953,Source1,1,2020-05-14 17:49:23,2020-05-14 18:49:23,36.09008,-95.85867,36.09008,-95.85867,0.0,At 51st St - Accident.,Mingo Valley Expy N,Tulsa,Tulsa,OK,74146,US,US/Central,KTUL,2020-05-14 17:53:00,81.0,81.0,65.0,29.06,10.0,SSE,10.0,0.0,Mostly Cloudy,False,False,True,False,False,False,True,False,False,False,False,False,False,Day,Day,Day,Day,Thursday
A-3347606,Source2,4,2017-07-28 16:33:54,2017-07-28 17:19:34,34.782055,-97.294228,,,0.0,Main roadway closed due to accident on I-35 Southbound before Exit 74 Kimberlin Rd.,I-35 S,Pauls Valley,Garvin,OK,73075,US,US/Central,KPVJ,2017-07-28 16:35:00,95.2,,47.0,29.88,10.0,NNE,8.1,,Mostly Cloudy,False,False,False,False,False,False,False,False,False,False,False,False,False,Day,Day,Day,Day,Friday
A-535065,Source2,1,2022-08-17 08:30:40,2022-08-17 09:00:27,36.15815,-95.990784,,,0.0,Crash on Archer St at Martin Luther King Jr Blvd.,N Martin Luther King Jr Blvd,Tulsa,Tulsa,OK,74103,US,US/Central,KTUL,2022-08-17 08:11:00,72.0,72.0,97.0,29.3,2.0,N,8.0,0.01,Light Rain,True,False,True,False,False,False,False,False,True,False,False,True,False,Day,Day,Day,Day,Wednesday
A-2250774,Source2,3,2019-02-28 08:21:38,2019-02-28 08:51:00,36.15744,-95.83506,,,0.6499999761581421,Entry ramp to I-44 Westbound from 129th E Ave Westbound closed due to rolled over truck.,E Skelly Dr,Tulsa,Tulsa,OK,74128-2412,US,US/Central,KTUL,2019-02-28 08:27:00,23.0,10.6,88.0,30.2,3.0,North,13.8,0.0,Light Freezing Drizzle,False,False,False,False,False,False,False,False,False,False,False,False,False,Day,Day,Day,Day,Thursday
A-1163944,Source2,4,2021-02-07 08:30:50,2021-02-07 11:59:23,35.523563,-98.297951,,,6.059999942779541,Lane blocked due to accident on I-40 Westbound from I-40 Exit 108 to I-40 Exit 104.,N Methodist Rd,Hinton,Canadian,OK,73047,US,US/Central,KOJA,2021-02-07 08:53:00,28.0,17.0,96.0,27.95,1.0,SE,13.0,0.0,Fog,False,False,False,False,False,False,False,False,False,False,False,False,False,Day,Day,Day,Day,Sunday
A-2395750,Source2,2,2018-12-13 15:12:20,2018-12-13 15:41:57,35.435379,-97.33564,,,0.0,Accident on 29th St at Westminster Rd.,SE 29th St,Oklahoma City,Oklahoma,OK,73130,US,US/Central,KTIK,2018-12-13 14:59:00,40.5,28.7,98.0,29.84,5.0,North,32.2,5.06,Heavy Rain,False,False,False,False,False,False,False,False,False,True,False,False,False,Day,Day,Day,Day,Thursday
A-5611108,Source1,2,2021-09-04 17:21:45,2021-09-04 18:19:46,35.46304600000001,-97.475684,35.46821,-97.466781,0.615,Slow traffic on I-40 E - I-35 N - US-62 E - US-270 E from S Eastern Ave/Martin Luther King Ave/Exit 127 (I-40/I-35) to I-35 &amp; I-40 Junction (East) (I-40/I-35) due to accident.,I-35 N,Oklahoma City,Oklahoma,OK,73117,US,US/Central,KTIK,2021-09-04 17:32:00,88.0,88.0,55.0,28.47,10.0,NNE,14.0,0.0,Thunder in the Vicinity,False,False,False,False,False,False,False,False,False,False,False,False,False,Day,Day,Day,Day,Saturday
A-5068343,Source1,2,2022-05-23 17:11:29,2022-05-24 18:02:13,36.092053,-95.904405,36.09139,-95.9044,0.046,Construction on SHERIDAN RD near HOUSE 5001 Drive with caution., S Sheridan Rd,Tulsa,Tulsa,OK,74145-5711,US,US/Central,KRVS,2022-05-23 17:16:00,57.0,57.0,100.0,29.34,4.0,CALM,0.0,0.03,T-Storm,False,False,True,False,False,False,False,False,False,False,False,False,False,Day,Day,Day,Day,Monday
A-2777277,Source2,3,2018-06-22 06:49:57,2018-06-22 07:19:39,35.420925,-97.488068,,,0.0,Accident on I-35 Northbound at Exit 123B 44th St.,SE 44th St,Oklahoma City,Oklahoma,OK,73129,US,US/Central,KTIK,2018-06-22 06:56:00,70.3,,64.0,29.89,5.0,NE,3.5,,Haze,False,False,False,False,False,False,False,False,False,False,False,False,False,Day,Day,Day,Day,Friday
A-2364498,Source2,2,2019-01-28 10:26:43,2019-01-28 11:11:22,35.493057,-97.465034,,,0.0,Accident on 23rd St at I-35.,I-35 N,Oklahoma City,Oklahoma,OK,73111,US,US/Central,KTIK,2019-01-28 10:28:00,44.6,34.4,49.0,30.03,10.0,North,32.2,,Squalls,False,False,False,False,False,False,False,False,False,False,False,False,False,Day,Day,Day,Day,Monday
A-1228787,Source2,3,2020-12-15 16:47:39,2020-12-15 18:05:12,35.461872,-97.711121,,,0.0,Accident on I-40 Westbound at Exits 138A 138B 139A 139B John Kilpatrick Tpke.,John Kilpatrick Tpke E,Yukon,Canadian,OK,73099,US,US/Central,KRCE,2020-12-15 16:55:00,30.0,23.0,93.0,28.53,1.0,ENE,8.0,0.01,Light Snow,False,False,False,False,False,False,False,False,False,False,False,False,False,Day,Day,Day,Day,Tuesday
A-3378660,Source2,2,2017-08-15 16:42:58,2017-08-15 17:12:43,36.138332,-95.904564,,,0.0,Accident on Sheridan Rd Southbound at 17th St.,E 17th St,Tulsa,Tulsa,OK,74112-7204,US,US/Central,KTUL,2017-08-15 16:53:00,84.9,,80.0,29.74,10.0,East,6.9,,Overcast,False,False,False,False,False,False,False,False,False,False,False,False,False,Day,Day,Day,Day,Tuesday
A-600084,Source2,1,2022-06-08 06:48:53,2022-06-08 07:33:29,36.089859,-95.917778,,,0.0,Crash on Darlington Ave at 51st St.,S Darlington Ave,Tulsa,Tulsa,OK,74135-7307,US,US/Central,KRVS,2022-06-08 06:53:00,74.0,,93.0,29.17,10.0,,,0.0,Cloudy,False,False,True,False,False,False,False,False,False,False,False,True,False,Day,Day,Day,Day,Wednesday
A-1839004,Source2,3,2019-11-22 07:01:37,2019-11-22 07:31:24,35.39387100000001,-97.495354,,,0.0,Accident on I-240 Westbound at Exits 4A 4B I-35 Exits 121B 122A 122B 123A.,US-62 W,Oklahoma City,Oklahoma,OK,73149,US,US/Central,KOKC,2019-11-22 06:52:00,37.0,28.0,96.0,28.73,10.0,N,15.0,0.0,Cloudy,False,False,False,False,True,False,False,False,False,False,False,False,False,Night,Day,Day,Day,Friday
A-546525,Source2,1,2022-08-04 07:35:51,2022-08-04 08:18:26,36.158791,-96.043182,,,0.0,Crash on OK-51 Westbound after 33rd West Ave.,US-412,Tulsa,Tulsa,OK,74127,US,US/Central,KTUL,2022-08-04 07:53:00,81.0,81.0,65.0,29.21,10.0,ENE,8.0,0.06,T-Storm,False,False,False,False,False,False,False,False,False,False,False,False,False,Day,Day,Day,Day,Thursday
A-5553682,Source1,2,2021-08-13 17:26:19,2021-08-13 19:41:50,36.018474,-95.886614,36.017315999999994,-95.885726,0.094,Slow traffic on US-64 E from Creek Tpke E to S 83rd East Ave due to accident., S Memorial Dr,Tulsa,Tulsa,OK,74133-6103,US,US/Central,KRVS,2021-08-13 17:46:00,74.0,74.0,91.0,29.47,1.0,S,22.0,0.0,T-Storm / Windy,False,False,True,False,False,False,False,False,False,True,False,False,False,Day,Day,Day,Day,Friday
A-2871297,Source2,2,2018-04-07 10:12:46,2018-04-07 10:48:00,35.478844,-97.68895,,,0.0,Accident on 10th St at Morgan Rd.,NW 10th St,Oklahoma City,Oklahoma,OK,73127-7126,US,US/Central,KPWA,2018-04-07 10:02:00,24.1,9.8,88.0,30.24,1.0,North,19.6,0.0,Light Snow,False,False,False,False,False,False,False,False,False,False,False,True,False,Day,Day,Day,Day,Saturday
A-533645,Source2,1,2022-08-18 15:35:25,2022-08-18 16:35:08,36.109169,-95.887726,,,0.0,Crash on OK-51 Westbound at Memorial Dr.,US-64,Tulsa,Tulsa,OK,74145,US,US/Central,KRVS,2022-08-18 15:53:00,84.0,84.0,47.0,29.28,10.0,ESE,9.0,0.0,Cloudy,False,False,False,False,False,False,False,False,False,False,False,False,False,Day,Day,Day,Day,Thursday
A-2013499,Source2,2,2019-08-08 16:30:29,2019-08-08 19:12:09,35.478466,-97.565842,,,0.0,Accident on 10th St at May Ave.,NW 10th St,Oklahoma City,Oklahoma,OK,73107,US,US/Central,KPWA,2019-08-08 16:53:00,84.0,84.0,74.0,28.53,10.0,ENE,12.0,0.0,Light Rain,False,False,True,False,False,False,False,False,False,False,False,True,False,Day,Day,Day,Day,Thursday
A-523361,Source2,3,2022-08-29 14:51:40,2022-08-29 15:20:49,36.16048,-95.999939,,,0.0,Crash on OK-51 Westbound at I-244.,Osage Expy,Tulsa,Tulsa,OK,74103,US,US/Central,KTUL,2022-08-29 14:53:00,71.0,71.0,93.0,29.26,1.0,NW,12.0,0.51,Heavy T-Storm,False,False,False,False,False,False,False,False,False,False,False,False,False,Day,Day,Day,Day,Monday
A-622672,Source2,1,2022-05-13 05:04:49,2022-05-13 05:34:09,36.188919,-95.903656,,,0.0,Crash on OK-11 at Sheridan Rd.,Gilcrease Expy W,Tulsa,Tulsa,OK,74115,US,US/Central,KTUL,2022-05-13 05:07:00,72.0,72.0,91.0,29.16,3.0,S,15.0,0.21,Heavy T-Storm,False,False,False,False,False,False,False,False,False,False,False,False,False,Night,Night,Night,Day,Friday
A-680847,Source2,2,2022-03-11 06:04:38,2022-03-11 07:04:37,35.4062,-97.653908,,,0.0,Crash on Council Rd at 59th St.,S Council Rd,Oklahoma City,Oklahoma,OK,73179-5000,US,US/Central,KOKC,2022-03-11 05:52:00,23.0,8.0,88.0,28.82,1.0,N,21.0,0.01,Light Snow / Windy,False,False,False,False,False,False,False,False,False,True,False,False,False,Night,Night,Day,Day,Friday
A-806985,Source2,3,2021-11-23 15:08:15,2021-11-23 16:07:13,35.438412,-97.569778,,,0.0,Lane blocked due to accident on I-44 Northbound after Exit 118 29th St.,I-44 E,Oklahoma City,Oklahoma,OK,73108,US,US/Central,KOKC,2021-11-23 14:52:00,69.0,69.0,19.0,28.56,10.0,S,25.0,0.0,Fair / Windy,False,False,False,False,False,False,False,False,False,False,False,False,False,Day,Day,Day,Day,Tuesday
A-817218,Source2,2,2021-11-16 15:36:54,2021-11-16 16:06:38,36.0751,-95.966316,,,0.0,Accident on Utica Pl at 61st St.,S Utica Ave,Tulsa,Tulsa,OK,74136-0801,US,US/Central,KRVS,2021-11-16 15:53:00,78.0,78.0,48.0,29.0,10.0,S,23.0,0.0,Fair / Windy,False,False,True,False,False,False,False,False,False,True,False,False,False,Day,Day,Day,Day,Tuesday
A-1805119,Source2,3,2019-11-07 11:33:02,2019-11-07 12:18:14,35.340569,-97.524406,,,0.0,Accident on Waterview Rd at Turtle Creek Rd.,Waterview Rd,Oklahoma City,Cleveland,OK,73170-1629,US,US/Central,KOKC,2019-11-07 11:52:00,34.0,21.0,82.0,29.05,10.0,N,25.0,0.0,Cloudy / Windy,False,False,False,False,False,False,False,False,False,False,False,False,False,Day,Day,Day,Day,Thursday
A-2766440,Source2,3,2018-06-17 12:05:10,2018-06-17 12:49:39,35.461533,-97.555481,,,0.0,Accident on I-40 Eastbound at Exits 148A 148B 148C Pennsylvania Ave.,I-40 E,Oklahoma City,Oklahoma,OK,73108,US,US/Central,KOKC,2018-06-17 11:52:00,84.9,,57.0,29.94,10.0,SSE,15.0,,Scattered Clouds,False,False,False,False,False,False,False,False,False,False,False,False,False,Day,Day,Day,Day,Sunday
A-3318505,Source2,2,2017-09-19 08:37:52,2017-09-19 09:22:32,36.089989,-95.984627,,,0.0,Accident Injuries involved on Riverside Dr at I-44.,I-44 W,Tulsa,Tulsa,OK,74105,US,US/Central,KRVS,2017-09-19 08:36:00,77.0,,71.0,29.9,3.0,South,8.1,0.32,Light Thunderstorms and Rain,False,False,False,False,False,False,False,False,False,False,False,False,False,Day,Day,Day,Day,Tuesday
A-1358150,Source2,2,2020-10-26 15:27:58,2020-10-26 15:57:29,35.393459,-97.335587,,,0.0,Accident on I-240 Westbound at Westminster Rd.,I-240 W,Oklahoma City,Oklahoma,OK,73150,US,US/Central,KTIK,2020-10-26 15:34:00,32.0,27.0,93.0,28.82,9.0,N,5.0,0.0,Light Freezing Rain,False,False,False,False,False,False,False,False,False,False,False,False,False,Day,Day,Day,Day,Monday
A-1947701,Source2,3,2019-07-02 06:41:31,2019-07-02 07:26:48,35.551208,-97.456772,,,0.0,Accident on I-35 Northbound at Exit 134 Wilshire Blvd.,E Wilshire Blvd,Oklahoma City,Oklahoma,OK,73121,US,US/Central,KTIK,2019-07-02 06:47:00,73.0,73.0,94.0,28.59,10.0,S,10.0,0.0,Thunder in the Vicinity,False,False,False,False,False,False,False,False,False,False,False,False,False,Day,Day,Day,Day,Tuesday
A-7191437,Source1,2,2020-04-22 10:51:51,2020-04-22 12:07:43,36.0174,-95.86852,36.0174,-95.86852,0.0,At E 101st St S - Accident.,S Mingo Rd,Tulsa,Tulsa,OK,74133,US,US/Central,KRVS,2020-04-22 10:53:00,62.0,62.0,86.0,29.11,1.0,NNE,9.0,0.28,Heavy T-Storm,False,False,False,False,False,False,False,False,False,False,False,True,False,Day,Day,Day,Day,Wednesday
A-6316834,Source1,2,2021-08-21 21:57:18,2021-08-21 23:37:01,36.117788,-95.829149,36.117692,-95.829547,0.023,Incident on 31ST PL near HOUSE 13110 Drive with caution., S 132nd East Ave,Tulsa,Tulsa,OK,74134-4033,US,US/Central,KTUL,2021-08-21 21:53:00,80.0,80.0,67.0,29.24,10.0,W,23.0,0.0,Thunder / Windy,False,False,False,False,False,False,False,False,False,False,False,False,False,Night,Night,Night,Night,Saturday
A-1833301,Source2,4,2019-11-20 05:51:12,2019-11-20 10:24:53,35.434471,-97.397339,,,2.4600000381469727,Lane blocked due to accident on I-40 Westbound from Exit 159B Douglas Blvd to F Ave / Town Center Dr.,Town Center Dr,Oklahoma City,Oklahoma,OK,73110,US,US/Central,KTIK,2019-11-20 05:56:00,59.0,59.0,72.0,28.48,10.0,S,21.0,0.0,Mostly Cloudy / Windy,False,False,False,False,False,False,False,False,False,False,False,False,False,Night,Night,Night,Day,Wednesday
A-3025682,Source2,2,2018-02-21 18:08:45,2018-02-21 18:38:24,36.125893,-95.940224,,,0.0,Accident on US-64 Westbound at Harvard Ave.,S Harvard Ave,Tulsa,Tulsa,OK,74114,US,US/Central,KTUL,2018-02-21 17:53:00,30.0,21.1,92.0,30.38,10.0,ENE,10.4,0.01,Light Freezing Rain,False,False,True,False,False,False,False,False,False,False,False,True,False,Day,Day,Day,Day,Wednesday
A-2585390,Source2,2,2018-09-14 22:49:42,2018-09-14 23:19:30,34.664589,-99.570313,,,0.0,Accident on Broadway Ave at 5th St.,E 5th St,Duke,Jackson,OK,73532-9605,US,US/Central,KAXS,2018-09-14 22:55:00,75.2,,77.0,30.09,5.0,ESE,6.9,,Haze,False,False,False,False,False,False,False,False,False,False,False,False,False,Night,Night,Night,Night,Friday
A-2235535,Source2,3,2019-03-23 13:16:14,2019-03-23 14:00:53,35.39098,-97.424507,,,0.0,Accident on I-240 Eastbound at Exit 8 I-240 Service Rd.,I-240 W,Oklahoma City,Oklahoma,OK,73135,US,US/Central,KTIK,2019-03-23 12:56:00,60.1,,64.0,29.98,10.0,South,11.5,,Mostly Cloudy,False,False,False,False,False,False,False,False,False,False,False,False,False,Day,Day,Day,Day,Saturday
A-936997,Source2,3,2021-08-13 15:52:22,2021-08-13 16:21:51,35.435177,-97.569771,,,0.0,Lane blocked due to accident on I-44 Northbound at Exit 118 29th St.,SW 29th St,Oklahoma City,Oklahoma,OK,73119,US,US/Central,KOKC,2021-08-13 15:52:00,85.0,85.0,48.0,28.7,10.0,NNE,14.0,0.0,Thunder,False,False,False,False,False,False,False,False,False,False,False,False,False,Day,Day,Day,Day,Friday
A-724560,Source2,2,2022-02-02 04:38:47,2022-02-02 05:07:10,35.391651,-97.506584,,,0.0,Accident on I-240 Service road Eastbound at Shields Blvd.,SE 74th St,Oklahoma City,Oklahoma,OK,73149,US,US/Central,KOKC,2022-02-02 04:52:00,30.0,16.0,92.0,28.58,5.0,N,25.0,0.0,Wintry Mix / Windy,False,False,True,False,False,False,False,False,False,False,False,True,False,Night,Night,Night,Night,Wednesday
A-616823,Source2,1,2022-05-19 16:32:37,2022-05-19 17:17:25,35.34872100000001,-97.424477,,,0.0,Crash on OK-77H Sooner Rd at 119th St.,S Sooner Rd,Oklahoma City,Cleveland,OK,73165,US,US/Central,KTIK,2022-05-19 16:56:00,90.0,90.0,44.0,28.15,10.0,S,22.0,0.0,Fair / Windy,False,False,False,False,False,False,False,False,False,True,False,False,False,Day,Day,Day,Day,Thursday
A-2462559,Source2,2,2018-11-16 07:58:31,2018-11-16 08:44:00,35.447475,-97.57534,,,0.0,Accident on 17th St near Independence Ave.,SW 17th St,Oklahoma City,Oklahoma,OK,73108-4248,US,US/Central,KOKC,2018-11-16 07:52:00,39.9,35.1,86.0,30.12,10.0,North,6.9,,Partly Cloudy,False,False,False,False,False,False,False,False,False,False,False,False,False,Day,Day,Day,Day,Friday
A-2110005,Source2,3,2019-05-18 08:47:17,2019-05-18 09:16:58,35.435177,-97.569771,,,0.0,Accident on I-44 Northbound at Exit 118 29th St.,SW 29th St,Oklahoma City,Oklahoma,OK,73119,US,US/Central,KOKC,2019-05-18 08:44:00,63.0,63.0,93.0,28.37,0.75,SW,22.0,0.17,Heavy T-Storm / Windy,False,False,False,False,False,False,False,False,False,False,False,False,False,Day,Day,Day,Day,Saturday
A-601255,Source2,1,2022-06-07 07:40:06,2022-06-07 08:09:40,35.464409,-97.742538,,,0.0,Crash on Reno Ave at Czech Hall Rd.,W Reno Ave,Yukon,Canadian,OK,73099-6876,US,US/Central,KRCE,2022-06-07 07:35:00,70.0,70.0,94.0,28.44,0.5,NE,21.0,0.0,Heavy Rain / Windy,False,False,False,False,False,False,False,False,False,False,False,False,False,Day,Day,Day,Day,Tuesday
A-2166181,Source2,3,2019-04-13 18:32:25,2019-04-13 22:01:14,35.501118,-97.936821,,,3.3299999237060547,One lane blocked due to accident on I-40 Eastbound between Exit 123 Country Club Rd and Exit 125 US-81.,I-40 E,El Reno,Canadian,OK,73036,US,US/Central,KRQO,2019-04-13 18:35:00,41.0,30.0,93.0,28.33,3.0,NNE,30.0,0.05,Rain / Windy,False,False,False,False,False,False,False,False,False,False,False,False,False,Day,Day,Day,Day,Saturday
A-1851078,Source2,3,2019-11-28 15:24:07,2019-11-28 16:33:05,35.391087,-97.48661,,,0.0,Lane blocked due to accident on I-240 Eastbound at Exit 4C Pole Rd.,I-240 E,Oklahoma City,Oklahoma,OK,73149,US,US/Central,KOKC,2019-11-28 15:37:00,39.0,33.0,100.0,28.83,3.0,ESE,9.0,0.0,Light Drizzle,False,False,False,False,False,False,False,False,False,False,False,False,False,Day,Day,Day,Day,Thursday
A-2642967,Source2,1,2018-08-13 06:00:05,2018-08-13 06:45:05,35.354637,-97.505005,,,0.0,Accident on Camelot at 18th St.,NW 18th St,Moore,Cleveland,OK,73160-1507,US,US/Central,KOUN,2018-08-13 05:55:00,72.9,,92.0,30.0,10.0,SSE,6.9,,Light Drizzle,False,False,False,False,False,False,False,False,False,False,False,False,False,Night,Night,Day,Day,Monday
A-3283275,Source2,2,2017-09-03 08:42:59,2017-09-03 09:12:44,35.522167,-97.574562,,,0.0,Accident on 50th St Southbound at Independence Ave.,NW 50th St,Oklahoma City,Oklahoma,OK,73112-5628,US,US/Central,KPWA,2017-09-03 08:53:00,75.9,,82.0,30.07,6.0,Calm,,,Haze,False,False,True,False,False,False,False,False,False,False,False,True,False,Day,Day,Day,Day,Sunday
A-7066168,Source1,3,2020-06-29 10:16:47,2020-06-29 11:16:47,35.54462,-97.52976,35.54462,-97.52976,0.0,At NW 63rd St - Accident., N Western Ave,Oklahoma City,Oklahoma,OK,73116-7117,US,US/Central,KPWA,2020-06-29 09:53:00,84.0,84.0,67.0,28.35,10.0,S,28.0,0.0,Fair / Windy,False,False,False,False,False,False,False,False,False,True,False,False,False,Day,Day,Day,Day,Monday
A-1535036,Source2,2,2020-03-19 06:11:39,2020-03-19 07:32:39,36.157341,-96.029625,,,0.0,Accident on OK-51 Eastbound at 49th West Ave.,Keystone Expy E,Tulsa,Tulsa,OK,74127,US,US/Central,KTUL,2020-03-19 06:14:00,65.0,65.0,81.0,29.06,4.0,SSW,7.0,0.13,T-Storm,False,False,False,False,False,False,False,False,False,False,False,False,False,Night,Night,Night,Day,Thursday
A-2014305,Source2,2,2019-08-09 04:43:34,2019-08-09 05:28:19,36.118938,-95.815376,,,0.0,Accident on 145th East Ave at 31st St.,E 31st St,Tulsa,Tulsa,OK,74134,US,US/Central,KTUL,2019-08-09 04:53:00,74.0,74.0,100.0,29.18,5.0,NNW,6.0,0.01,Patches of Fog,False,False,False,False,False,False,False,False,False,False,False,True,False,Night,Night,Night,Night,Friday
A-1536396,Source2,2,2020-03-20 10:10:40,2020-03-20 11:12:53,35.532566,-97.580627,,,0.0,Accident on OK-3 Northwest Expy Eastbound at Portland Ave.,NW Expressway,Oklahoma City,Oklahoma,OK,73112-4422,US,US/Central,KPWA,2020-03-20 09:53:00,38.0,28.0,76.0,29.02,10.0,N,21.0,0.0,Cloudy / Windy,False,False,False,False,False,False,False,False,False,False,False,False,False,Day,Day,Day,Day,Friday
A-7123196,Source1,1,2020-03-19 06:21:14,2020-03-19 06:36:14,35.50286,-97.46199,35.51921,-97.45936,1.139,Between US-62/23rd St/Exit 130 and 50th St/Exit 132 - Earlier accident.,I-35 N,Oklahoma City,Oklahoma,OK,73111,US,US/Central,KTIK,2020-03-19 06:26:00,59.0,59.0,100.0,28.45,10.0,SSE,6.0,0.0,Thunder in the Vicinity,False,False,False,False,True,False,False,False,False,False,False,False,False,Night,Night,Night,Day,Thursday
A-2067564,Source2,2,2019-06-23 08:07:53,2019-06-23 08:52:30,35.493229,-97.44162,,,0.0,Accident on US-62 23rd St at Coltrane Rd.,N Coltrane Rd,Oklahoma City,Oklahoma,OK,73121-4625,US,US/Central,KTIK,2019-06-23 08:11:00,66.0,66.0,100.0,28.46,1.0,NNW,9.0,0.0,Heavy T-Storm,False,False,False,True,False,False,False,False,False,False,False,True,False,Day,Day,Day,Day,Sunday
A-652878,Source2,3,2022-04-12 15:45:17,2022-04-12 16:14:37,35.412899,-97.653923,,,0.0,Crash on OK-152 Northbound at John Kilpatrick Tpke Exit John Kilpatrick Tpke.,S Council Rd,Oklahoma City,Oklahoma,OK,73179,US,US/Central,KOKC,2022-04-12 15:52:00,83.0,83.0,53.0,28.15,10.0,S,28.0,0.0,Mostly Cloudy / Windy,False,False,False,False,False,False,False,False,False,False,False,True,False,Day,Day,Day,Day,Tuesday
A-613855,Source2,3,2022-05-23 10:06:56,2022-05-23 11:13:22,35.435638,-97.410622,,,0.0,Roadway reduced to one lane due to crash on I-40 Westbound at Exit 157B Air Depot Blvd.,Tinker Diagonal,Oklahoma City,Oklahoma,OK,73110,US,US/Central,KTIK,2022-05-23 10:00:00,52.0,52.0,100.0,28.77,9.0,ESE,6.0,0.0,T-Storm,False,False,False,False,False,False,False,False,False,False,False,False,False,Day,Day,Day,Day,Monday
A-3184818,Source2,2,2017-11-14 06:19:06,2017-11-14 06:48:50,35.412933,-97.653908,,,0.0,Accident on OK-152 Westbound at Council Rd.,OK-152 E,Oklahoma City,Oklahoma,OK,73179,US,US/Central,KOKC,2017-11-14 06:25:00,55.9,,100.0,30.09,0.2,SSE,9.2,0.0,Heavy Drizzle,False,False,False,False,False,False,False,False,False,False,False,True,False,Night,Night,Day,Day,Tuesday
A-2508061,Source2,3,2018-10-09 05:02:33,2018-10-09 05:47:21,35.514168,-97.54731,,,0.0,One lane blocked due to accident on I-44 Eastbound at Pennsylvania Ave.,N Pennsylvania Ave,Oklahoma City,Oklahoma,OK,73112,US,US/Central,KPWA,2018-10-09 04:53:00,66.9,,97.0,29.71,4.0,ESE,8.1,0.28,Light Rain,False,False,False,False,False,False,False,False,False,False,False,True,False,Night,Night,Night,Night,Tuesday
A-1751006,Source2,2,2019-10-13 14:26:55,2019-10-13 16:26:40,35.667519,-97.549622,,,0.0,Restrictions due to accident on 192nd St at Penn Ave.,NW 192nd St,Edmond,Oklahoma,OK,73012-4016,US,US/Central,KPWA,2019-10-13 14:53:00,77.0,77.0,23.0,28.55,10.0,S,9.0,0.0,Fair,False,False,False,False,False,False,False,False,False,False,False,True,False,Day,Day,Day,Day,Sunday
A-2236277,Source2,2,2019-03-24 12:30:29,2019-03-24 14:19:19,35.549541,-97.61911,,,0.0,Accident on OK-3 Expressway St Eastbound at Macarthur Blvd.,NW Expressway,Oklahoma City,Oklahoma,OK,73132-5240,US,US/Central,KPWA,2019-03-24 12:38:00,63.0,,65.0,30.04,10.0,Variable,6.9,,Scattered Clouds,False,False,False,False,False,False,False,False,False,False,False,True,False,Day,Day,Day,Day,Sunday
A-3262673,Source2,1,2017-10-23 17:32:07,2017-10-23 18:01:39,35.47860700000001,-97.471352,,,0.0,Accident on 10th St at Carverdale Dr.,NE 10th St,Oklahoma City,Oklahoma,OK,73117-5029,US,US/Central,KTIK,2017-10-23 17:54:00,69.8,,35.0,30.14,10.0,North,13.8,,Clear,False,False,True,False,False,False,False,False,False,False,False,True,False,Day,Day,Day,Day,Monday
A-1775882,Source2,2,2019-10-24 17:54:18,2019-10-24 19:09:03,35.49633,-97.53418,,,0.0,Accident on 26th St at Classen Blvd.,NW 26th St,Oklahoma City,Oklahoma,OK,73106,US,US/Central,KOKC,2019-10-24 17:52:00,42.0,33.0,100.0,28.79,1.0,NNE,22.0,0.08,Heavy Rain / Windy,False,False,False,False,False,False,False,False,False,False,False,False,False,Day,Day,Day,Day,Thursday
A-5469150,Source1,2,2021-10-28 14:09:47,2021-10-29 14:55:53.000000000,36.181997,-95.958232,36.182004,-95.957353,0.049,Construction on TECUMSEH ST near HOUSE 2400 Expect delays., E Tecumseh St,Tulsa,Tulsa,OK,74110-2578,US,US/Central,KTUL,2021-10-28 13:53:00,55.0,55.0,69.0,28.93,10.0,NNW,25.0,0.0,Light Rain / Windy,False,False,True,False,False,True,False,False,False,True,False,False,False,Day,Day,Day,Day,Thursday
A-1119391,Source2,3,2021-03-15 08:00:47,2021-03-15 10:05:00,35.377262,-97.574974,,,0.0,Accident on I-44 Northbound at Exit 113 89th St.,I-44 W,Oklahoma City,Oklahoma,OK,73159,US,US/Central,KOKC,2021-03-15 07:52:00,45.0,41.0,63.0,28.36,10.0,SW,8.0,0.0,Fair,False,False,False,False,False,False,False,False,False,False,False,False,False,Day,Day,Day,Day,Monday
A-2748137,Source2,2,2018-06-07 08:39:55,2018-06-07 09:09:40,35.540852,-97.529778,,,0.0,Accident on Western Ave at Fenwick Pl.,N Western Ave,Oklahoma City,Oklahoma,OK,73116-7214,US,US/Central,KPWA,2018-06-07 08:28:00,75.9,,85.0,29.93,9.0,SE,16.1,0.01,Light Thunderstorms and Rain,False,False,False,False,False,False,False,False,False,True,False,False,False,Day,Day,Day,Day,Thursday
A-612850,Source2,1,2022-05-24 08:08:33,2022-05-24 09:08:19,36.15234,-95.926971,,,0.0,Crash on 6th St at Toledo Ave.,S Toledo Ave,Tulsa,Tulsa,OK,74112-2750,US,US/Central,KTUL,2022-05-24 08:12:00,62.0,62.0,96.0,29.14,3.0,ESE,15.0,0.05,Rain,False,False,False,False,False,False,False,False,False,False,False,False,False,Day,Day,Day,Day,Tuesday
A-4569068,Source1,2,2023-01-29 17:12:06,2023-01-30 18:59:58,36.060969,-95.868468,36.060971,-95.868622,0.009,Construction on 71ST ST near HOUSE 9700 Expect delays.,E 71st St S,Tulsa,Tulsa,OK,74133,US,US/Central,KRVS,2023-01-29 16:53:00,22.0,10.0,82.0,29.52,10.0,N,12.0,0.0,Cloudy,False,False,True,False,False,False,False,False,False,False,False,True,False,Day,Day,Day,Day,Sunday
A-2645526,Source2,3,2018-08-14 18:12:23,2018-08-14 18:42:01,35.392052,-97.512611,,,0.0,Accident on I-240 Westbound at Santa Fe Ave.,I-240 W,Oklahoma City,Oklahoma,OK,73139,US,US/Central,KOKC,2018-08-14 18:06:00,73.9,,82.0,29.89,1.0,East,8.1,0.64,Heavy Thunderstorms and Rain,False,False,True,False,False,False,False,False,False,False,False,True,False,Day,Day,Day,Day,Tuesday
A-601920,Source2,1,2022-06-06 17:23:14,2022-06-06 18:10:12,35.393501,-97.264877,,,0.0,Crash on Choctaw Rd at I-40 Exit 166.,S Choctaw Rd,Choctaw,Oklahoma,OK,73020,US,US/Central,KTIK,2022-06-06 16:56:00,85.0,85.0,57.0,28.33,10.0,SE,3.0,0.0,Partly Cloudy,False,False,False,False,False,False,False,False,False,False,False,True,False,Day,Day,Day,Day,Monday
A-1375385,Source2,2,2020-09-05 10:02:35,2020-09-05 10:47:17,35.47879000000001,-97.61895,,,0.0,Accident on 10th St Southbound at Macarthur Blvd.,N MacArthur Blvd,Oklahoma City,Oklahoma,OK,73127-4326,US,US/Central,KPWA,2020-09-05 09:53:00,81.0,81.0,69.0,28.9,6.0,SW,9.0,0.0,Haze,False,False,False,False,False,False,False,False,False,False,False,True,False,Day,Day,Day,Day,Saturday
A-2115571,Source2,2,2019-05-21 06:43:15,2019-05-21 07:58:07,36.12579,-95.827423,,,0.0,Accident on 27th St at 134th East Ave.,S 134th East Ave,Tulsa,Tulsa,OK,74134-2653,US,US/Central,KTUL,2019-05-21 06:45:00,66.0,66.0,87.0,28.84,1.0,WNW,23.0,0.42,Heavy T-Storm / Windy,False,False,False,False,False,False,False,False,False,False,False,False,False,Day,Day,Day,Day,Tuesday
A-1627420,Source2,4,2020-02-03 14:12:26,2020-02-03 15:46:14,35.43521099999999,-97.570213,,,1.4800000190734863,Lane blocked due to accident on I-44 Northbound from 44th St to Exit 118 29th St.,SW 29th St,Oklahoma City,Oklahoma,OK,73119,US,US/Central,KOKC,2020-02-03 13:52:00,65.0,65.0,31.0,28.27,10.0,WSW,14.0,0.0,Mostly Cloudy,False,False,False,False,False,False,False,False,False,False,False,True,False,Day,Day,Day,Day,Monday
A-1228778,Source2,2,2020-12-15 15:05:00,2020-12-15 16:40:52,35.522289,-97.614487,,,0.0,Accident on 50th St at Grove Ave.,N Grove Ave,Warr Acres,Oklahoma,OK,73122-5123,US,US/Central,KPWA,2020-12-15 14:53:00,31.0,22.0,92.0,28.57,0.25,ENE,10.0,0.03,Snow,False,False,True,False,False,False,False,False,False,False,False,True,False,Day,Day,Day,Day,Tuesday
A-1665144,Source2,3,2020-02-24 08:39:23,2020-02-24 09:24:32,35.415401,-97.579704,,,0.0,Accident on I-44 Northbound at Exit 116B OK-152 Airport Rd.,I-44 E,Oklahoma City,Oklahoma,OK,73119,US,US/Central,KOKC,2020-02-24 08:49:00,46.0,41.0,100.0,28.26,3.0,WNW,13.0,0.02,Light Drizzle,False,False,False,False,False,False,False,False,False,False,False,False,False,Day,Day,Day,Day,Monday
A-3334044,Source2,2,2017-09-26 07:53:32,2017-09-26 08:23:13,35.323833,-97.512077,,,0.0,Accident on 144th St at Santa Fe Ave.,S Santa Fe Ave,Oklahoma City,Cleveland,OK,73160,US,US/Central,KOUN,2017-09-26 07:55:00,68.0,,100.0,29.99,5.0,NE,5.8,,Drizzle,False,False,True,False,False,False,False,False,False,False,False,False,False,Day,Day,Day,Day,Tuesday
A-3025518,Source2,3,2018-02-21 14:00:55,2018-02-21 15:00:39,35.391415,-97.459328,,,0.0,Accident on I-240 Westbound at Exit 6 Bryant Ave.,S Bryant Ave,Oklahoma City,Oklahoma,OK,73149,US,US/Central,KOKC,2018-02-21 14:03:00,23.0,11.1,92.0,30.36,0.8,NNE,12.7,0.02,Ice Pellets,False,False,False,False,False,False,False,False,False,False,False,False,False,Day,Day,Day,Day,Wednesday
A-1533611,Source2,2,2020-03-18 08:38:16,2020-03-18 09:07:32,35.42075,-97.423569,,,0.0,Accident on Sooner Rd at 44th St.,S Sooner Rd,Oklahoma City,Oklahoma,OK,73135,US,US/Central,KTIK,2020-03-18 08:42:00,59.0,59.0,100.0,28.56,4.0,SSW,14.0,0.0,Cloudy,False,False,True,False,False,False,False,False,False,False,False,True,False,Day,Day,Day,Day,Wednesday
A-3352248,Source2,3,2017-08-02 14:46:07,2017-08-02 15:15:48,35.594807,-97.432632,,,0.0,Accident on I-35 Northbound at Exit 137 I-44 I-35.,Historic Route 66 E,Edmond,Oklahoma,OK,73013,US,US/Central,KPWA,2017-08-02 14:53:00,84.9,,51.0,30.03,10.0,Variable,5.8,,Partly Cloudy,False,False,False,False,False,False,False,False,False,False,False,False,False,Day,Day,Day,Day,Wednesday
A-1155859,Source2,3,2021-02-12 18:11:28,2021-02-12 19:36:37,35.290607,-97.487648,,,0.0,Right lane blocked due to accident on I-35 Northbound at Indian Hills Rd.,I-35 S,Norman,Cleveland,OK,73069,US,US/Central,KOUN,2021-02-12 17:45:00,16.0,2.0,79.0,28.98,7.0,N,13.0,0.0,Light Snow,False,False,False,False,False,False,False,False,False,False,False,False,False,Night,Day,Day,Day,Friday
A-2974214,Source2,2,2018-03-27 06:28:37,2018-03-27 06:57:23,36.025402,-95.868607,,,0.0,Accident on Creek Turnpike Eastbound at Mingo Rd.,S Mingo Rd,Tulsa,Tulsa,OK,74133,US,US/Central,KRVS,2018-03-27 06:29:00,59.0,,96.0,29.95,2.5,North,6.9,0.46,Rain,False,False,False,False,True,False,False,False,False,False,False,False,False,Night,Night,Day,Day,Tuesday
A-699183,Source2,2,2022-02-23 06:33:54,2022-02-23 07:02:45,35.360825,-97.581299,,,0.0,Crash on I-44 Service Rd Southbound at Exit 112 Portland Ave.,I-44,Oklahoma City,Cleveland,OK,73170,US,US/Central,KOKC,2022-02-23 06:33:00,13.0,-6.0,65.0,29.04,10.0,N,23.0,0.0,Light Freezing Rain / Windy,False,False,False,False,False,False,False,False,False,False,False,False,False,Night,Night,Day,Day,Wednesday
A-7738521,Source1,4,2019-06-14 05:59:15,2019-06-14 10:07:53,35.601258,-97.430361,35.60025,-97.43081,0.074,At I-44/Exit 138 - Overturned heavy truck.,I-35 S,Edmond,Oklahoma,OK,73013,US,US/Central,KPWA,2019-06-14 05:53:00,65.0,65.0,81.0,28.57,10.0,S,23.0,0.0,Fair / Windy,False,False,False,False,False,False,False,False,False,False,False,False,False,Night,Day,Day,Day,Friday
A-2160013,Source2,3,2019-04-10 18:22:33,2019-04-10 18:52:14,36.15918,-95.922623,,,0.0,Accident on I-244 Eastbound at Exit 10 Yale Ave.,S Yale Ave,Tulsa,Tulsa,OK,74112,US,US/Central,KTUL,2019-04-10 17:53:00,85.0,85.0,31.0,28.62,10.0,S,22.0,0.0,Cloudy / Windy,False,False,False,False,False,False,False,False,False,False,False,False,False,Day,Day,Day,Day,Wednesday
A-7511524,Source1,2,2018-09-30 10:09:13,2018-09-30 10:38:54,35.537961,-97.473168,35.53463,-97.48051,0.473,At N Martin Luther King Ave/Exit 129 - Accident. Lane blocked.,Historic Route 66 W,Oklahoma City,Oklahoma,OK,73111,US,US/Central,KTIK,2018-09-30 09:54:00,68.0,,100.0,30.16,5.0,South,11.5,,Overcast,False,False,False,False,True,False,False,False,False,False,False,False,False,Day,Day,Day,Day,Sunday
A-7203203,Source1,2,2020-04-28 18:46:00,2020-04-28 19:16:00,35.59454,-97.53151,35.59454,-97.53151,0.0,At W Hefner Rd - Accident., NW 122nd St,Oklahoma City,Oklahoma,OK,73114-8024,US,US/Central,KPWA,2020-04-28 18:53:00,81.0,81.0,67.0,28.38,10.0,N,9.0,0.04,Thunder in the Vicinity,False,False,False,False,False,False,False,False,False,False,False,True,False,Day,Day,Day,Day,Tuesday
A-7695038,Source1,4,2017-08-13 06:41:15,2017-08-13 12:41:15,35.39314,-97.2656,35.393182,-97.265697,0.006,Closed at Choctaw Rd/Exit 166 - Road closed due to accident.,OK-3 W,Choctaw,Oklahoma,OK,73020,US,US/Central,KTIK,2017-08-13 06:43:00,69.8,,100.0,29.93,6.0,NE,4.6,,Light Drizzle,False,False,False,False,False,False,False,False,False,False,False,False,False,Night,Day,Day,Day,Sunday
A-2451056,Source2,2,2018-11-12 08:14:06,2018-11-12 09:16:00,36.133423,-95.897247,,,0.0,Accident on 21st St at 71st East Ave.,S 71st East Ave,Tulsa,Tulsa,OK,74112-7631,US,US/Central,KTUL,2018-11-12 08:32:00,33.1,22.2,92.0,30.32,0.2,North,17.3,0.05,Snow,False,False,True,False,False,False,False,False,False,True,False,False,False,Day,Day,Day,Day,Monday
A-3346787,Source2,2,2017-07-27 18:44:58,2017-07-27 19:29:11,35.403351,-97.534698,,,0.0,Accident on Douglas Ave near 62nd St.,SW 62nd St,Oklahoma City,Oklahoma,OK,73139-1404,US,US/Central,KOKC,2017-07-27 18:19:00,86.0,,49.0,29.88,10.0,NW,28.8,,Thunderstorm,False,False,False,False,False,False,False,False,False,False,False,False,False,Day,Day,Day,Day,Thursday
A-1631000,Source2,3,2020-02-05 04:58:27,2020-02-05 08:11:29,36.342667,-95.48835,,,0.0,Right lane blocked due to jackknifed trailer on I-44 Westbound at S 4220 Rd.,I-44 E,Claremore,Rogers,OK,74019,US,US/Central,KGCM,2020-02-05 04:55:00,32.0,26.0,87.0,29.21,3.0,N,6.0,0.17,Wintry Mix,False,False,False,False,False,False,False,False,False,False,False,False,False,Night,Night,Night,Night,Wednesday
A-1163208,Source2,3,2021-02-08 05:53:38,2021-02-08 10:30:00,36.16613,-95.849846,,,1.0099999904632568,Lane blocked due to accident on I-244 Eastbound from US-169 to Garnett Rd.,Crosstown Expy E,Tulsa,Tulsa,OK,74116,US,US/Central,KTUL,2021-02-08 05:53:00,29.0,19.0,92.0,29.31,2.0,N,12.0,0.02,Light Freezing Drizzle,False,False,False,False,False,False,False,False,False,False,False,False,False,Night,Night,Night,Day,Monday
A-2421288,Source2,3,2018-12-30 06:37:01,2018-12-30 07:21:27,35.529224,-97.519272,,,0.0,Accident and vehicle fire on I-44 Eastbound at Exits 125B 126 127 I-235 Broadway Extension Hwy.,NW Grand Blvd,Oklahoma City,Oklahoma,OK,73118-6037,US,US/Central,KPWA,2018-12-30 06:53:00,30.9,23.5,72.0,30.14,10.0,South,8.1,,Overcast,False,False,False,False,False,False,False,False,False,False,False,False,False,Night,Night,Night,Day,Sunday
A-6017220,Source1,2,2021-12-16 04:45:28,2021-12-17 06:34:16,36.150632,-95.992422,36.150329,-95.993423,0.06,Construction on 5TH ST near HOUSE 202 Expect delays., S Cheyenne Ave,Tulsa,Tulsa,OK,74103,US,US/Central,KTUL,2021-12-16 04:53:00,48.0,42.0,61.0,29.27,5.0,NNW,15.0,0.0,Smoke,True,False,True,False,False,False,False,False,True,False,False,True,False,Night,Night,Night,Night,Thursday
A-1589363,Source2,3,2020-01-13 15:55:39,2020-01-13 18:19:52,35.521709,-97.516792,,,0.0,Left lane blocked due to accident on I-235 Broadway Extension Hwy Northbound at Exit 4A Santa Fe Ave.,I-235 N,Oklahoma City,Oklahoma,OK,73118,US,US/Central,KPWA,2020-01-13 15:53:00,50.0,50.0,93.0,28.59,2.0,S,17.0,0.0,Light Rain,False,False,False,False,False,False,False,False,False,False,False,False,False,Day,Day,Day,Day,Monday
A-3101577,Source2,2,2017-12-01 07:02:32,2017-12-01 07:46:56,36.143002,-95.970177,,,0.0,Accident on Broken Arrow Expy Westbound at Utica Ave.,US-64 W,Tulsa,Tulsa,OK,74120,US,US/Central,KTUL,2017-12-01 06:53:00,41.0,,82.0,30.22,9.0,Calm,,,Mostly Cloudy,False,False,False,False,False,False,False,False,False,False,False,False,False,Night,Day,Day,Day,Friday
A-2884304,Source2,2,2018-04-13 20:45:30,2018-04-13 21:45:08,35.334305,-97.512093,,,0.0,Accident on OK-37 134th St at Santa Fe Ave.,S Santa Fe Ave,Oklahoma City,Cleveland,OK,73170,US,US/Central,KOKC,2018-04-13 20:52:00,62.6,,34.0,29.62,5.0,WNW,24.2,,Smoke,False,False,True,False,False,False,False,False,False,False,False,True,False,Night,Night,Day,Day,Friday
A-7652045,Source1,4,2017-12-22 10:52:47,2017-12-22 16:52:47,35.464793,-97.469071,35.469879,-97.46659,0.378,Closed at I-40/US-270/Exit 128 - Road closed due to accident.,US-62 E,Oklahoma City,Oklahoma,OK,73117,US,US/Central,KTIK,2017-12-22 10:56:00,29.5,18.0,85.0,30.16,10.0,North,16.1,0.0,Overcast,False,False,False,False,False,False,False,False,False,False,False,False,False,Day,Day,Day,Day,Friday
A-3184823,Source2,3,2017-11-14 06:36:16,2017-11-14 07:05:33,35.392056,-97.507957,,,1.1599999666213991,Accident on I-240 Westbound between Exits 4A 4B I-35 and Exit 3B Shields Blvd.,I-240 W,Oklahoma City,Oklahoma,OK,73149,US,US/Central,KOKC,2017-11-14 06:25:00,55.9,,100.0,30.09,0.2,SSE,9.2,0.0,Heavy Drizzle,False,False,False,False,False,False,False,False,False,False,False,False,False,Night,Night,Day,Day,Tuesday
A-7205297,Source1,4,2020-04-29 10:55:02,2020-04-29 12:32:31,36.20702,-95.9464,36.20702,-95.9464,0.0,At OK-11/36th St - Accident.,Cherokee Expy N,Tulsa,Tulsa,OK,74110,US,US/Central,KTUL,2020-04-29 10:53:00,64.0,64.0,46.0,29.25,10.0,NW,23.0,0.0,Fair / Windy,False,False,False,False,True,False,False,False,False,False,False,False,False,Day,Day,Day,Day,Wednesday
A-2848013,Source2,2,2018-05-25 07:57:42,2018-05-25 08:42:21,35.52179,-97.534721,,,0.0,Accident on OK-3A Expressway at Classen Blvd.,N Classen Blvd,Oklahoma City,Oklahoma,OK,73118,US,US/Central,KPWA,2018-05-25 07:53:00,64.0,,96.0,30.02,3.0,NNE,10.4,0.27,Heavy Thunderstorms and Rain,False,False,False,False,False,False,False,False,False,False,False,True,False,Day,Day,Day,Day,Friday
A-545320,Source2,1,2022-08-05 07:17:36,2022-08-05 08:07:08,35.475071,-97.579201,,,0.0,Crash on I-44 Eastbound at Exit 121B / 10th St / 89Er Dr.,I-44,Oklahoma City,Oklahoma,OK,73107,US,US/Central,KPWA,2022-08-05 06:53:00,78.0,78.0,76.0,28.58,10.0,SE,9.0,0.03,Light Rain,False,False,False,True,False,False,False,False,False,False,False,False,False,Day,Day,Day,Day,Friday
A-4957081,Source1,2,2022-03-11 09:06:08,2022-03-12 11:32:00,36.143007,-95.972495,36.14271,-95.984745,0.684,Construction on E HWY 64-51 EXPY WB near HOUSE 2401 Drive with caution.,US-64,Tulsa,Tulsa,OK,74120,US,US/Central,KTUL,2022-03-11 09:12:00,24.0,12.0,91.0,29.55,0.25,N,13.0,0.02,Heavy Snow,False,False,False,False,False,False,False,False,False,False,False,False,False,Day,Day,Day,Day,Friday
A-627930,Source2,3,2022-05-05 06:58:52,2022-05-05 07:44:50,36.132668,-96.008965,,,0.0,Lane blocked due to crash on I-244 Northbound at Exit 3B 23rd St.,W 31st St,Tulsa,Tulsa,OK,74107,US,US/Central,KRVS,2022-05-05 06:53:00,60.0,60.0,93.0,29.17,6.0,E,9.0,0.1,Rain,False,False,False,False,False,False,False,False,False,False,False,False,False,Day,Day,Day,Day,Thursday
A-4645787,Source1,4,2022-04-29 15:07:00,2022-04-29 17:45:00,35.203316,-97.234779,35.21782,-97.215077,1.497,Incident on OK-9 EB near 120TH AVE Road closed. Take alternate route., OK-9,Norman,Cleveland,OK,73026,US,US/Central,KOUN,2022-04-29 14:45:00,81.0,81.0,61.0,28.36,10.0,SE,28.0,0.0,Cloudy / Windy,False,False,False,False,False,False,False,False,False,False,False,False,False,Day,Day,Day,Day,Friday
A-1802456,Source2,3,2019-11-06 17:47:11,2019-11-06 18:16:45,36.11567700000001,-95.893692,,,0.0,Accident on I-44 Westbound at Exit 231 OK-51.,I-44 W,Tulsa,Tulsa,OK,74145,US,US/Central,KRVS,2019-11-06 17:53:00,59.0,59.0,93.0,29.35,7.0,N,5.0,0.0,Thunder in the Vicinity,False,False,False,False,True,False,False,False,False,False,False,False,False,Night,Day,Day,Day,Wednesday
A-2673409,Source2,4,2018-08-28 16:58:11,2018-08-28 17:25:49,35.4352,-97.570076,,,0.0,Main roadway closed due to accident on I-44 Southbound at Exit 118 29th St. Detour in operation - exit at 29th re-enter at entry ramp.,SW 29th St,Oklahoma City,Oklahoma,OK,73119,US,US/Central,KOKC,2018-08-28 16:52:00,93.0,,41.0,29.81,10.0,South,18.4,,Scattered Clouds,False,False,False,False,False,False,False,False,False,False,False,False,False,Day,Day,Day,Day,Tuesday
A-3025498,Source2,2,2018-02-21 12:42:21,2018-02-21 13:11:56,35.434086,-97.459167,,,0.0,Accident on Bryant Ave near 30th St.,S Bryant Ave,Del City,Oklahoma,OK,73115-1734,US,US/Central,KTIK,2018-02-21 12:56:00,22.3,10.2,92.0,30.45,10.0,NNE,12.7,0.0,Light Ice Pellets,False,False,True,False,False,False,False,False,False,False,False,False,False,Day,Day,Day,Day,Wednesday
A-7633065,Source1,4,2018-01-15 08:58:06,2018-01-15 14:58:06,35.52874,-98.0402,35.529677,-98.093255,2.984,Closed between Country Club Rd/Exit 123 and US-270/Exit 115 - Road closed due to accident. Left lane blocked.,US-270 W,El Reno,Canadian,OK,73036,US,US/Central,KRQO,2018-01-15 08:55:00,35.4,24.6,80.0,30.37,10.0,North,19.6,,Scattered Clouds,False,False,False,False,True,False,False,False,False,False,False,False,False,Day,Day,Day,Day,Monday
A-2113031,Source2,2,2019-05-20 22:22:24,2019-05-20 23:23:37,36.08989,-95.922249,,,0.0,Accident on Yale Ave at 51st St.,S Yale Ave,Tulsa,Tulsa,OK,74135-7010,US,US/Central,KRVS,2019-05-20 22:24:00,62.0,62.0,93.0,29.0,1.0,N,14.0,0.48,Heavy T-Storm,False,False,True,False,False,False,False,False,False,False,False,True,False,Night,Night,Night,Night,Monday
A-3170072,Source2,1,2017-11-06 19:48:10,2017-11-06 20:17:43,35.631901,-97.567146,,,0.0,Accident on 160th St Eastbound at May Ave.,NW 160th St,Edmond,Oklahoma,OK,73013-1464,US,US/Central,KPWA,2017-11-06 19:53:00,45.0,40.6,80.0,30.1,10.0,North,8.1,,Overcast,False,False,False,False,False,False,False,False,False,False,False,False,False,Night,Night,Night,Night,Monday
A-552854,Source2,1,2022-07-28 10:32:41,2022-07-28 11:02:27,35.464314,-97.618896,,,0.0,Crash on Reno Ave at Macarthur Blvd.,MacArthur Blvd,Oklahoma City,Oklahoma,OK,73127,US,US/Central,KPWA,2022-07-28 10:53:00,81.0,81.0,72.0,28.63,10.0,E,8.0,0.05,Light Rain,False,False,True,False,False,False,False,False,False,False,False,True,False,Day,Day,Day,Day,Thursday
A-585345,Source2,1,2022-06-23 06:18:30,2022-06-23 07:03:18,36.133492,-96.047256,,,0.0,Crash on 49th West Ave at 21st St.,S 49th West Ave,Tulsa,Tulsa,OK,74107-2215,US,US/Central,KRVS,2022-06-23 06:19:00,73.0,73.0,100.0,29.32,2.0,CALM,0.0,0.0,Fog,False,False,False,False,False,False,False,False,False,False,False,False,False,Day,Day,Day,Day,Thursday
A-635710,Source2,1,2022-04-27 15:08:27,2022-04-27 15:37:58,35.482319,-97.501022,,,0.0,Crash on 13th St at Lindsay Ave.,NE 13th St,Oklahoma City,Oklahoma,OK,73104-5004,US,US/Central,KOKC,2022-04-27 14:52:00,73.0,73.0,49.0,28.67,10.0,S,22.0,0.0,Mostly Cloudy / Windy,False,False,True,False,False,False,False,False,False,False,False,False,False,Day,Day,Day,Day,Wednesday
A-4612841,Source1,2,2022-05-02 20:32:50,2022-05-02 21:51:07,36.171537,-95.998018,36.173352,-95.998011,0.125,Incident on CHEYENNE AVE near HOUSE 1300 Drive with caution., N Cheyenne Ave,Tulsa,Tulsa,OK,74106-4622,US,US/Central,KTUL,2022-05-02 20:53:00,63.0,63.0,90.0,28.95,10.0,S,14.0,0.1,Thunder,False,False,True,False,False,False,False,False,False,False,False,False,False,Night,Day,Day,Day,Monday
A-4990529,Source1,2,2022-01-15 00:09:37,2022-01-16 01:59:44.000000000,36.133409,-95.872464,36.13339600000001,-95.871304,0.065,Construction on 21ST ST near HOUSE 9503 Expect delays., E 21st St S,Tulsa,Tulsa,OK,74129-1403,US,US/Central,KTUL,2022-01-15 01:09:00,36.0,26.0,89.0,29.28,10.0,NNW,18.0,0.0,Wintry Mix,False,False,True,False,False,False,False,False,False,False,False,False,False,Night,Night,Night,Night,Saturday
A-2675879,Source2,3,2018-08-29 10:12:23,2018-08-29 10:42:07,35.391663,-97.574181,,,0.0,Accident on I-44 Northbound at Exit 114 74th St.,SW 74th St,Oklahoma City,Oklahoma,OK,73159,US,US/Central,KOKC,2018-08-29 10:17:00,75.9,,69.0,30.06,10.0,North,5.8,,Thunderstorm,False,False,False,False,False,False,False,False,False,False,False,False,False,Day,Day,Day,Day,Wednesday
A-635796,Source2,1,2022-04-27 18:16:07,2022-04-27 19:15:55,35.40263,-97.501007,,,0.0,Crash on Ashby Ter at 62nd St.,SE 62nd St,Oklahoma City,Oklahoma,OK,73149,US,US/Central,KOKC,2022-04-27 17:52:00,71.0,71.0,57.0,28.61,10.0,S,21.0,0.0,Cloudy / Windy,False,False,False,False,False,False,False,False,False,False,False,False,False,Day,Day,Day,Day,Wednesday
A-2614449,Source2,1,2018-09-28 08:48:31,2018-09-28 09:18:31,35.449432,-97.573624,,,0.0,Accident on 15th St Eastbound in Oklahoma City.,SW 15th St,Oklahoma City,Oklahoma,OK,73108,US,US/Central,KOKC,2018-09-28 08:52:00,61.0,,100.0,30.05,5.0,SSE,11.5,,Overcast,False,False,False,False,False,False,False,False,False,False,False,False,False,Day,Day,Day,Day,Friday
A-1030039,Source2,3,2021-05-26 08:31:03,2021-05-26 08:59:55,35.348518,-97.588043,,,0.0,Accident on I-44 Southbound at 119th St.,S Portland Ave,Oklahoma City,Cleveland,OK,73173,US,US/Central,KOKC,2021-05-26 08:52:00,70.0,70.0,97.0,28.74,0.75,SE,6.0,0.0,Fog,False,False,False,False,False,False,False,False,False,True,False,False,False,Day,Day,Day,Day,Wednesday
A-7629030,Source1,4,2018-01-07 20:03:12,2018-01-08 02:03:12,35.39315999999999,-97.56139,35.39463,-97.56843,0.409,Closed at May Ave/Exit 1 - Road closed due to accident.,I-240 W,Oklahoma City,Oklahoma,OK,73159,US,US/Central,KOKC,2018-01-07 19:52:00,44.1,37.7,89.0,29.97,9.0,NNW,12.7,,Scattered Clouds,False,False,False,False,False,False,False,False,False,False,False,False,False,Night,Night,Night,Night,Sunday
A-1136833,Source2,2,2021-02-27 08:40:46,2021-02-27 09:40:43,35.334148,-97.539719,,,0.0,Accident on OK-37 134th St at Calistoga Dr.,SW 134th St,Oklahoma City,Cleveland,OK,73170,US,US/Central,KOKC,2021-02-27 08:52:00,45.0,39.0,100.0,28.53,0.5,SE,13.0,0.0,Drizzle and Fog,False,False,False,False,False,False,False,False,False,False,False,False,False,Day,Day,Day,Day,Saturday
A-1928249,Source2,3,2019-08-22 18:14:39,2019-08-22 19:14:20,35.363232,-97.580513,,,0.0,Accident on I-44 Southbound at Exit 112 104th St.,I-44 W,Oklahoma City,Cleveland,OK,73159,US,US/Central,KOKC,2019-08-22 18:34:00,81.0,81.0,79.0,28.49,10.0,NE,12.0,0.0,Thunder,False,False,False,False,False,False,False,False,False,False,False,False,False,Day,Day,Day,Day,Thursday
A-2268601,Source2,2,2019-02-06 07:53:53,2019-02-06 08:23:35,36.098446,-95.859848,,,0.0,Accident on US-64 Broken Arrow Expy Westbound at US-169.,Broken Arrow Expy W,Tulsa,Tulsa,OK,74146,US,US/Central,KTUL,2019-02-06 07:53:00,33.1,26.1,96.0,29.89,1.5,North,8.1,0.0,Light Drizzle,False,False,False,False,False,False,False,False,False,False,False,False,False,Day,Day,Day,Day,Wednesday
A-6431276,Source1,4,2021-02-14 16:36:38,2021-02-14 23:59:00.000000,35.60358881933401,-97.40237116767214,35.63593881933401,-97.24072116767216,9.35,Turner Tpke E - I-44 E is closed from I-35 (I-44) to OK-66 (I-44) due to accident.,Turner Tpke,Edmond,Oklahoma,OK,73013,US,US/Central,KPWA,2021-02-14 16:48:00,5.0,-15.0,78.0,28.97,1.0,N,18.0,0.0,Light Snow,False,False,False,False,False,False,False,False,False,False,False,False,False,Day,Day,Day,Day,Sunday
A-7075604,Source1,2,2020-06-09 12:29:51,2020-06-09 13:29:51,35.36313,-97.56546,35.36313,-97.56546,0.0,At SW 119th St - Accident., S May Ave,Oklahoma City,Cleveland,OK,73159,US,US/Central,KOKC,2020-06-09 12:52:00,83.0,83.0,36.0,28.28,8.0,WSW,18.0,0.0,Blowing Dust,False,False,False,False,False,False,False,False,False,False,False,True,False,Day,Day,Day,Day,Tuesday
A-2828257,Source2,4,2018-05-16 09:16:31,2018-05-16 10:00:53,35.987297,-96.194298,,,23.03000068664551,Accident on I-44 Eastbound between Exit 196 OK-66 and Exit 211 OK-33.,Turner Tpke E,Sapulpa,Creek,OK,74066,US,US/Central,KRVS,2018-05-16 09:33:00,78.1,,60.0,29.93,10.0,Variable,5.8,,Partly Cloudy,False,False,False,False,False,False,False,False,False,False,False,False,False,Day,Day,Day,Day,Wednesday
A-7171147,Source1,2,2020-04-11 12:46:02,2020-04-11 13:46:02,35.37713,-97.53011,35.37713,-97.53011,0.0,At S Western Ave - Accident., SW 89th St,Oklahoma City,Oklahoma,OK,73139-9334,US,US/Central,KOKC,2020-04-11 12:52:00,66.0,66.0,75.0,28.39,10.0,SSW,22.0,0.0,Cloudy / Windy,False,False,True,False,False,False,False,False,False,False,False,True,False,Day,Day,Day,Day,Saturday
A-3172114,Source2,3,2017-11-07 09:30:26,2017-11-07 10:00:13,35.511131,-97.575058,,,0.0,Accident on I-44 Westbound at Exits 123A 123B OK-66 39th Expy.,I-44 W,Oklahoma City,Oklahoma,OK,73112,US,US/Central,KPWA,2017-11-07 09:16:00,43.0,36.4,82.0,30.23,6.0,North,12.7,,Haze,False,False,False,False,False,False,False,False,False,False,False,False,False,Day,Day,Day,Day,Tuesday
A-2505383,Source2,3,2018-10-08 21:30:55,2018-10-08 22:00:29,35.391605,-97.487709,,,0.0,Accident on I-240 Eastbound at Exit 4C Pole Rd.,Crossroads Blvd,Oklahoma City,Oklahoma,OK,73149,US,US/Central,KOKC,2018-10-08 21:18:00,69.1,,93.0,29.86,3.0,SSW,6.9,0.45,Light Thunderstorms and Rain,False,False,False,False,False,False,False,False,False,False,False,False,False,Night,Night,Night,Night,Monday
A-1064284,Source2,2,2021-04-30 07:56:06,2021-04-30 09:55:41,36.089779,-95.957962,,,0.0,Accident on Lewis Ave at 51st St.,E 51st St,Tulsa,Tulsa,OK,74105,US,US/Central,KRVS,2021-04-30 07:53:00,57.0,57.0,89.0,29.5,10.0,CALM,0.0,0.0,Fair,False,False,True,False,False,False,False,False,False,False,False,True,False,Day,Day,Day,Day,Friday
A-3427454,Source1,4,2016-12-24 23:31:57,2016-12-25 05:31:57,35.51158,-97.57009,35.504838,-97.57672,0.597,Closed between OK-3/OK-66/OK-74/39th St/Exit 123 and 36th St/Exit 123 - Road closed due to accident.,NW 39th Expy W,Oklahoma City,Oklahoma,OK,73112,US,US/Central,KPWA,2016-12-24 23:42:00,59.0,,100.0,29.94,0.2,SE,15.0,,Fog,False,False,False,False,True,False,False,False,False,False,False,False,False,Night,Night,Night,Night,Saturday
A-862593,Source2,2,2021-10-13 07:57:38,2021-10-13 08:57:07,36.119083,-95.859787,,,0.0,Accident on 31st St at US-169.,E 31st St,Tulsa,Tulsa,OK,74129,US,US/Central,KTUL,2021-10-13 07:57:00,69.0,69.0,96.0,29.04,1.0,SW,22.0,0.08,Heavy T-Storm / Windy,False,False,False,False,False,False,False,False,False,False,False,False,False,Day,Day,Day,Day,Wednesday
A-951133,Source2,3,2021-08-01 08:51:32,2021-08-01 10:20:55,35.46748,-97.466057,,,0.0,Two lanes blocked due to jackknifed truck on I-40 Eastbound near Exit 153 I-35.,I-40 W,Oklahoma City,Oklahoma,OK,73117,US,US/Central,KTIK,2021-08-01 08:56:00,70.0,70.0,99.0,28.74,7.0,NNE,8.0,0.67,Light Rain with Thunder,False,False,False,False,False,False,False,False,False,False,False,False,False,Day,Day,Day,Day,Sunday
A-3426511,Source1,4,2016-12-15 23:38:42,2016-12-16 05:38:42,35.41558,-97.32121,35.40132,-97.28494,2.268,Closed between Anderson Rd/Exit 162 and I-240/Exit 165 - Road closed due to accident.,US-270 E,Oklahoma City,Oklahoma,OK,73150,US,US/Central,KTIK,2016-12-15 23:58:00,35.4,26.4,98.0,30.04,5.0,SSE,13.8,0.0,Overcast,False,False,False,False,True,False,False,False,False,False,False,False,False,Night,Night,Night,Night,Thursday
A-553709,Source2,1,2022-07-27 17:25:18,2022-07-27 17:54:47,35.478851,-97.632202,,,0.0,Crash on 10th St at Chisholm Rd.,NW 10th St,Oklahoma City,Oklahoma,OK,73127-5403,US,US/Central,KPWA,2022-07-27 17:40:00,97.0,97.0,37.0,28.47,10.0,E,12.0,0.01,Thunder in the Vicinity,True,False,False,False,False,False,False,False,False,False,False,False,False,Day,Day,Day,Day,Wednesday
A-523344,Source2,1,2022-08-29 14:19:15,2022-08-29 15:18:59,35.613461,-97.549507,,,0.0,Crash on Penn Ave at 140th St.,N Pennsylvania Ave,Oklahoma City,Oklahoma,OK,73134-6050,US,US/Central,KPWA,2022-08-29 14:08:00,73.0,73.0,76.0,28.55,1.0,W,15.0,0.23,Heavy T-Storm,False,False,False,False,False,False,False,False,False,False,False,True,False,Day,Day,Day,Day,Monday
A-551988,Source2,1,2022-07-29 06:22:54,2022-07-29 07:22:23,36.178448,-95.885399,,,0.0,Crash on OK-11 Northbound after Pine St.,OK-11,Tulsa,Tulsa,OK,74115,US,US/Central,KTUL,2022-07-29 06:19:00,74.0,74.0,97.0,29.3,3.0,S,7.0,0.44,T-Storm,False,False,False,False,False,False,False,False,False,False,False,False,False,Night,Day,Day,Day,Friday
A-700419,Source2,2,2022-02-23 09:47:41,2022-02-23 10:16:09,35.348534,-97.586472,,,0.0,Crash on I-44 Southbound at Exit 111 119th St.,SW 119th St,Oklahoma City,Cleveland,OK,73173,US,US/Central,KOKC,2022-02-23 09:50:00,10.0,-7.0,85.0,29.08,0.75,N,16.0,0.06,Snow and Sleet,False,False,False,False,False,False,False,False,False,False,False,False,False,Day,Day,Day,Day,Wednesday
A-1499828,Source2,2,2020-06-09 16:31:29,2020-06-09 17:31:13,35.42075,-97.512512,,,0.0,Accident on 44th St at Santa Fe Ave.,SW 44th St,Oklahoma City,Oklahoma,OK,73109-7218,US,US/Central,KOKC,2020-06-09 16:52:00,81.0,81.0,28.0,28.35,6.0,W,26.0,0.0,Blowing Dust / Windy,False,False,False,False,False,False,False,False,False,False,False,True,False,Day,Day,Day,Day,Tuesday
A-3061434,Source2,2,2018-01-11 06:04:02,2018-01-11 06:48:32,36.177006,-95.868721,,,0.0,Accident on Mingo Rd at Pine St.,N Mingo Rd,Tulsa,Tulsa,OK,74116-5622,US,US/Central,KTUL,2018-01-11 05:53:00,55.9,,87.0,29.6,10.0,South,15.0,,Scattered Clouds,False,False,True,False,False,False,False,False,False,False,False,True,False,Night,Night,Night,Day,Thursday
A-5940378,Source1,4,2021-04-25 12:22:00,2021-04-25 15:32:13,35.383747,-96.665863,35.384304,-96.803032,7.727,Incident on I-40 WB near US-377 Road closed. Take alternate route.,I-40 W,Seminole,Seminole,OK,74868,US,US/Central,KSRE,2021-04-25 12:15:00,70.0,70.0,49.0,28.83,10.0,SSE,21.0,0.0,Fair / Windy,False,False,False,False,False,False,False,False,False,False,False,False,False,Day,Day,Day,Day,Sunday
A-2134115,Source2,2,2019-04-30 10:48:32,2019-04-30 12:35:44,35.448109,-97.58329,,,0.0,Accident on 15th St at Portland Ave.,SW 15th St,Oklahoma City,Oklahoma,OK,73108-2252,US,US/Central,KOKC,2019-04-30 10:52:00,58.0,58.0,100.0,28.52,6.0,NNW,6.0,0.12,Light Rain,False,False,False,False,False,False,False,False,False,False,False,False,False,Day,Day,Day,Day,Tuesday
A-7649130,Source1,4,2017-12-17 19:38:05,2017-12-18 01:38:05,35.38394,-96.90863,35.38400700000001,-96.923545,0.84,Closed between OK-18/Exit 186 and OK-3E/Kickapoo St/Exit 185 - Road closed due to accident. Blocked.,I-40 W,Shawnee,Pottawatomie,OK,74804,US,US/Central,KSNL,2017-12-17 19:35:00,42.3,40.5,97.0,30.07,4.0,SE,3.5,,Overcast,False,False,False,False,True,False,False,False,False,False,False,False,False,Night,Night,Night,Night,Sunday
A-1275304,Source2,2,2020-11-09 08:21:45,2020-11-09 09:07:01,35.49329,-97.579391,,,0.0,Accident on Grand Blvd at 23rd St.,NW 23rd St,Oklahoma City,Oklahoma,OK,73107,US,US/Central,KPWA,2020-11-09 08:25:00,68.0,68.0,76.0,28.53,1.0,S,24.0,0.0,Haze / Windy,False,False,True,False,False,False,False,False,False,False,False,True,False,Day,Day,Day,Day,Monday
A-7591323,Source1,3,2018-04-08 06:00:12,2018-04-08 12:00:12,35.71824,-96.88868,35.68245800000001,-97.042754,8.992,Between OK-18/Exit 166 and OK-66/Exit 158 - Accident.,Turner Tpke E,Chandler,Lincoln,OK,74834,US,US/Central,KCQB,2018-04-08 05:55:00,34.0,,77.0,29.99,10.0,Calm,,,Clear,False,False,False,False,False,False,False,False,False,False,False,False,False,Night,Night,Night,Day,Sunday
A-2110008,Source2,3,2019-05-18 09:31:50,2019-05-18 11:01:07,35.52439099999999,-97.531723,,,0.4900000095367432,Accident on exit ramp from I-44 Eastbound at Exit 126 to N WESTERN AVE.,Historic Route 66 E,Oklahoma City,Oklahoma,OK,73118,US,US/Central,KPWA,2019-05-18 09:23:00,67.0,67.0,87.0,28.35,10.0,W,10.0,0.0,T-Storm,False,False,False,False,False,False,False,False,False,False,False,False,False,Day,Day,Day,Day,Saturday
A-523309,Source2,1,2022-08-29 15:51:53,2022-08-29 16:21:38,35.478802,-97.614464,,,0.0,Crash on 10th St at Purdue Ave.,NW 10th St,Oklahoma City,Oklahoma,OK,73127-6765,US,US/Central,KPWA,2022-08-29 15:53:00,76.0,76.0,87.0,28.52,10.0,SSW,6.0,0.03,T-Storm,False,False,False,False,False,False,False,False,False,False,False,False,False,Day,Day,Day,Day,Monday
A-7659152,Source1,4,2017-11-13 05:51:53,2017-11-13 11:51:53,36.108673,-97.253667,36.112402,-97.263271,0.595,Closed at Perkins - Road closed due to accident., W 6th Ave,Stillwater,Payne,OK,74074,US,US/Central,KSWO,2017-11-13 05:53:00,48.0,,80.0,30.38,10.0,ENE,4.6,,Overcast,False,False,False,False,False,False,False,False,False,False,False,False,False,Night,Night,Night,Day,Monday
A-2310897,Source2,2,2019-02-28 06:13:33,2019-02-28 07:42:45,36.234814,-95.848541,,,3.2300000190734863,Accident on US-169 Southbound between 2nd Ave and 56th St.,Mingo Valley Expy S,Owasso,Tulsa,OK,74055,US,US/Central,KTUL,2019-02-28 05:53:00,24.1,13.7,91.0,30.22,3.0,NNW,10.4,0.0,Light Freezing Drizzle,False,False,False,False,False,False,False,False,False,False,False,False,False,Night,Night,Day,Day,Thursday
A-558013,Source2,1,2022-07-22 15:39:51,2022-07-22 17:09:38,35.594719,-97.567177,,,0.0,Crash on 122nd St at May Ave.,N May Ave,Oklahoma City,Oklahoma,OK,73120-6801,US,US/Central,KPWA,2022-07-22 15:30:00,92.0,92.0,52.0,28.57,10.0,S,3.0,0.01,Mostly Cloudy,False,False,True,False,False,False,False,False,False,False,False,True,False,Day,Day,Day,Day,Friday
A-594834,Source2,1,2022-06-13 15:30:18,2022-06-13 16:14:53,35.609779,-97.558357,,,0.0,Crash on Memorial Rd Westbound at Highland Park Blvd.,W Memorial Rd,Oklahoma City,Oklahoma,OK,73134,US,US/Central,KPWA,2022-06-13 15:53:00,96.0,96.0,38.0,28.41,10.0,S,21.0,0.0,Fair / Windy,False,False,False,False,False,False,False,False,False,False,False,True,False,Day,Day,Day,Day,Monday
A-725044,Source2,2,2022-02-02 16:45:44,2022-02-02 17:15:31,35.449661,-97.706932,,,0.0,Accident on 15th St at Sara Rd.,S Sara Rd,Yukon,Canadian,OK,73099,US,US/Central,KRCE,2022-02-02 16:35:00,19.0,3.0,93.0,28.65,0.5,N,21.0,0.0,T-Storm / Windy,False,False,False,False,False,False,False,False,False,False,False,False,False,Day,Day,Day,Day,Wednesday
