ID,Source,Severity,Start_Time,End_Time,Start_Lat,Start_Lng,End_Lat,End_Lng,Distance(mi),Description,Street,City,County,State,Zipcode,Country,Timezone,Airport_Code,Weather_Timestamp,Temperature(F),Wind_Chill(F),Humidity(%),Pressure(in),Visibility(mi),Wind_Direction,Wind_Speed(mph),Precipitation(in),Weather_Condition,Amenity,Bump,Crossing,Give_Way,Junction,No_Exit,Railway,Roundabout,Station,Stop,Traffic_Calming,Traffic_Signal,Turning_Loop,Sunrise_Sunset,Civil_Twilight,Nautical_Twilight,Astronomical_Twilight,Day_Of_Week
A-6546885,Source1,2,2021-02-19 04:44:00,2021-02-19 23:30:00,41.879573,-71.434814,41.909534,-71.450737,2.226,Slow traffic on RI-146 N from RI-246/Charles St (RI-146) to RI-246/Sherman Ave (RI-146) due to accident.,Eddie Dowling Hwy N,Lincoln,Providence,RI,02865,US,US/Eastern,KSFZ,2021-02-19 04:56:00,25.0,16.0,100.0,29.74,1.0,N,8.0,0.0,N/A Precipitation,False,False,False,False,False,False,False,False,False,False,False,False,False,Night,Night,Night,Night,Friday
A-697077,Source2,2,2022-02-25 06:35:46,2022-02-25 07:21:23,41.706322,-71.43666800000003,,,0.0,Crash on Walnut Glen Dr at Stephens Ave.,Walnut Glen Dr,Warwick,Kent,RI,02886-3444,US,US/Eastern,KPVD,2022-02-25 06:24:00,28.0,17.0,96.0,30.15,1.0,NE,14.0,0.06,Snow and Sleet,False,False,False,False,False,False,False,False,False,False,False,False,False,Day,Day,Day,Day,Friday
A-600352,Source2,1,2022-06-08 06:48:20,2022-06-08 07:17:41,41.934544,-71.466034,,,0.0,Right hand shoulder blocked due to crash on RI-146 Eddie Dowling Hwy Southbound at Exit 7B RI-116.,George Washington Hwy,Lincoln,Providence,RI,02865,US,US/Eastern,KSFZ,2022-06-08 06:42:00,63.0,63.0,100.0,29.41,6.0,CALM,0.0,0.4,Rain,False,False,False,False,False,False,False,False,False,False,False,False,False,Day,Day,Day,Day,Wednesday
A-7765849,Source1,4,2019-07-30 12:33:47,2019-07-30 13:02:56,41.77198,-71.3252,41.766692,-71.322182,0.397,Closed at Pinetop Rd - Road closed due to accident., Wampanoag Trl,Riverside,Providence,RI,02915-1018,US,US/Eastern,KPVD,2019-07-30 12:51:00,89.0,89.0,61.0,29.94,10.0,SE,12.0,0.0,Partly Cloudy,False,False,False,False,False,False,False,False,False,False,False,False,False,Day,Day,Day,Day,Tuesday
A-4159325,Source1,2,2022-03-21 14:42:00,2022-03-21 15:57:36.000000000,41.899906,-71.446129,41.914416,-71.453035,1.064,Incident on RI-146 NB near RI-123 Drive with caution.,Eddie Dowling Hwy N,Lincoln,Providence,RI,02865,US,US/Eastern,KSFZ,2022-03-21 14:56:00,56.0,56.0,25.0,29.41,10.0,NW,22.0,0.0,Fair / Windy,False,False,False,False,False,False,False,False,False,False,False,False,False,Day,Day,Day,Day,Monday
A-873614,Source2,2,2021-10-06 07:14:57,2021-10-06 07:44:49,41.77766,-71.42935899999998,,,0.0,Accident on RI-12 Park Ave at Magnolia St.,Park Ave,Cranston,Providence,RI,02910-2149,US,US/Eastern,KPVD,2021-10-06 06:51:00,52.0,52.0,97.0,30.31,10.0,CALM,0.0,0.0,Shallow Fog,False,False,False,False,False,False,False,False,False,False,False,False,False,Day,Day,Day,Day,Wednesday
A-1038649,Source2,2,2021-05-19 17:35:52,2021-05-19 18:05:31,41.650772,-71.606339,,,0.0,Accident on I-95 Northbound at Exit 6 RI-3 Nooseneck Hill Rd.,I-95 N,West Greenwich,Kent,RI,02817,US,US/Eastern,KOQU,2021-05-19 17:50:00,66.0,66.0,56.0,30.27,10.0,SSW,21.0,,Fair / Windy,False,False,False,False,False,False,False,False,False,False,False,False,False,Day,Day,Day,Day,Wednesday
A-556551,Source2,1,2022-07-25 08:44:17,2022-07-25 10:00:09,41.73262,-71.43647,,,0.0,Crash on Airport Rd at US-1 Post Rd.,Post Rd,Warwick,Kent,RI,02886-1501,US,US/Eastern,KPVD,2022-07-25 08:51:00,83.0,83.0,74.0,29.81,10.0,SSW,16.0,0.0,Mostly Cloudy,False,False,False,False,False,False,False,False,False,False,False,True,False,Day,Day,Day,Day,Monday
A-7575335,Source1,2,2018-06-26 08:15:59,2018-06-26 14:15:59,41.947,-71.48087,41.94968,-71.48382,0.239,At RI-99 - Accident. Left lane blocked.,Eddie Dowling Hwy S,Lincoln,Providence,RI,02865,US,US/Eastern,KSFZ,2018-06-26 07:56:00,61.0,,70.0,30.12,10.0,WNW,6.9,,Clear,False,False,False,False,False,False,False,False,False,False,False,False,False,Day,Day,Day,Day,Tuesday
A-929265,Source2,3,2021-08-22 09:52:39,2021-08-22 10:37:02,41.825764,-71.419876,,,0.0,Right hand shoulder blocked and right lane blocked due to accident on I-95 Southbound at US-6 Huntington Expy.,I-95 S,Providence,Providence,RI,02903,US,US/Eastern,KPVD,2021-08-22 09:51:00,72.0,72.0,97.0,29.61,2.0,NNE,23.0,0.05,Rain / Windy,False,False,False,False,False,False,False,False,False,False,False,False,False,Day,Day,Day,Day,Sunday
A-7172868,Source1,2,2020-04-13 17:10:37,2020-04-13 17:25:37,41.80862,-71.40475,41.80862,-71.40475,0.0,At Eddy St/Exit 19 - Accident. Hard shoulder blocked.,I-195 E,Providence,Providence,RI,02903,US,US/Eastern,KPVD,2020-04-13 17:13:00,56.0,56.0,97.0,29.49,1.0,S,28.0,0.04,Heavy Rain / Windy,False,False,False,False,True,False,False,False,False,False,False,False,False,Day,Day,Day,Day,Monday
A-851531,Source2,2,2021-10-25 15:08:41,2021-10-25 20:10:00,41.814171,-71.439369,,,0.1500000059604644,Entry ramp to Rte-10 Northbound from US-6 Eastbound closed due to accident.,RI-10 N,Providence,Providence,RI,02909,US,US/Eastern,KPVD,2021-10-25 14:51:00,58.0,58.0,93.0,29.9,2.0,N,12.0,0.0,Fog,False,False,False,False,False,False,False,False,False,False,False,False,False,Day,Day,Day,Day,Monday
A-7025827,Source1,4,2020-05-13 13:43:26,2020-05-13 14:18:24,41.85293,-71.71767,41.85387,-71.75834,2.094,Closed at Mt Hygeia Rd - Road closed due to accident., Hartford Pike,North Scituate,Providence,RI,02857-1846,US,US/Eastern,KSFZ,2020-05-13 13:56:00,56.0,56.0,24.0,29.69,10.0,W,12.0,0.0,Fair,False,False,False,False,False,False,False,False,False,False,False,False,False,Day,Day,Day,Day,Wednesday
A-7199686,Source1,2,2020-04-27 14:05:33,2020-04-27 14:40:31,41.81382,-71.44129000000002,41.81382,-71.44129000000002,0.0,At RI-10 - Accident. Left lane blocked.,US-6 E,Providence,Providence,RI,02909,US,US/Eastern,KPVD,2020-04-27 13:51:00,43.0,34.0,86.0,29.76,5.0,N,21.0,0.01,Light Rain / Windy,False,False,False,False,False,False,False,False,False,False,False,False,False,Day,Day,Day,Day,Monday
A-7707978,Source1,4,2019-04-12 18:15:26,2019-04-12 18:43:47,41.81124000000001,-71.35393,41.81006,-71.35257,0.107,Ramp closed to RI-1A/Exit 8 - Road closed due to accident.,I-195 E,East Providence,Providence,RI,02914,US,US/Eastern,KPVD,2019-04-12 17:51:00,48.0,44.0,83.0,30.16,10.0,S,8.0,0.0,Cloudy,False,False,False,False,True,False,False,False,False,False,False,False,False,Day,Day,Day,Day,Friday
A-1702298,Source2,3,2019-12-09 16:17:11,2019-12-09 17:16:42,41.819248,-71.389572,,,0.0,Left lane blocked due to accident on I-195 Eastbound at Exit 3 Gano St.,I-195 W,Providence,Providence,RI,02903,US,US/Eastern,KPVD,2019-12-09 16:28:00,56.0,56.0,97.0,29.86,1.0,SSW,14.0,0.27,Heavy Rain,False,False,False,False,False,False,False,False,False,False,False,False,False,Night,Day,Day,Day,Monday
A-1640864,Source2,3,2020-02-11 09:11:21,2020-02-11 09:41:01,41.781845,-71.42351500000002,,,0.0,Left lane blocked and left hand shoulder blocked due to accident on I-95 Northbound at Exit 16 RI-10 Huntington Expy.,RI-10 S,Cranston,Providence,RI,02910,US,US/Eastern,KPVD,2020-02-11 08:51:00,42.0,42.0,100.0,29.96,1.0,N,3.0,0.08,Light Rain,False,False,False,False,True,False,False,False,False,False,False,False,False,Day,Day,Day,Day,Tuesday
A-206939,Source2,3,2016-11-24 21:28:06,2016-11-24 21:57:44,41.811031,-71.405548,,,0.01,Right hand shoulder closed due to accident on I-95 Northbound near Exit 19 I-195.,Providence River Bridge,Providence,Providence,RI,02903,US,US/Eastern,KPVD,2016-11-24 21:51:00,39.9,35.8,93.0,30.26,8.0,NNE,5.8,0.0,Light Drizzle,False,False,False,False,False,False,False,False,False,False,False,False,False,Night,Night,Night,Night,Thursday
A-2578499,Source2,3,2018-09-12 15:55:49,2018-09-12 16:25:19,41.817032,-71.398689,,,0.0,Left lane blocked due to accident on I-195 Eastbound at Exit 2 US-44.,I-195 E,Providence,Providence,RI,02903,US,US/Eastern,KPVD,2018-09-12 15:54:00,66.9,,100.0,30.26,2.5,NE,6.9,0.01,Thunderstorms and Rain,False,False,False,False,True,False,False,False,False,False,False,True,False,Day,Day,Day,Day,Wednesday
A-516306,Source2,2,2022-09-05 18:04:22,2022-09-05 19:03:50,41.843281,-71.41925,,,0.0,Right lane blocked due to crash on RI-146 Louisquisset Pike Northbound at RI-246 Charles St.,Louisquisset Pike N,Providence,Providence,RI,02904,US,US/Eastern,KSFZ,2022-09-05 18:08:00,66.0,66.0,100.0,29.67,1.0,SE,8.0,0.22,Heavy Rain,False,False,False,False,True,False,False,False,False,False,False,False,False,Day,Day,Day,Day,Monday
A-623393,Source2,1,2022-05-13 10:28:04,2022-05-13 10:57:56,41.492191,-71.317368,,,0.0,Crash on RI-138A Americas Cup Ave at Bridge St.,Bridge St,Newport,Newport,RI,02840-2529,US,US/Eastern,KUUU,2022-05-13 10:53:00,64.0,64.0,93.0,30.14,10.0,CALM,0.0,0.0,Cloudy,False,False,False,False,False,False,False,False,False,False,False,True,False,Day,Day,Day,Day,Friday
A-3019236,Source2,2,2018-02-19 11:06:37,2018-02-19 11:36:27,41.62936,-71.486801,,,0.0,Right hand shoulder blocked due to accident on RI-4 Northbound at Exits 7 7B-A RI-402 Frenchtown Rd.,RI-4 N,East Greenwich,Kent,RI,02818,US,US/Eastern,KPVD,2018-02-19 10:51:00,44.1,37.1,68.0,30.52,10.0,South,15.0,,Scattered Clouds,False,False,False,False,False,False,False,False,False,False,False,False,False,Day,Day,Day,Day,Monday
A-7172814,Source1,1,2020-04-13 12:50:34,2020-04-13 13:05:34,41.8407,-71.41799,41.8407,-71.41799,0.0,At Admiral St - Accident.,Louisquisset Pike S,Providence,Providence,RI,02908,US,US/Eastern,KSFZ,2020-04-13 12:56:00,57.0,57.0,96.0,29.3,3.0,S,12.0,0.12,Rain,False,False,False,False,False,False,False,False,False,False,False,False,False,Day,Day,Day,Day,Monday
A-7495223,Source1,4,2018-11-03 12:46:40,2018-11-03 13:16:39,41.72123,-71.44577,41.717032,-71.44709,0.298,Closed at Echo Dr - Road closed due to accident., Jefferson Blvd,Warwick,Kent,RI,02886-2240,US,US/Eastern,KPVD,2018-11-03 12:51:00,63.0,,87.0,29.55,10.0,SW,20.7,0.0,Overcast,False,False,False,False,False,False,False,False,False,False,False,False,False,Day,Day,Day,Day,Saturday
A-967988,Source2,2,2021-07-19 16:46:38,2021-07-19 17:15:45,41.806911,-71.440453,,,0.0,One lane blocked due to accident on RI-10 Huntington Expy Northbound at Exit 3B / Huntington Ave / Cranston St.,Salvati Way,Providence,Providence,RI,02909-2345,US,US/Eastern,KPVD,2021-07-19 16:51:00,73.0,73.0,84.0,29.86,3.0,NW,6.0,0.0,Haze,False,False,True,False,False,False,False,False,False,False,False,False,False,Day,Day,Day,Day,Monday
A-817370,Source2,2,2021-11-16 16:07:41,2021-11-16 16:37:17,41.786934,-71.433479,,,0.0,One lane blocked due to accident on RI-10 Huntington Expy Southbound at Exit 3 RI-2 Reservoir Ave.,E Cong Sons Cemetery,Cranston,Providence,RI,02910,US,US/Eastern,KPVD,2021-11-16 15:51:00,47.0,42.0,41.0,30.02,10.0,WNW,12.0,0.0,Partly Cloudy,False,False,False,False,False,False,False,False,False,False,False,False,False,Day,Day,Day,Day,Tuesday
A-3215396,Source2,3,2017-09-30 13:57:35,2017-09-30 14:42:06,41.819279,-71.38832099999998,,,0.0,Slow traffic and left hand shoulder blocked due to accident on I-195 Westbound at Exit 3 India St.,US-6 W,Providence,Providence,RI,02906,US,US/Eastern,KSFZ,2017-09-30 13:56:00,55.9,,75.0,30.04,10.0,ENE,9.2,,Overcast,False,False,False,False,False,False,False,False,False,False,False,False,False,Day,Day,Day,Day,Saturday
A-475188,Source2,3,2017-06-04 07:45:11,2017-06-04 08:29:44,41.945061,-71.436867,,,0.0099999997764825,Right lane blocked and right hand shoulder blocked due to accident on I-295 Northbound at Exit 10 RI-122 Mendon Rd.,I-295 S,Cumberland,Providence,RI,02864,US,US/Eastern,KSFZ,2017-06-04 07:56:00,60.1,,69.0,30.05,5.0,WNW,8.1,,Haze,False,False,False,False,False,False,False,False,False,False,False,False,False,Day,Day,Day,Day,Sunday
A-586139,Source2,1,2022-06-22 09:21:01,2022-06-22 10:06:21,41.85891,-71.456337,,,0.0,Crash on Andover St at Decatur Ave.,Andover St,Providence,Providence,RI,02904-3930,US,US/Eastern,KSFZ,2022-06-22 09:24:00,64.0,64.0,94.0,29.63,10.0,ESE,6.0,0.0,Light Rain,False,False,False,False,False,False,False,False,False,False,False,False,False,Day,Day,Day,Day,Wednesday
A-7455971,Source1,2,2019-01-02 12:56:22,2019-01-02 13:25:45,41.81436,-71.40324,41.81468,-71.40267,0.037,At I-95 - Accident. Left lane blocked.,I-195 E,Providence,Providence,RI,02903,US,US/Eastern,KPVD,2019-01-02 12:51:00,36.0,29.6,26.0,30.32,10.0,North,8.1,,Mostly Cloudy,False,False,False,False,False,False,False,False,False,False,False,False,False,Day,Day,Day,Day,Wednesday
A-7251306,Source1,2,2020-02-06 18:14:22,2020-02-06 18:43:08,41.86514,-71.4303,41.87097,-71.43108000000002,0.405,At RI-15/Mineral Spring Ave - Accident. Left lane blocked.,Eddie Dowling Hwy N,Providence,Providence,RI,02904,US,US/Eastern,KSFZ,2020-02-06 18:15:00,37.0,30.0,100.0,29.07,4.0,NE,12.0,0.0,Wintry Mix,False,False,False,False,False,False,False,False,False,False,False,False,False,Night,Night,Night,Day,Thursday
A-1517751,Source2,3,2020-03-07 12:32:22,2020-03-07 13:18:31,41.840019,-71.411263,,,0.0,Right hand shoulder blocked and right lane blocked due to accident on I-95 Southbound at Exit 23 RI-246 Charles St.,I-95 S,Providence,Providence,RI,02904,US,US/Eastern,KSFZ,2020-03-07 12:56:00,41.0,32.0,23.0,29.61,10.0,N,21.0,0.0,Fair / Windy,False,False,False,False,True,False,False,False,False,False,False,False,False,Day,Day,Day,Day,Saturday
A-1690211,Source2,3,2019-12-03 04:56:26,2019-12-03 05:55:47,41.785763,-71.422104,,,0.0,Left lane blocked due to accident on I-95 Northbound at I-95 Exit 16.,I-95 S,Cranston,Providence,RI,02910,US,US/Eastern,KPVD,2019-12-03 05:00:00,29.0,17.0,92.0,29.31,0.75,N,16.0,0.01,Light Snow,False,False,False,False,False,False,False,False,False,False,False,False,False,Night,Night,Night,Night,Tuesday
A-1219812,Source2,2,2020-12-21 16:09:42,2020-12-21 17:08:11,41.806911,-71.440453,,,0.0,Right lane blocked due to accident on RI-10 Huntington Expy Southbound at Exit 5 Huntington Ave.,Salvati Way,Providence,Providence,RI,02909-2345,US,US/Eastern,KPVD,2020-12-21 15:51:00,36.0,36.0,89.0,29.66,5.0,CALM,0.0,0.0,Patches of Fog,False,False,True,False,False,False,False,False,False,False,False,False,False,Day,Day,Day,Day,Monday
A-7042519,Source1,1,2020-05-21 17:35:22,2020-05-21 18:10:20,41.72718,-71.46055,41.72718,-71.46055,0.0,At RI-113/Exit 12 - Accident. Hard shoulder blocked.,I-95 S,Warwick,Kent,RI,02886,US,US/Eastern,KPVD,2020-05-21 17:51:00,66.0,66.0,43.0,30.21,10.0,S,14.0,0.0,Mostly Cloudy,False,False,False,False,False,False,False,False,False,False,False,False,False,Day,Day,Day,Day,Thursday
A-656432,Source2,2,2022-04-08 07:27:02,2022-04-08 07:56:49,41.814365,-71.439148,,,0.0,Left lane blocked due to crash on RI-10 Huntington Expy Northbound at Exit 3C Westminster St.,3C,Providence,Providence,RI,02909,US,US/Eastern,KPVD,2022-04-08 07:43:00,51.0,51.0,100.0,29.42,0.5,S,9.0,0.0,Drizzle and Fog,False,False,False,False,False,False,False,False,False,False,False,False,False,Day,Day,Day,Day,Friday
A-2291347,Source2,2,2019-02-18 06:51:37,2019-02-18 07:21:02,41.512527,-71.36689799999998,,,0.0,Right lane blocked due to accident on RI-138 Westbound at Shore Rd.,RI-138 E,Jamestown,Newport,RI,02835,US,US/Eastern,KUUU,2019-02-18 06:53:00,30.9,24.3,92.0,29.84,6.0,NNE,6.9,0.04,Light Freezing Rain,False,False,False,False,False,False,False,False,False,False,False,False,False,Day,Day,Day,Day,Monday
A-1826628,Source2,2,2019-11-18 08:31:04,2019-11-18 09:00:46,41.821617,-71.472786,,,0.0,Right lane blocked due to accident on US-6 Eastbound at RI-128 Killingly St.,US-6 W,Johnston,Providence,RI,02919,US,US/Eastern,KSFZ,2019-11-18 08:56:00,35.0,24.0,85.0,29.38,10.0,NNE,21.0,0.0,Cloudy / Windy,False,False,False,False,False,False,False,False,False,False,False,False,False,Day,Day,Day,Day,Monday
A-6574894,Source1,2,2020-12-20 15:41:00,2020-12-20 18:00:30,41.668577,-71.48625,41.668337,-71.487377,0.06,Incident on I-95 SB near RI-4 Right shoulder closed.,I-95 S,East Greenwich,Kent,RI,02818,US,US/Eastern,KPVD,2020-12-20 15:51:00,35.0,31.0,85.0,30.06,7.0,WNW,5.0,0.0,Light Rain,False,False,False,False,False,False,False,False,False,False,False,False,False,Day,Day,Day,Day,Sunday
A-2640332,Source2,3,2018-08-11 13:14:29,2018-08-11 13:44:10,41.667618,-71.49090600000002,,,0.0,Median and Left lane blocked due to accident on I-95 Southbound at Exit 9 RI-4.,I-95 S,East Greenwich,Kent,RI,02818,US,US/Eastern,KPVD,2018-08-11 12:51:00,73.0,,96.0,30.01,2.0,SE,8.1,0.09,Rain,False,False,False,False,False,False,False,False,False,False,False,False,False,Day,Day,Day,Day,Saturday
A-6838381,Source1,2,2020-09-12 01:23:51,2020-09-12 02:55:32,41.824979,-71.419221,41.833274,-71.41670400000002,0.588,Slow traffic on I-95 from I-195/US-6/Exit 20 (I-95) to RI-7/RI-146/Charles St/Exit 23 (I-95) due to accident.,I-95 N,Providence,Providence,RI,02903,US,US/Eastern,KPVD,2020-09-12 01:51:00,55.0,55.0,89.0,30.24,10.0,NNW,7.0,0.0,Fair,False,False,False,False,False,False,False,False,False,False,False,False,False,Night,Night,Night,Night,Saturday
A-6662832,Source1,2,2020-10-17 01:54:30,2020-10-17 02:35:00,41.873111,-71.390571,41.872497,-71.394533,0.208,Stationary traffic on I-95 from School St/Exit 28 (I-95) to RI-122/Lonsdale Ave/Exit 26 (I-95) due to accident.,I-95 S,Pawtucket,Providence,RI,02860,US,US/Eastern,KSFZ,2020-10-17 01:56:00,48.0,42.0,100.0,,6.0,NNW,16.0,0.3,Rain,False,False,False,False,False,False,False,False,False,False,False,False,False,Night,Night,Night,Night,Saturday
A-7425414,Source1,2,2019-03-10 08:37:52,2019-03-10 09:07:45,41.94498,-71.43632,41.94716,-71.43182,0.276,At RI-122/Exit 10 - Accident. Left lane blocked.,I-295 N,Cumberland,Providence,RI,02864,US,US/Eastern,KSFZ,2019-03-10 08:44:00,28.4,18.5,93.0,30.35,4.0,East,11.5,0.05,Light Snow,False,False,False,False,True,False,False,False,False,False,False,False,False,Day,Day,Day,Day,Sunday
A-6476076,Source1,2,2021-02-20 11:40:30,2021-02-20 18:52:34,41.826025,-71.422067,41.83391500000001,-71.41614799999998,0.625,Stationary traffic on I-95 N from US-6 E to RI-146 exit [23] due to accident.,US-6 E,Providence,Providence,RI,02903,US,US/Eastern,KPVD,2021-02-20 11:51:00,33.0,25.0,54.0,29.93,10.0,NW,9.0,0.0,Mostly Cloudy,False,False,False,False,False,False,False,False,False,False,False,False,False,Day,Day,Day,Day,Saturday
A-2084084,Source2,3,2019-05-05 14:35:00,2019-05-05 15:35:40,41.823475,-71.419296,,,0.0,Right lane blocked due to accident on I-95 Southbound at Exit 21 Service Road 7.,Aborn St,Providence,Providence,RI,02903,US,US/Eastern,KPVD,2019-05-05 14:51:00,52.0,52.0,93.0,29.84,6.0,ENE,10.0,0.03,Light Rain,False,False,False,False,False,False,False,False,False,False,False,False,False,Day,Day,Day,Day,Sunday
A-766310,Source2,3,2021-12-24 08:38:02,2021-12-24 09:24:27,41.72457100000001,-71.480438,,,0.0,Left lane blocked due to accident on I-295 Southbound at Exit 1B RI-2 Bald Hill Rd.,Bald Hill Rd,Warwick,Kent,RI,02886,US,US/Eastern,KPVD,2021-12-24 08:38:00,24.0,17.0,88.0,30.12,0.25,VAR,6.0,0.03,Heavy Snow,False,False,False,False,False,False,False,False,False,False,False,False,False,Day,Day,Day,Day,Friday
A-207538,Source2,3,2016-11-29 16:21:49,2016-11-29 16:51:29,41.697548,-71.475235,,,0.01,Queueing traffic due to accident on I-95 Northbound at Exits 10 10A 10B RI-117 Centerville Rd.,I-95 N,Warwick,Kent,RI,02886,US,US/Eastern,KPVD,2016-11-29 16:51:00,54.0,,93.0,29.94,2.5,South,18.4,0.24,Heavy Rain,False,False,False,False,False,False,False,False,False,False,False,False,False,Night,Day,Day,Day,Tuesday
A-7509623,Source1,4,2018-11-27 21:39:13,2018-11-27 22:08:54,41.90003,-71.44619,41.905599,-71.448459,0.402,Closed between RI-123/Breakneck Hill Rd and Eddie Dowling Hwy - Road closed due to accident.,Eddie Dowling Hwy N,Lincoln,Providence,RI,02865,US,US/Eastern,KSFZ,2018-11-27 21:33:00,35.6,30.7,75.0,29.33,10.0,West,5.8,,Overcast,False,False,False,False,False,False,False,False,False,False,False,False,False,Night,Night,Night,Night,Tuesday
A-1786116,Source2,3,2019-10-30 08:31:21,2019-10-30 10:02:55,41.81337,-71.408691,,,0.0,Left hand shoulder blocked due to accident on I-195 Westbound at Eddy St.,Crary St,Providence,Providence,RI,02903-4920,US,US/Eastern,KPVD,2019-10-30 08:27:00,55.0,55.0,100.0,30.27,0.75,CALM,0.0,0.0,Fog,False,False,False,False,False,False,False,False,False,False,False,False,False,Day,Day,Day,Day,Wednesday
