ID,Source,Severity,Start_Time,End_Time,Start_Lat,Start_Lng,End_Lat,End_Lng,Distance(mi),Description,Street,City,County,State,Zipcode,Country,Timezone,Airport_Code,Weather_Timestamp,Temperature(F),Wind_Chill(F),Humidity(%),Pressure(in),Visibility(mi),Wind_Direction,Wind_Speed(mph),Precipitation(in),Weather_Condition,Amenity,Bump,Crossing,Give_Way,Junction,No_Exit,Railway,Roundabout,Station,Stop,Traffic_Calming,Traffic_Signal,Turning_Loop,Sunrise_Sunset,Civil_Twilight,Nautical_Twilight,Astronomical_Twilight,Day_Of_Week
A-5383426,Source1,4,2022-02-02 10:35:30,2022-02-02 12:36:40,35.55073857290482,-106.12210392901363,35.55525857290481,-106.1152839290136,0.494,US-85 N - I-25 N is closed from CR-57/Exit 267 (I-25) to CR-50F/Exit 271 (I-25) due to accident.,I-25,Santa Fe,Santa Fe,NM,87508,US,US/Mountain,KSAF,2022-02-02 10:40:00,22.0,6.0,82.0,23.59,1.0,SE,22.0,0.0,Light Snow / Windy,False,False,False,False,True,False,False,False,False,False,False,False,False,Day,Day,Day,Day,Wednesday
A-2423147,Source2,2,2018-12-31 12:33:48,2018-12-31 13:03:32,35.200413,-106.679955,,,0.0,Accident on Golf Course Rd at Irving Blvd.,Irving Blvd NW,Albuquerque,Bernalillo,NM,87114,US,US/Mountain,KAEG,2018-12-31 12:50:00,24.8,16.1,86.0,29.83,7.0,East,8.1,,Snow,False,False,False,False,False,False,False,False,False,False,False,True,False,Day,Day,Day,Day,Monday
A-4467929,Source1,2,2022-02-02 19:35:00,2022-02-02 19:52:30,35.00431895239351,-105.7502639288628,35.00856895239351,-105.6693739288628,4.587,Slow traffic on I-40 E - Historic US 66 E from Frontage Rd/Exit 208 (I-40) to US-285/Exit 218 (I-40) due to accident.,I-40,Moriarty,Torrance,NM,87035,US,US/Mountain,K0E0,2022-02-02 19:35:00,13.0,4.0,87.0,23.84,0.5,SE,6.0,0.0,Heavy Snow,False,False,False,False,False,False,False,False,False,False,False,False,False,Night,Night,Night,Night,Wednesday
A-2599960,Source2,2,2018-09-21 07:58:08,2018-09-21 08:27:56,35.072734999999994,-106.56324,,,0.0,Accident on Zuni Rd at San Pablo St.,Zuni Rd SE,Albuquerque,Bernalillo,NM,87108,US,US/Mountain,KABQ,2018-09-21 07:52:00,60.1,,57.0,30.04,10.0,North,10.4,,Clear,False,False,True,False,False,False,False,False,False,False,False,True,False,Day,Day,Day,Day,Friday
A-1681253,Source2,4,2019-12-27 09:06:36,2019-12-27 09:50:49,35.568649,-105.220085,,,6.550000190734862,Right lane closed and right hand shoulder closed due to accident on I-25 Northbound from Exit 339 US-84 to Exit 343 I-25-BL Grand Ave.,S Grand Ave,Las Vegas,San Miguel,NM,87701,US,US/Mountain,KLVS,2019-12-27 08:59:00,31.0,25.0,100.0,23.22,1.0,NNE,6.0,0.0,T-Storm,False,False,False,False,False,False,False,False,False,False,False,False,False,Day,Day,Day,Day,Friday
A-7565764,Source1,4,2018-07-28 22:10:07,2018-07-29 04:10:07,35.085743,-106.53244,35.087340000000005,-106.53249,0.11,Closed at Lomas Blvd - Road closed due to accident., Eubank Blvd NE,Albuquerque,Bernalillo,NM,87123-1261,US,US/Mountain,KABQ,2018-07-28 21:52:00,75.9,,56.0,29.99,10.0,East,6.9,,Scattered Clouds,False,False,False,False,False,False,False,False,False,False,False,False,False,Night,Night,Night,Night,Saturday
A-2538626,Source2,2,2018-10-23 15:58:37,2018-10-23 16:28:11,35.185417,-106.606789,,,0.0,Accident on NM-528 Alameda Blvd at Edith Blvd.,Alameda Blvd NE,Albuquerque,Bernalillo,NM,87113,US,US/Mountain,KABQ,2018-10-23 15:52:00,52.0,,93.0,30.08,3.0,WNW,3.5,0.17,Light Rain,False,False,False,False,False,False,False,False,False,False,False,False,False,Day,Day,Day,Day,Tuesday
A-668532,Source2,2,2022-03-22 07:19:35,2022-03-22 07:48:50,35.067211,-106.789078,,,0.0,Crash on Atrisco Vista Blvd at Bluewater Rd.,Atrisco Vista Blvd NW,Albuquerque,Bernalillo,NM,87121,US,US/Mountain,KABQ,2022-03-22 07:19:00,34.0,34.0,96.0,24.65,3.0,CALM,0.0,0.01,Light Drizzle,False,False,True,False,False,False,False,False,False,True,False,False,False,Day,Day,Day,Day,Tuesday
A-1437244,Source2,2,2020-08-25 16:34:40,2020-08-25 17:25:07,35.19662899999999,-106.703247,,,0.0,One lane blocked due to accident on Paradise Blvd Westbound at Unser Blvd.,Unser Blvd NW,Albuquerque,Bernalillo,NM,87114,US,US/Mountain,KAEG,2020-08-25 16:47:00,90.0,90.0,17.0,24.28,8.0,SSE,7.0,0.0,Smoke,False,False,False,False,False,False,False,False,False,False,False,True,False,Day,Day,Day,Day,Tuesday
A-6105657,Source1,2,2021-03-24 22:50:00,2021-03-25 00:45:00,34.981466531586726,-105.08786559054808,34.987586531586736,-105.21124559054807,6.997000000000001,Slow traffic on I-40 W - Historic US 66 W from Exit 252 (I-40) to CR-4AA/Exit 243 (I-40) due to accident.,I-40,Vaughn,Guadalupe,NM,88353,US,US/Mountain,KCQC,2021-03-24 22:53:00,16.0,4.0,92.0,22.98,0.25,WNW,9.0,0.0,Fog,False,False,False,False,False,False,False,False,False,False,False,False,False,Night,Night,Night,Night,Wednesday
A-7405649,Source1,4,2019-09-03 20:04:50,2019-09-03 20:33:49,36.318728,-106.036262,36.327,-106.025563,0.825,Closed between Taos and NM-567 - Road closed due to accident.,US-285 N,Ojo Caliente,Taos,NM,87549,US,US/Mountain,KSKX,2019-09-03 19:56:00,78.0,78.0,25.0,23.49,10.0,E,23.0,0.0,Partly Cloudy / Windy,False,False,False,False,False,False,False,False,False,False,False,False,False,Night,Night,Day,Day,Tuesday
A-1368323,Source2,2,2020-08-31 10:51:28,2020-08-31 11:21:01,32.792549,-107.920181,,,107.83000183105467,Accident on NM-152 between Oliver Rd and NM-61.,Highway 152,Hanover,Grant,NM,88041-9308,US,US/Mountain,KSVC,2020-08-31 10:55:00,79.0,79.0,45.0,24.62,10.0,WNW,22.0,0.0,Mostly Cloudy / Windy,False,False,False,False,False,False,False,False,False,False,False,False,False,Day,Day,Day,Day,Monday
A-5378574,Source1,2,2022-02-02 20:19:00,2022-02-02 22:40:00.000000000,35.004537,-105.991711,35.008728999999995,-105.671998,18.096,Slow traffic on I-40 E - Historic US 66 E from I-40/Exit 197 (I-40) to US-285/Exit 218 (I-40) due to accident.,I-40,Moriarty,Torrance,NM,87035,US,US/Mountain,K0E0,2022-02-02 20:15:00,13.0,4.0,88.0,23.85,0.75,S,6.0,0.02,Snow,False,False,False,False,False,False,False,False,False,False,False,False,False,Night,Night,Night,Night,Wednesday
A-1833981,Source2,3,2019-11-20 06:03:31,2019-11-20 07:21:14,35.059437,-106.638359,,,0.0,Right lane closed due to accident on I-25 Northbound at Exit 222 Gibson Blvd.,I-25 S,Albuquerque,Bernalillo,NM,87102,US,US/Mountain,KABQ,2019-11-20 06:06:00,49.0,43.0,93.0,24.48,3.0,W,15.0,0.06,Heavy Rain,False,False,False,False,True,False,False,False,False,False,False,False,False,Night,Night,Day,Day,Wednesday
A-758215,Source2,2,2021-12-31 22:08:33,2021-12-31 23:08:10,35.123721999999994,-106.604332,,,0.0,Accident on Carlisle Blvd at Comanche Rd.,Comanche Rd NE,Albuquerque,Bernalillo,NM,87107-4536,US,US/Mountain,KABQ,2021-12-31 21:52:00,43.0,33.0,86.0,24.23,10.0,S,26.0,0.0,Light Rain / Windy,False,False,True,False,False,False,False,False,False,False,False,True,False,Night,Night,Night,Night,Friday
A-3145401,Source2,2,2017-12-21 16:10:39,2017-12-21 16:55:25,35.181282,-106.674599,,,0.0,Accident on Paseo del Norte at Eagle Ranch Rd.,Paseo del Norte W,Albuquerque,Bernalillo,NM,87114,US,US/Mountain,KAEG,2017-12-21 15:48:00,41.0,30.7,42.0,29.75,10.0,NW,25.3,,Widespread Dust,False,False,False,False,False,False,False,False,False,False,False,True,False,Day,Day,Day,Day,Thursday
A-2333888,Source2,3,2019-01-13 12:30:46,2019-01-13 13:14:35,35.075901,-107.647873,,,0.0,Right lane blocked due to accident on I-40 Eastbound at Exit 96 NM-124.,Historic US 66 E,Cubero,Cibola,NM,87014,US,US/Mountain,KGNT,2019-01-13 12:35:00,33.3,24.1,85.0,30.15,10.0,SSE,12.7,,Overcast,False,False,False,False,False,False,False,False,False,False,False,False,False,Day,Day,Day,Day,Sunday
A-3512402,Source1,2,2016-10-24 07:25:46,2016-10-24 13:25:46,35.10579,-106.64607,35.10564,-106.64479,0.073,At 2nd St/Exit 159A - Accident.,Coronado Fwy E,Albuquerque,Bernalillo,NM,87102,US,US/Mountain,KABQ,2016-10-24 07:52:00,53.1,,37.0,30.2,10.0,North,6.9,,Partly Cloudy,False,False,False,False,False,False,False,False,False,False,False,False,False,Day,Day,Day,Day,Monday
A-563354,Source2,1,2022-07-18 07:04:36,2022-07-18 07:34:14,35.069569,-106.622078,,,0.0,Crash on Santa Clara Ave at Yale Blvd.,Yale Blvd SE,Albuquerque,Bernalillo,NM,87106-5116,US,US/Mountain,KABQ,2022-07-18 06:52:00,74.0,74.0,41.0,24.84,10.0,CALM,0.0,0.0,Cloudy,False,False,False,False,False,False,False,False,False,False,False,True,False,Day,Day,Day,Day,Monday
A-2076137,Source2,3,2019-06-27 18:17:37,2019-06-27 19:34:03,35.059437,-106.638359,,,0.0,Left lane blocked due to accident on I-25 Southbound at Exits 222 222A 222B Gibson Blvd.,I-25 S,Albuquerque,Bernalillo,NM,87102,US,US/Mountain,KABQ,2019-06-27 17:52:00,79.0,79.0,28.0,24.8,10.0,SSE,28.0,0.0,Cloudy / Windy,False,False,False,False,True,False,False,False,False,False,False,False,False,Day,Day,Day,Day,Thursday
A-2330009,Source2,3,2019-01-10 17:40:08,2019-01-10 18:09:23,35.106342,-106.648071,,,0.0,2 right lane blocked due to accident on I-40 Eastbound at Exit 158 5th St.,Coronado Fwy W,Albuquerque,Bernalillo,NM,87102,US,US/Mountain,KABQ,2019-01-10 17:52:00,42.1,37.7,73.0,30.12,10.0,SSW,6.9,0.0,Light Rain,False,False,False,False,False,False,False,False,False,False,False,False,False,Night,Day,Day,Day,Thursday
A-1805850,Source2,3,2019-11-07 07:00:23,2019-11-07 08:15:11,35.106495,-106.649475,,,0.0,Left lane closed due to accident on I-40 Eastbound after Exits 158 159A Indian School Rd.,Coronado Fwy E,Albuquerque,Bernalillo,NM,87102,US,US/Mountain,KABQ,2019-11-07 06:52:00,43.0,33.0,81.0,24.89,10.0,E,24.0,0.0,Partial Fog / Windy,False,False,False,False,False,False,False,False,False,False,False,False,False,Day,Day,Day,Day,Thursday
A-7560771,Source1,4,2018-07-15 10:53:58,2018-07-15 11:23:41,35.317085,-106.533615,35.376745,-106.471635,5.403,Closed between NM-44/NM-165/Exit 242 and NM-474/Exit 248 - Road closed due to accident.,I-25 N,Placitas,Sandoval,NM,87043,US,US/Mountain,KABQ,2018-07-15 10:52:00,78.1,,54.0,29.97,10.0,South,5.8,,Mostly Cloudy,False,False,False,False,False,False,False,False,False,False,False,False,False,Day,Day,Day,Day,Sunday
A-961846,Source2,2,2021-07-23 15:09:28,2021-07-23 16:09:13,35.05846,-106.62203999999998,,,0.0,Accident on Gibson Blvd at Yale Blvd.,Gibson Blvd SE,Albuquerque,Bernalillo,NM,87106,US,US/Mountain,KABQ,2021-07-23 15:10:00,84.0,84.0,38.0,24.76,10.0,N,25.0,0.0,Thunder / Windy,False,False,True,False,False,False,False,False,False,False,False,True,False,Day,Day,Day,Day,Friday
A-7682761,Source1,2,2017-09-14 08:23:24,2017-09-14 14:23:24,35.06678,-106.63908,35.07193,-106.63975,0.358,At Ave Cesar Chavez/Exit 223 - Accident.,I-25 N,Albuquerque,Bernalillo,NM,87106,US,US/Mountain,KABQ,2017-09-14 08:33:00,68.0,,39.0,30.11,10.0,SW,6.9,,Thunderstorm,False,False,False,False,True,False,False,False,False,False,False,False,False,Day,Day,Day,Day,Thursday
A-2341379,Source2,2,2019-01-16 06:58:44,2019-01-16 07:28:30,35.087086,-106.728096,,,0.0,Accident on NM-345 Unser Blvd at Los Volcanes Rd.,Unser Blvd NW,Albuquerque,Bernalillo,NM,87121,US,US/Mountain,KABQ,2019-01-16 06:52:00,32.0,26.4,93.0,30.24,8.0,SE,5.8,,Shallow Fog,False,False,False,False,False,False,False,False,False,False,False,False,False,Night,Day,Day,Day,Wednesday
A-864698,Source2,2,2021-10-12 15:07:19,2021-10-12 15:36:05,35.363194,-108.052071,,,32.310001373291016,Accident in the construction area on I-40 both ways between Exit 53 NM-371 and Exit 63 NM-412.,Historic US 66 E,Prewitt,McKinley,NM,87045,US,US/Mountain,KGNT,2021-10-12 14:53:00,42.0,32.0,43.0,23.46,10.0,SW,24.0,0.0,Cloudy / Windy,False,False,False,False,False,False,False,False,False,False,False,False,False,Day,Day,Day,Day,Tuesday
A-7642580,Source1,4,2017-12-03 14:42:23,2017-12-03 20:42:23,35.610363,-106.035001,35.60185999999999,-106.03568,0.589,Closed at I-25 - Road closed due to accident.,Cerrillos Rd,Santa Fe,Santa Fe,NM,87508,US,US/Mountain,KSAF,2017-12-03 14:53:00,57.9,,37.0,29.85,10.0,WSW,11.5,,Overcast,False,False,False,False,False,False,False,False,False,False,False,False,False,Day,Day,Day,Day,Sunday
A-712652,Source2,3,2022-02-12 07:29:32,2022-02-12 08:28:59,34.974621,-104.957451,,,0.0,Lane blocked due to crash on I-40 Eastbound after Exit 256 US-84 State Highway 219.,US-84,Santa Rosa,Guadalupe,NM,88435,US,US/Mountain,KLVS,2022-02-12 07:15:00,16.0,5.0,88.0,23.58,10.0,ESE,8.0,0.0,Cloudy,False,False,False,False,False,False,False,False,False,False,False,False,False,Day,Day,Day,Day,Saturday
A-3297998,Source2,3,2017-09-10 10:08:46,2017-09-10 11:08:28,35.10675,-106.70396399999998,,,0.0,Accident on I-40 Westbound at Exit 155 NM-448 Coors Blvd.,Coronado Fwy W,Albuquerque,Bernalillo,NM,87120,US,US/Mountain,KAEG,2017-09-10 09:47:00,69.8,,35.0,30.36,10.0,NE,8.1,,Haze,False,False,False,False,False,False,False,False,False,False,False,False,False,Day,Day,Day,Day,Sunday
