ID,Source,Severity,Start_Time,End_Time,Start_Lat,Start_Lng,End_Lat,End_Lng,Distance(mi),Description,Street,City,County,State,Zipcode,Country,Timezone,Airport_Code,Weather_Timestamp,Temperature(F),Wind_Chill(F),Humidity(%),Pressure(in),Visibility(mi),Wind_Direction,Wind_Speed(mph),Precipitation(in),Weather_Condition,Amenity,Bump,Crossing,Give_Way,Junction,No_Exit,Railway,Roundabout,Station,Stop,Traffic_Calming,Traffic_Signal,Turning_Loop,Sunrise_Sunset,Civil_Twilight,Nautical_Twilight,Astronomical_Twilight,Day_Of_Week
A-758100,Source2,3,2022-01-01 06:20:42,2022-01-01 07:05:08,38.848904,-98.4673,,,0.0,Right lane blocked due to accident on I-70 Eastbound near Exit 206 KS-232.,I-70 E,Wilson,Ellsworth,KS,67490,US,US/Central,KRSL,2022-01-01 06:19:00,6.0,-16.0,80.0,27.88,2.0,N,25.0,0.0,Light Snow / Windy,False,False,False,False,False,False,False,False,False,False,False,False,False,Night,Night,Night,Day,Saturday
A-7396007,Source1,4,2019-09-24 15:15:00,2019-09-24 15:42:39,38.171873,-99.104855,38.166564,-99.111976,0.5329999999999999,Closed at Burdett - Road closed due to accident., SW Trail St,Larned,Pawnee,KS,67550,US,US/Central,KGBD,2019-09-24 14:56:00,87.0,87.0,53.0,27.72,10.0,S,14.0,0.0,Partly Cloudy,False,False,False,False,False,False,True,False,False,False,False,False,False,Day,Day,Day,Day,Tuesday
A-5986229,Source1,4,2021-11-01 16:31:07,2021-11-01 17:48:00,39.12436366062581,-94.8142325873622,39.12854366062581,-94.8125425873622,0.303,Construction on I-435 NB near PARALLEL PKY Use alternate exit ramp.,I-435,Kansas City,Wyandotte,KS,66109,US,US/Central,KNKA,2021-11-01 16:41:00,39.0,36.0,89.0,29.58,10.0,N,5.0,0.0,Light Rain,False,False,False,False,False,False,False,False,False,False,False,False,False,Day,Day,Day,Day,Monday
A-4694147,Source1,2,2022-11-10 18:09:49,2022-11-10 19:39:00,39.108661,-94.681047,39.10726500000001,-94.680595,0.099,Incident on I-635 SB near I-70 Drive with caution.,I-635 S,Kansas City,Wyandotte,KS,66102,US,US/Central,KNKA,2022-11-10 17:54:00,46.0,41.0,83.0,29.14,10.0,NNW,9.0,0.04,Light Rain,False,False,False,False,False,False,False,False,False,False,False,False,False,Night,Night,Night,Day,Thursday
A-3441843,Source1,4,2016-06-22 23:19:49,2016-06-23 05:19:49,38.93418,-94.7093,38.93074,-94.70646,0.282,Ramp to Quivira Rd/Exit 82 - Accident.,I-435 E,Overland Park,Johnson,KS,66210,US,US/Central,KOJC,2016-06-22 22:53:00,86.0,,53.0,29.81,10.0,SW,11.5,,Clear,False,False,False,False,True,False,False,False,False,False,False,False,False,Night,Night,Night,Night,Wednesday
A-5723844,Source1,2,2021-08-01 18:50:30,2021-08-01 19:38:30,39.10571694355437,-94.70492720558784,39.10514694355437,-94.68654720558784,0.986,Slow traffic on US-24 E - US-40 E - I-70 E from 57th St/Exit 417 (I-70) to I-635/Exit 418 (I-70) due to accident.,Kansas Tpke,Kansas City,Wyandotte,KS,66102,US,US/Central,KNKA,2021-08-01 18:54:00,81.0,81.0,50.0,29.27,6.0,N,12.0,0.0,Smoke,False,False,False,False,False,False,False,False,False,False,False,False,False,Day,Day,Day,Day,Sunday
A-3753697,Source1,2,2022-05-31 17:12:00,2022-05-31 20:15:22.000000000,37.60782800000001,-97.291489,37.605933,-97.289857,0.159,Stationary traffic on KS-15 from S Clifton Ave to S Broadview St / Engineering Pkwy due to accident.,Southeast Dr,Wichita,Sedgwick,KS,67210,US,US/Central,KIAB,2022-05-31 17:08:00,77.0,77.0,78.0,28.4,10.0,NNE,14.0,0.0,Thunder,False,False,False,False,False,False,False,False,False,False,False,False,False,Day,Day,Day,Day,Tuesday
A-6945973,Source1,4,2020-12-23 00:59:17,2020-12-23 05:26:09,37.650108,-97.400226,37.629906,-97.386426,1.587,I-235 S is closed from US-400/US-54/W Kellogg Dr/Exit 7 (I-235) to West St/Exit 4 (I-235) due to accident.,I-235 S,Wichita,Sedgwick,KS,67209,US,US/Central,KICT,2020-12-23 00:53:00,57.0,57.0,69.0,28.11,10.0,SSW,32.0,0.0,Mostly Cloudy / Windy,False,False,False,False,True,False,False,False,False,False,False,False,False,Night,Night,Night,Night,Wednesday
A-1717335,Source2,3,2019-12-15 13:01:51,2019-12-15 16:26:23,39.116714,-94.681534,,,0.0,Left lane blocked and left hand shoulder blocked due to accident on I-635 Southbound at Exit 5 State Ave.,State Ave,Kansas City,Wyandotte,KS,66102,US,US/Central,KNKA,2019-12-15 13:05:00,25.0,16.0,85.0,29.17,0.75,ENE,8.0,0.0,Light Snow,False,False,False,False,False,False,False,False,False,False,False,False,False,Day,Day,Day,Day,Sunday
A-1585774,Source2,3,2020-01-10 14:25:24,2020-01-10 15:07:57,38.936577,-94.608994,,,0.0,Queueing traffic and left lane closed due to accident on I-435 Eastbound before Exit 75B State Line Rd.,I-435 E,Leawood,Johnson,KS,66211,US,US/Central,KOJC,2020-01-10 14:23:00,38.0,32.0,100.0,28.7,2.0,N,8.0,0.2,Heavy Rain,False,False,False,False,False,False,False,False,False,False,False,False,False,Day,Day,Day,Day,Friday
A-7508573,Source1,4,2018-11-25 13:54:13,2018-11-25 14:23:34,39.053619,-95.773378,39.06281,-96.537236,40.987,Closed between Wanamaker Rd/Exit 356 and KS-177/Exit 313 - Road closed due to accident. Reduced visibility expected.,I-70 W,Topeka,Shawnee,KS,66615,US,US/Central,KTOP,2018-11-25 13:53:00,28.0,13.0,88.0,29.83,0.2,NNW,26.5,0.08,Heavy Snow,False,False,False,False,False,False,False,False,False,False,False,False,False,Day,Day,Day,Day,Sunday
A-7586333,Source1,3,2018-05-24 18:51:07,2018-05-25 00:51:07,38.9547,-94.73422,38.95869,-94.73061,0.337,At 95th St/Exit 224 - Accident. Right lane blocked.,US-169 N,Lenexa,Johnson,KS,66215,US,US/Central,KOJC,2018-05-24 18:53:00,68.0,,90.0,30.01,6.0,SSW,8.1,0.08,Light Thunderstorms and Rain,False,False,False,False,True,False,False,False,False,False,False,False,False,Day,Day,Day,Day,Thursday
A-7022452,Source1,3,2020-05-11 18:16:46,2020-05-11 18:46:46,37.67509,-97.37112,37.67509,-97.37112,0.0,At Meridian Ave - Accident.,US-54 E,Wichita,Sedgwick,KS,67213,US,US/Central,KICT,2020-05-11 18:15:00,42.0,36.0,89.0,28.81,3.0,E,10.0,0.05,T-Storm,False,False,False,False,False,False,False,False,False,False,False,False,False,Day,Day,Day,Day,Monday
A-5321640,Source1,2,2022-07-02 19:31:34,2022-07-02 21:01:00.000000000,39.090377,-94.804167,39.091236,-94.805199,0.081,Incident on I-435 NB near KANSAS AVE Left shoulder closed.,I-435 N,Kansas City,Wyandotte,KS,66111,US,US/Central,KNKA,2022-07-02 19:27:00,75.0,75.0,87.0,29.18,10.0,NE,9.0,0.0,Cloudy,False,False,False,False,False,False,False,False,False,False,False,False,False,Day,Day,Day,Day,Saturday
A-6981775,Source1,1,2020-05-26 06:09:48,2020-05-26 06:24:48,37.69321,-97.35285,37.69321,-97.35285,0.0,At Museum Blvd - Accident.,W Central Ave,Wichita,Sedgwick,KS,67203,US,US/Central,KICT,2020-05-26 05:53:00,60.0,60.0,86.0,28.41,10.0,NNW,18.0,0.0,Cloudy,False,False,False,False,False,False,False,False,False,False,False,False,False,Night,Day,Day,Day,Tuesday
A-1043604,Source2,3,2021-05-16 13:19:07,2021-05-16 13:50:02,38.936577,-94.608994,,,0.0,Left lane blocked due to accident on I-435 Eastbound before State Line Rd.,I-435 E,Leawood,Johnson,KS,66211,US,US/Central,KOJC,2021-05-16 13:16:00,58.0,58.0,97.0,28.85,2.0,ENE,8.0,0.16,Light Rain with Thunder,False,False,False,False,False,False,False,False,False,False,False,False,False,Day,Day,Day,Day,Sunday
A-5534080,Source1,2,2021-09-20 17:38:59,2021-09-20 19:18:00,38.971294,-94.713633,38.9788,-94.711388,0.532,Construction on US-69 NB near I-635 Drive with caution.,US-69 N,Overland Park,Johnson,KS,66214,US,US/Central,KOJC,2021-09-20 17:27:00,83.0,83.0,65.0,28.6,10.0,SSW,5.0,0.0,Thunder,False,False,False,False,False,False,False,False,False,False,False,False,False,Day,Day,Day,Day,Monday
A-3918267,Source1,2,2022-11-04 11:43:59,2022-11-04 13:05:05.000000000,38.958961,-94.730593,38.953786,-94.735246,0.436,Incident on I-35 SB near W 95TH ST Drive with caution.,I-35 S,Lenexa,Johnson,KS,66215,US,US/Central,KOJC,2022-11-04 11:53:00,47.0,39.0,93.0,28.69,7.0,WNW,21.0,0.07,Light Rain / Windy,False,False,False,False,True,False,False,False,False,False,False,False,False,Day,Day,Day,Day,Friday
A-4772551,Source1,2,2022-05-31 08:31:48,2022-05-31 10:01:00.000000000,39.161088,-94.817078,39.162548,-94.814936,0.153,Incident on I-435 NB near DONAHOO RD Right shoulder closed.,I-435 N,Kansas City,Wyandotte,KS,66109,US,US/Central,KNKA,2022-05-31 08:31:00,65.0,65.0,93.0,29.06,0.75,VAR,3.0,0.72,Heavy T-Storm,False,False,False,False,False,False,False,False,False,False,False,False,False,Day,Day,Day,Day,Tuesday
A-4107973,Source1,2,2022-05-24 15:38:00,2022-05-24 16:50:30.000000000,37.679431,-97.304538,37.677018,-97.352877,2.649,Stationary traffic on US-54 W - US-400 W from S Hillside St (US-400/E Kellogg Dr N/US-54) to Seneca St (US-400/US-54) due to accident.,US-400 W,Wichita,Sedgwick,KS,67211,US,US/Central,KIAB,2022-05-24 15:56:00,67.0,67.0,100.0,28.25,10.0,S,14.0,0.02,Mostly Cloudy,False,False,False,False,True,False,False,False,False,False,False,False,False,Day,Day,Day,Day,Tuesday
A-5950013,Source1,2,2021-10-13 07:31:00,2021-10-13 08:13:30,38.941121,-94.852668,38.941509,-94.78848,3.45,Slow traffic on KS-10 E from S Cedar Creek Pkwy (KS-10) to Renner Blvd (KS-10) due to accident.,KS-10 E,Lenexa,Johnson,KS,66227,US,US/Central,KIXD,2021-10-13 07:27:00,63.0,63.0,90.0,28.6,7.0,SSE,10.0,0.1,Light Rain with Thunder,False,False,False,False,False,False,False,False,False,False,False,False,False,Day,Day,Day,Day,Wednesday
A-5801768,Source1,2,2021-11-17 08:41:30,2021-11-17 10:11:00.000000000,38.945041894727005,-94.77086663200964,38.942751894727,-94.77648663200964,0.341,Incident on KS-10 WB near I-435 Right shoulder closed.,1B,Lenexa,Johnson,KS,66219,US,US/Central,KOJC,2021-11-17 08:53:00,51.0,51.0,39.0,28.81,10.0,N,23.0,0.0,Cloudy / Windy,False,False,False,False,False,False,False,False,False,False,False,False,False,Day,Day,Day,Day,Wednesday
A-1446901,Source2,3,2020-05-25 12:53:39,2020-05-25 14:23:49,39.095432,-94.648315,,,0.0,3 right lane closed due to accident on I-70 Eastbound after Exits 420A 420B 421A 18th St Expy.,I-70 E,Kansas City,Wyandotte,KS,66102,US,US/Central,KNKA,2020-05-25 12:54:00,77.0,77.0,62.0,29.04,10.0,SE,10.0,0.0,Mostly Cloudy,False,False,False,False,False,False,False,False,False,False,False,False,False,Day,Day,Day,Day,Monday
A-6572861,Source1,2,2021-01-27 05:31:08,2021-01-27 08:01:00.000000000,39.037975,-94.789075,39.036279,-94.788929,0.117,Incident on I-435 SB near HOLLIDAY DR Right lane blocked. Expect delays.,I-435 S,Shawnee,Johnson,KS,66217,US,US/Central,KOJC,2021-01-27 05:34:00,24.0,16.0,96.0,29.02,6.0,N,7.0,0.0,Cloudy,False,False,False,False,False,False,False,False,False,False,False,False,False,Night,Night,Night,Night,Wednesday
A-6542303,Source1,2,2021-02-07 17:22:00,2021-02-09 04:50:30,39.093143,-94.642081,39.096907,-94.654115,0.696,Slow traffic on I-70 W - US-69 S - US-40 W - US-24 W from U P RR Service Rd/Exit 421 (I-70) to 38th St/Park Dr/Exit 419 (I-70) due to accident.,I-70 W,Kansas City,Wyandotte,KS,66102,US,US/Central,KNKA,2021-02-07 17:16:00,6.0,-9.0,80.0,29.35,2.0,E,12.0,0.0,Light Snow,False,False,False,False,False,False,False,False,False,False,False,False,False,Day,Day,Day,Day,Sunday
A-7586723,Source1,3,2018-05-25 04:52:37,2018-05-25 10:52:37,38.82541,-94.858594,38.833021,-94.847583,0.792,At I-35/S Lone Elm Rd - Accident. in the right lane.,US-56 E,Olathe,Johnson,KS,66062,US,US/Central,KOJC,2018-05-25 04:51:00,66.2,,100.0,29.94,0.8,East,18.4,0.58,Heavy Thunderstorms and Rain,False,False,False,False,False,False,False,False,False,False,False,False,False,Night,Night,Day,Day,Friday
A-3865681,Source1,2,2023-01-02 20:00:29,2023-01-02 21:30:00,38.941401,-94.790641,38.941509,-94.78848,0.116,Incident on KS-10 EB near RIDGEVIEW RD Left shoulder closed.,KS-10 E,Lenexa,Johnson,KS,66219,US,US/Central,KOJC,2023-01-02 20:02:00,55.0,55.0,96.0,28.43,6.0,NE,12.0,0.0,T-Storm,False,False,False,False,False,False,False,False,False,False,False,False,False,Night,Night,Night,Night,Monday
A-7396006,Source1,3,2019-09-24 09:51:22,2019-09-24 10:20:58,39.02464000000001,-94.69139,39.017144,-94.693149,0.526,Between Johnson Dr/Exit 229 and US-56/US-69/Exit 228 - Accident. 2 lanes blocked.,I-35 S,Shawnee,Johnson,KS,66203,US,US/Central,KNKA,2019-09-24 09:54:00,73.0,73.0,59.0,29.15,10.0,WSW,3.0,0.0,Mostly Cloudy,False,False,False,False,True,False,False,False,False,False,False,False,False,Day,Day,Day,Day,Tuesday
A-624751,Source2,3,2022-05-12 16:28:36,2022-05-12 17:13:36,39.247574,-96.60524,,,1.5299999713897705,Multi-vehicle crash on US-24 Tuttle Creek Blvd Eastbound between KS-113 and KS-13.,KS-13,Manhattan,Riley,KS,66503,US,US/Central,KMHK,2022-05-12 16:52:00,94.0,94.0,24.0,28.63,10.0,S,21.0,0.0,Fair / Windy,False,False,False,False,False,False,False,False,False,True,False,False,False,Day,Day,Day,Day,Thursday
A-1931709,Source2,3,2019-08-25 14:11:40,2019-08-25 14:58:51,39.098808,-94.609085,,,0.0,Multi-vehicle accident on I-670 Eastbound after Exit 1B Genessee St.,I-670 E,Kansas City,Wyandotte,KS,66118,US,US/Central,KNKA,2019-08-25 13:54:00,70.0,70.0,90.0,29.04,8.0,NE,8.0,0.12,Light Rain,False,False,False,False,False,False,False,False,False,False,False,False,False,Day,Day,Day,Day,Sunday
A-1850895,Source2,3,2019-11-29 13:19:26,2019-11-29 14:13:12,39.046497,-95.670845,,,0.0,Right lane closed due to accident on I-70 Westbound at Exits 362A 362B 362C Madison St.,SE Madison St,Topeka,Shawnee,KS,66607,US,US/Central,KTOP,2019-11-29 13:42:00,41.0,36.0,93.0,29.12,1.0,ESE,8.0,0.0,Fog,False,False,False,False,False,False,False,False,False,False,False,False,False,Day,Day,Day,Day,Friday
A-950931,Source2,3,2021-08-01 19:13:10,2021-08-01 20:02:59,39.105354,-94.709915,,,0.0,Left lane blocked due to accident on I-70 Eastbound at Exit 417 57th St.,I-70 W,Kansas City,Wyandotte,KS,66102,US,US/Central,KNKA,2021-08-01 18:54:00,81.0,81.0,50.0,29.27,6.0,N,12.0,0.0,Smoke,False,False,False,False,False,False,False,False,False,False,False,False,False,Day,Day,Day,Day,Sunday
A-4063594,Source1,2,2022-12-22 10:48:00,2022-12-22 11:08:00.000000000,39.04863954,-94.6422708,39.06439954,-94.6234408,1.485,Slow traffic on I-35 N from US-69/18th Street Expy (I-35) to Southwest Blvd/Mission Rd/Exit 233 (I-35) due to accident.,I-35,Kansas City,Wyandotte,KS,66103,US,US/Central,KNKA,2022-12-22 10:54:00,-4.0,-28.0,65.0,29.52,9.0,NW,22.0,0.0,Cloudy / Windy,False,False,False,False,False,False,False,False,False,False,False,False,False,Day,Day,Day,Day,Thursday
A-7014759,Source1,1,2020-05-07 18:30:36,2020-05-07 19:00:36,37.6225,-97.29465,37.6225,-97.29465,0.0,At I-35/Kansas Tpke - Earlier accident.,S Southeast Blvd,Wichita,Sedgwick,KS,67210,US,US/Central,KIAB,2020-05-07 18:56:00,58.0,58.0,77.0,28.4,10.0,SE,16.0,0.0,Partly Cloudy,False,False,False,False,False,False,False,False,False,False,False,False,False,Day,Day,Day,Day,Thursday
A-4442388,Source1,2,2022-07-25 09:05:30,2022-07-25 10:35:00,38.908555,-94.776388,38.89831,-94.785371,0.857,Construction on I-35 SB near KS-10 Drive with caution.,I-35 S,Olathe,Johnson,KS,66061,US,US/Central,KIXD,2022-07-25 08:53:00,68.0,68.0,93.0,28.96,3.0,NNW,8.0,0.06,Rain,False,False,False,False,False,False,False,False,False,False,False,False,False,Day,Day,Day,Day,Monday
A-836077,Source2,3,2021-11-03 08:02:01,2021-11-03 08:46:58,39.116714,-94.681534,,,0.0,Right lane blocked due to accident on I-635 Northbound at Exit 5 State Ave.,State Ave,Kansas City,Wyandotte,KS,66102,US,US/Central,KNKA,2021-11-03 07:54:00,31.0,31.0,92.0,29.6,0.25,CALM,0.0,0.0,Fog,False,False,False,False,False,False,False,False,False,False,False,False,False,Day,Day,Day,Day,Wednesday
A-3437383,Source1,4,2016-10-18 17:45:45,2016-10-18 23:45:45,38.965991,-94.723629,38.9729,-94.71701,0.595,Closed at 87th St Pky/Exit 225 - Road closed due to accident.,US-169 N,Lenexa,Johnson,KS,66215,US,US/Central,KOJC,2016-10-18 17:53:00,72.0,,49.0,29.88,10.0,NNW,9.2,,Clear,False,False,False,False,False,False,False,False,False,False,False,False,False,Day,Day,Day,Day,Tuesday
A-3439969,Source1,2,2016-08-24 20:20:42,2016-08-25 02:20:42,38.98285,-94.70782,38.97808,-94.71234,0.409,At US-69/Overland Pky/Exit 225 - Accident.,US-169 S,Overland Park,Johnson,KS,66214,US,US/Central,KOJC,2016-08-24 20:09:00,71.1,,84.0,29.98,4.0,ENE,13.8,0.69,Light Thunderstorms and Rain,False,False,False,False,True,False,False,False,False,False,False,False,False,Night,Day,Day,Day,Wednesday
A-7692358,Source1,2,2017-08-07 08:28:19,2017-08-07 14:28:19,38.93513,-94.705597,38.93449,-94.68966,0.858,At US-69/Exit 81 - Accident.,I-435 E,Overland Park,Johnson,KS,66210,US,US/Central,KOJC,2017-08-07 08:12:00,66.9,,97.0,30.04,10.0,North,8.1,,Scattered Clouds,False,False,False,False,True,False,False,False,False,False,False,False,False,Day,Day,Day,Day,Monday
A-4613886,Source1,2,2022-04-12 08:03:00,2022-04-12 08:29:30,39.048639535717726,-94.64227080300024,39.056359535717725,-94.62937080300024,0.8740000000000001,Slow traffic on I-35 N from US-69/18th Street Expy (I-35) to Southwest Blvd/Mission Rd/Exit 233A (I-35) due to accident.,I-35,Kansas City,Wyandotte,KS,66103,US,US/Central,KNKA,2022-04-12 07:54:00,55.0,55.0,89.0,28.87,4.0,ESE,10.0,0.0,Cloudy,False,False,False,False,False,False,False,False,False,False,False,False,False,Day,Day,Day,Day,Tuesday
A-2090443,Source2,3,2019-05-08 04:50:09,2019-05-08 06:26:35,39.10627,-94.738899,,,2.509999990463257,Right lane blocked due to accident on I-70 Westbound from Exit 417 57th St to Exits 415 415A 415B College Pkwy.,I-70 W,Kansas City,Wyandotte,KS,66102,US,US/Central,KNKA,2019-05-08 04:51:00,61.0,61.0,88.0,28.9,2.0,E,12.0,0.19,Heavy T-Storm,False,False,False,False,False,False,False,False,False,False,False,False,False,Night,Night,Night,Day,Wednesday
A-3758720,Source1,2,2022-10-10 16:01:05,2022-10-10 17:37:56,37.761563,-97.320626,37.762743,-97.320974,0.084,Incident on I-135 NB near I-235 Drive with caution.,I-135 N,Wichita,Sedgwick,KS,67219,US,US/Central,KAAO,2022-10-10 15:54:00,81.0,81.0,41.0,28.53,10.0,SSW,22.0,0.0,Mostly Cloudy / Windy,False,False,False,False,True,False,False,False,False,False,False,False,False,Day,Day,Day,Day,Monday
A-6024825,Source1,2,2021-08-12 22:13:41,2021-08-12 22:58:41,39.073380231670974,-94.6798646445528,39.075710231670975,-94.6803746445528,0.163,Accident from exit [2A] to I-635 N.,2A,Kansas City,Wyandotte,KS,66106,US,US/Central,KNKA,2021-08-12 22:14:00,75.0,75.0,82.0,29.21,10.0,VAR,6.0,0.0,Light Rain with Thunder,False,False,False,False,False,False,False,False,False,False,False,True,False,Night,Night,Night,Night,Thursday
A-2954234,Source2,2,2018-03-19 10:06:05,2018-03-19 10:35:40,38.941605,-94.797417,,,0.0,Left lane closed due to accident on KS-10 Eastbound at Ridgeview Rd.,S Ridgeview Rd,Lenexa,Johnson,KS,66219,US,US/Central,KOJC,2018-03-19 09:53:00,37.0,27.7,100.0,29.59,2.5,NE,16.1,0.32,Heavy Rain,False,False,False,False,False,False,False,False,False,False,False,False,False,Day,Day,Day,Day,Monday
A-825031,Source2,3,2021-11-10 18:47:11,2021-11-10 19:32:36,38.844437,-94.8321,,,0.0,Left lane blocked and left hand shoulder blocked due to accident on I-35 Northbound at Exit 214 Lone Elm Rd.,S Lone Elm Rd,Olathe city,Johnson,KS,66061,US,US/Central,KIXD,2021-11-10 18:53:00,61.0,61.0,87.0,28.52,5.0,S,17.0,0.21,Light Rain with Thunder,False,False,False,False,False,False,False,False,False,False,False,False,False,Night,Night,Night,Night,Wednesday
A-2571768,Source2,3,2018-09-08 08:52:20,2018-09-08 09:35:58,39.010975,-99.871513,,,0.0,Right lane closed due to accident on I-70 Westbound at Exit 128 US-40 Bus.,I-70 W,Wakeeney,Trego,KS,67672,US,US/Central,KHLC,2018-09-08 08:53:00,61.0,,100.0,30.13,0.5,NE,6.9,0.01,Fog,False,False,False,False,False,False,False,False,False,False,False,False,False,Day,Day,Day,Day,Saturday
A-1519870,Source2,2,2020-03-09 16:16:18,2020-03-09 16:45:31,38.803612,-94.675407,,,0.0,Right lane blocked due to accident on US-69 Northbound after 179th St.,US-69 S,Stilwell,Johnson,KS,66085,US,US/Central,KOJC,2020-03-09 16:15:00,52.0,52.0,100.0,28.71,3.0,NW,22.0,0.05,T-Storm / Windy,False,False,False,False,False,False,False,False,False,False,False,False,False,Day,Day,Day,Day,Monday
A-4562314,Source1,4,2022-04-24 02:01:37,2022-04-24 03:31:00,38.95377516727946,-94.73522543861992,38.94354516727946,-94.74400543861992,0.85,Incident on I-35 SB near 95TH ST Expect delays.,I-35,Lenexa,Johnson,KS,66215,US,US/Central,KOJC,2022-04-24 01:53:00,54.0,54.0,90.0,28.68,10.0,CALM,0.0,0.02,Mostly Cloudy,False,False,False,False,False,False,False,False,False,False,False,False,False,Night,Night,Night,Night,Sunday
A-1638106,Source2,3,2020-02-09 08:54:14,2020-02-09 09:53:40,38.936577,-94.608994,,,0.0,Accident on I-435 Eastbound at Exit 75B State Line Rd.,I-435 E,Leawood,Johnson,KS,66211,US,US/Central,KOJC,2020-02-09 08:53:00,46.0,42.0,71.0,28.69,10.0,S,7.0,0.0,Cloudy,False,False,False,False,False,False,False,False,False,False,False,False,False,Day,Day,Day,Day,Sunday
A-3432409,Source1,4,2016-11-10 15:55:23,2016-11-10 21:55:23,39.08693,-95.46508,39.08725,-95.43239,1.753,Closed at Thompsonville Rd - Road closed due to accident., US 24 Hwy,Perry,Jefferson,KS,66073,US,US/Central,KLWC,2016-11-10 15:52:00,69.1,,38.0,30.15,4.0,SSW,12.7,,Haze,False,False,False,False,False,False,False,False,False,False,False,False,False,Day,Day,Day,Day,Thursday
A-5182567,Source1,2,2022-01-15 09:40:07,2022-01-16 10:25:08.000000000,39.069637,-95.702211,39.070262,-95.709854,0.412,Construction on I-70 WB near I-470 Road closed. Take alternate route.,I-70 W,Topeka,Shawnee,KS,66606,US,US/Central,KTOP,2022-01-15 09:53:00,22.0,5.0,82.0,29.32,0.75,N,24.0,0.0,Haze / Windy,False,False,False,False,False,False,False,False,False,False,False,False,False,Day,Day,Day,Day,Saturday
A-5176255,Source1,2,2022-12-21 13:49:54,2022-12-21 15:27:56,37.62037396,-97.33851314,37.61664396,-97.33340314,0.38,Incident on I-235 SB near MERIDIAN AVE Drive with caution.,I-235,Wichita,Sedgwick,KS,67217,US,US/Central,KICT,2022-12-21 13:53:00,28.0,20.0,96.0,28.58,0.75,SSE,8.0,0.0,Wintry Mix,False,False,False,False,False,False,False,False,False,False,False,False,False,Day,Day,Day,Day,Wednesday
A-3440712,Source1,4,2016-09-01 11:48:36,2016-09-01 17:59:26,38.91626,-94.76766,38.912454,-94.771753,0.343,Closed at 119th St/Exit 220 - Road closed due to accident.,US-169 S,Olathe,Johnson,KS,66062,US,US/Central,KOJC,2016-09-01 11:53:00,73.9,,62.0,30.16,10.0,East,10.4,,Scattered Clouds,False,False,False,False,False,False,False,False,False,False,False,False,False,Day,Day,Day,Day,Thursday
A-867098,Source2,2,2021-10-11 06:52:38,2021-10-11 07:54:09,38.941216,-94.852791,,,0.0,Accident on KS-10 Westbound after KS-7.,KS-7 N,Olathe,Johnson,KS,66061,US,US/Central,KIXD,2021-10-11 06:53:00,56.0,56.0,93.0,28.33,10.0,N,21.0,0.36,Light Rain / Windy,False,False,False,False,False,False,False,False,False,False,False,False,False,Night,Night,Day,Day,Monday
A-3426738,Source1,4,2016-12-17 01:44:22,2016-12-17 07:44:22,38.947764,-94.885729,38.950435,-94.90468,1.035,Closed between Cedar Cr Pky and Kill Creek Rd - Road closed due to accident.,KS-10 W,Lenexa,Johnson,KS,66227,US,US/Central,KIXD,2016-12-17 01:53:00,30.0,20.0,100.0,29.61,3.0,North,12.7,0.0,Overcast,False,False,False,False,False,False,False,False,False,False,False,False,False,Night,Night,Night,Night,Saturday
A-1275186,Source2,2,2020-11-09 06:01:51,2020-11-09 09:05:43,39.064484,-94.792938,,,0.0,Left hand shoulder blocked due to accident on I-435 Southbound at Exit 9 KS-32 Kaw Dr.,I-435 S,Kansas City,Wyandotte,KS,66111,US,US/Central,KNKA,2020-11-09 05:54:00,66.0,66.0,81.0,29.11,10.0,S,16.0,0.0,Partly Cloudy,False,False,False,False,False,False,False,False,False,False,False,False,False,Night,Night,Day,Day,Monday
A-639087,Source2,1,2022-04-25 07:55:02,2022-04-25 08:44:27,38.934292,-94.686157,,,0.0,Right hand shoulder blocked due to crash on I-435 Eastbound after Antioch Rd.,I-435 E,Overland Park,Johnson,KS,66210,US,US/Central,KOJC,2022-04-25 07:53:00,43.0,37.0,62.0,29.03,10.0,NNW,10.0,0.0,Fair,False,False,False,False,False,False,False,False,False,False,False,False,False,Day,Day,Day,Day,Monday
A-949789,Source2,3,2021-08-02 15:57:06,2021-08-02 16:44:05,39.033813,-94.686562,,,0.0,Left lane closed due to accident on I-35 Northbound after Exit 230 Antioch Rd.,I-35 N,Shawnee,Johnson,KS,66203,US,US/Central,KNKA,2021-08-02 15:54:00,82.0,82.0,42.0,29.28,9.0,NW,9.0,0.0,Smoke,False,False,False,False,False,False,False,False,False,False,False,False,False,Day,Day,Day,Day,Monday
A-1675917,Source2,3,2020-01-02 15:19:18,2020-01-02 16:03:56,39.033813,-94.686562,,,0.0,Left lane blocked due to accident on I-35 Northbound at Exit 230 Antioch Rd.,I-35 N,Shawnee,Johnson,KS,66203,US,US/Central,KNKA,2020-01-02 14:54:00,50.0,50.0,61.0,28.79,9.0,CALM,0.0,0.0,Fair,False,False,False,False,False,False,False,False,False,False,False,False,False,Day,Day,Day,Day,Thursday
A-4028597,Source1,2,2022-12-22 12:29:16,2022-12-22 13:48:58,38.97879481,-94.71136451,38.99596481,-94.69564451,1.456,Incident on I-35 NB near EXIT 225A Drive with caution.,I-35,Overland Park,Johnson,KS,66214,US,US/Central,KOJC,2022-12-22 12:53:00,-5.0,-29.0,65.0,29.1,3.0,NNW,21.0,0.0,Blowing Snow / Windy,False,False,False,False,False,False,False,False,False,False,False,False,False,Day,Day,Day,Day,Thursday
