ID,Source,Severity,Start_Time,End_Time,Start_Lat,Start_Lng,End_Lat,End_Lng,Distance(mi),Description,Street,City,County,State,Zipcode,Country,Timezone,Airport_Code,Weather_Timestamp,Temperature(F),Wind_Chill(F),Humidity(%),Pressure(in),Visibility(mi),Wind_Direction,Wind_Speed(mph),Precipitation(in),Weather_Condition,Amenity,Bump,Crossing,Give_Way,Junction,No_Exit,Railway,Roundabout,Station,Stop,Traffic_Calming,Traffic_Signal,Turning_Loop,Sunrise_Sunset,Civil_Twilight,Nautical_Twilight,Astronomical_Twilight,Day_Of_Week
A-7276272,Source1,3,2020-02-26 21:55:31,2020-02-26 22:25:04,38.75897,-75.20007,38.75897,-75.20007,0.0,At Greystone Dr - Accident. Right lane blocked., Coastal Hwy,Lewes,Sussex,DE,19958-3604,US,US/Eastern,KGED,2020-02-26 21:54:00,47.0,43.0,97.0,29.55,10.0,ESE,8.0,0.0,Cloudy,False,False,False,False,False,False,False,False,False,False,False,False,False,Night,Night,Night,Night,Wednesday
A-7014098,Source1,3,2020-05-07 21:54:21,2020-05-07 22:39:21,39.6689,-75.67074000000002,39.678,-75.68896,1.155,Between Old Baltimore Pike and SR-4/Christiana Rd/Salem Church Rd - Accident. Right lane blocked., Christiana Rd,Newark,New Castle,DE,19702,US,US/Eastern,KILG,2020-05-07 21:51:00,57.0,57.0,40.0,29.76,10.0,SSW,9.0,0.0,Mostly Cloudy,False,False,False,False,True,False,False,False,False,False,False,False,False,Night,Night,Night,Night,Thursday
A-7739596,Source1,4,2019-06-18 01:26:09,2019-06-18 01:55:06,39.676427,-75.655968,39.67215,-75.655229,0.298,Closed at SR-1 - Road closed due to accident.,DE-1 S,Newark,New Castle,DE,19702,US,US/Eastern,KILG,2019-06-18 01:27:00,71.0,71.0,100.0,29.88,1.0,N,5.0,0.0,Fog,False,False,False,False,False,False,False,False,False,False,False,False,False,Night,Night,Night,Night,Tuesday
A-3516521,Source1,4,2016-03-27 04:44:41,2016-03-27 10:44:41,39.203669,-75.56065799999998,39.205133,-75.562719,0.15,Closed at Marion Dr - Road closed due to accident., N Dupont Hwy,Dover,Kent,DE,19901-1555,US,US/Eastern,KDOV,2016-03-27 04:58:00,46.2,42.7,100.0,30.32,10.0,NE,6.9,,Overcast,False,False,False,False,False,False,False,False,False,False,False,False,False,Night,Night,Night,Night,Sunday
A-2400315,Source2,2,2018-12-17 08:55:42,2018-12-17 09:25:24,39.711929,-75.699738,,,0.0,Accident on Old Coach Rd at Creek Xing.,Old Coach Rd,Newark,New Castle,DE,19711-5803,US,US/Eastern,KILG,2018-12-17 08:51:00,42.1,36.6,85.0,29.85,10.0,WSW,9.2,,Clear,False,False,False,False,False,False,False,False,False,False,False,False,False,Day,Day,Day,Day,Monday
A-6327151,Source1,4,2021-12-29 11:54:00,2021-12-29 13:14:25,39.730854,-75.66664899999998,39.73164600000001,-75.667438,0.069,Incident on DE-7 NB near MILLTOWN RD Road closed. Take alternate route.,Milltown Rd,Wilmington,New Castle,DE,19808,US,US/Eastern,KILG,2021-12-29 11:51:00,48.0,46.0,80.0,29.81,6.0,NE,5.0,0.02,Haze,False,False,False,False,False,False,False,False,False,False,False,True,False,Day,Day,Day,Day,Wednesday
A-6742686,Source1,2,2020-10-23 06:04:00,2020-10-23 07:28:30,38.974599,-75.435996,38.983453,-75.44032299999998,0.654,Stationary traffic on US-113 from Thompsonville Rd (DE-1/Bay Rd/US-113) to Milford Neck Rd/Tub Mill Pond Rd (DE-1/Bay Rd/US-113) due to accident., Bay Rd,Milford,Kent,DE,19963-6004,US,US/Eastern,KDOV,2020-10-23 06:07:00,61.0,61.0,100.0,30.16,0.25,CALM,0.0,0.0,Drizzle and Fog,False,False,False,False,False,False,False,False,False,False,False,False,False,Night,Night,Night,Day,Friday
A-2820457,Source2,2,2018-05-13 12:41:00,2018-05-13 13:25:42,39.745399,-75.571075,,,0.0,Accident on Dupont St at DE-48 Lancaster Ave.,Lancaster Ave,Wilmington,New Castle,DE,19805-3927,US,US/Eastern,KILG,2018-05-13 12:45:00,55.4,,94.0,30.16,2.5,ESE,8.1,0.02,Light Thunderstorms and Rain,False,False,False,False,False,False,False,False,False,False,False,True,False,Day,Day,Day,Day,Sunday
A-3518699,Source1,4,2016-04-27 15:35:55,2016-04-27 21:35:55,39.67772,-75.59263,39.684957,-75.586047,0.61,Closed between SR-141/W Basin Rd and New Castle - Road closed due to accident., N Dupont Hwy,New Castle,New Castle,DE,19720-3103,US,US/Eastern,KILG,2016-04-27 15:51:00,53.1,,71.0,29.93,10.0,Calm,,0.0,Light Rain,False,False,False,False,False,False,False,False,False,False,False,False,False,Day,Day,Day,Day,Wednesday
A-1434244,Source2,3,2020-08-23 12:46:26,2020-08-23 15:26:02,39.680485,-75.654251,,,0.0,Right lane blocked and right hand shoulder blocked due to accident on I-95 Southbound at DE-1 .,Christiana Mall,Newark,New Castle,DE,19702-3206,US,US/Eastern,KILG,2020-08-23 12:42:00,77.0,77.0,88.0,29.98,1.0,S,8.0,0.2,Heavy Rain,False,False,False,False,False,False,False,False,False,False,False,False,False,Day,Day,Day,Day,Sunday
A-234184,Source2,3,2017-01-05 07:03:56,2017-01-05 07:48:27,39.714287,-75.584213,,,0.01,Left hand shoulder closed due to accident on I-95 Northbound at I-295.,I-95 N,New Castle,New Castle,DE,19720,US,US/Eastern,KILG,2017-01-05 06:51:00,28.0,19.3,53.0,30.0,10.0,WNW,9.2,,Clear,False,False,False,False,False,False,False,False,False,False,False,False,False,Night,Day,Day,Day,Thursday
A-3885816,Source1,2,2022-05-01 16:39:00,2022-05-01 17:33:00.000000000,39.67303,-75.597016,39.683185,-75.587725,0.858,Stationary traffic on US-40 E - US-13 N from DE-273/Frenchtown Pike/Frenchtown R/Christiana Rd (US-13/US-40) to I-295 (New Castle) (I-295/US-40) due to accident., N Dupont Hwy,New Castle,New Castle,DE,19720-3124,US,US/Eastern,KILG,2022-05-01 16:51:00,57.0,57.0,83.0,30.0,5.0,SSE,7.0,0.08,Rain,False,False,True,False,False,False,False,False,False,False,False,True,False,Day,Day,Day,Day,Sunday
A-5070566,Source1,2,2022-06-08 22:13:00,2022-06-08 22:34:30.000000000,39.643724,-75.625148,39.648633,-75.62158000000002,0.389,Stationary traffic on US-13 N from DE-1/Exit 96 (US-13) to US-40/Pulaski Hwy (S Dupont Hwy/US-13) due to accident., S Dupont Pkwy,New Castle,New Castle,DE,19720-4624,US,US/Eastern,KILG,2022-06-08 22:19:00,75.0,75.0,87.0,29.73,5.0,ESE,3.0,0.06,T-Storm,False,False,False,False,False,False,False,False,False,False,False,False,False,Night,Night,Night,Day,Wednesday
A-1902517,Source2,3,2019-09-10 07:59:21,2019-09-10 09:22:38,39.815865,-75.453156,,,0.0,Accident on I-95 Southbound at DE-92 Naamans Rd.,I-95 S,Claymont,New Castle,DE,19703,US,US/Eastern,KILG,2019-09-10 07:51:00,69.0,69.0,93.0,30.25,10.0,CALM,0.0,0.0,Mostly Cloudy,False,False,False,False,False,False,False,False,False,False,False,False,False,Day,Day,Day,Day,Tuesday
A-3930702,Source1,2,2022-10-02 17:41:30,2022-10-02 18:22:30,39.703041,-75.605389,39.689245,-75.63985600000002,2.065,Stationary traffic on I-95 S - Delaware Tpke S from I-495/I-295/Exit 5 (I-95) to DE-58/Exit 4 (I-95) due to accident.,I-95,New Castle,New Castle,DE,19720,US,US/Eastern,KILG,2022-10-02 17:51:00,54.0,54.0,90.0,30.02,3.0,NNE,13.0,0.13,Heavy Rain,False,False,False,False,True,False,False,False,False,False,False,False,False,Day,Day,Day,Day,Sunday
A-750167,Source2,2,2022-01-12 08:34:47,2022-01-12 09:19:44,39.738331,-75.564796,,,0.0,Accident on Jackson St at DE-4 Maryland Ave.,Maryland Ave,Wilmington,New Castle,DE,19805-4426,US,US/Eastern,KILG,2022-01-12 08:51:00,28.0,18.0,66.0,30.16,10.0,S,12.0,0.0,Fair,False,False,False,False,False,False,False,False,False,False,False,True,False,Day,Day,Day,Day,Wednesday
A-1348026,Source2,2,2020-10-20 09:12:19,2020-10-20 10:12:04,39.751141,-75.537468,,,0.0,Accident on 22nd St at Carter St.,Carter St,Wilmington,New Castle,DE,19802-4217,US,US/Eastern,KILG,2020-10-20 08:59:00,61.0,61.0,93.0,30.16,2.0,CALM,0.0,0.0,Fog,False,False,False,False,False,False,False,False,False,False,False,False,False,Day,Day,Day,Day,Tuesday
A-6516062,Source1,4,2021-02-02 01:04:00,2021-02-02 03:05:40,39.685527,-75.68180600000002,39.685209,-75.681557,0.026,Incident on HARMONY RD near DE-4 Road closed. Take alternate route.,Ogletown Stanton Rd,Newark,New Castle,DE,19713,US,US/Eastern,KILG,2021-02-02 00:51:00,33.0,24.0,89.0,29.49,4.0,N,12.0,0.01,Light Snow,False,False,False,False,False,False,False,False,False,False,False,True,False,Night,Night,Night,Night,Tuesday
A-3645957,Source1,4,2017-07-25 01:42:46,2017-07-25 07:42:46,38.60978,-75.06402,38.606545,-75.063498,0.225,Closed at Dewey Beach - Road closed due to accident., Coastal Hwy,Rehoboth Beach,Sussex,DE,19971,US,US/Eastern,KGED,2017-07-25 01:40:00,72.0,,91.0,29.92,10.0,NNE,6.9,0.46,Thunderstorm,False,False,False,False,False,False,False,False,False,False,False,False,False,Night,Night,Night,Night,Tuesday
A-1321264,Source2,3,2020-10-01 06:57:29,2020-10-01 10:37:20,39.73344,-75.639374,,,3.869999885559082,Restrictions due to accident and spillage on DE-2 Robert W Kirkwood Hwy both ways between DE-7 Limestone Rd and Duncan Rd.,Kirkwood Hwy,Wilmington,New Castle,DE,19808-5103,US,US/Eastern,KILG,2020-10-01 06:51:00,54.0,54.0,93.0,29.81,10.0,W,3.0,0.0,Fair,False,False,False,False,False,False,False,False,False,False,False,True,False,Night,Day,Day,Day,Thursday
A-1634807,Source2,2,2020-02-07 10:39:06,2020-02-07 11:38:33,39.746368,-75.623962,,,0.0,Accident on Centerville Rd at DE-34 Faulkland Rd.,Centerville Rd,Wilmington,New Castle,DE,19805,US,US/Eastern,KILG,2020-02-07 10:47:00,54.0,54.0,82.0,28.93,10.0,W,30.0,0.16,Light Rain / Windy,False,False,False,False,False,False,False,False,False,False,False,True,False,Day,Day,Day,Day,Friday
A-6125294,Source1,2,2021-06-11 20:59:00,2021-06-12 00:01:29,39.335481,-75.629174,39.335847,-75.6295,0.031,Incident on US-13 NB near US-13 Drive with caution.,Dupont Pkwy,Smyrna,New Castle,DE,19977,US,US/Eastern,KDOV,2021-06-11 20:56:00,65.0,65.0,100.0,29.8,7.0,ENE,12.0,0.03,Light Drizzle,False,False,False,False,False,False,False,False,False,False,False,True,False,Night,Day,Day,Day,Friday
A-7062708,Source1,1,2020-06-27 06:39:29,2020-06-27 06:54:29,39.04819000000001,-75.45837,39.01623,-75.46173,2.216,Between Barkers Landing Rd/Trap Shooters Rd and SR-12/Frederica Rd - Accident. Right lane blocked.,Bay Rd,Frederica,Kent,DE,19946,US,US/Eastern,KDOV,2020-06-27 06:56:00,73.0,73.0,80.0,29.86,10.0,SSW,6.0,0.0,Fair,False,False,False,False,False,False,False,False,False,False,False,False,False,Day,Day,Day,Day,Saturday
A-6179352,Source1,2,2021-11-13 13:51:00,2021-11-13 15:07:34,39.79245,-75.46978,39.792688,-75.46951999999997,0.021,Incident on PHILADELPHIA PIKE NB near HILLSIDE RD Road closed. Take alternate route., Philadelphia Pike,Claymont,New Castle,DE,19703-2431,US,US/Eastern,KILG,2021-11-13 13:51:00,45.0,36.0,80.0,29.71,6.0,WNW,25.0,0.35,Light Rain / Windy,False,False,False,False,False,False,False,False,False,False,False,False,False,Day,Day,Day,Day,Saturday
A-572904,Source2,1,2022-07-07 07:46:45,2022-07-07 08:47:34,39.393711,-75.66310899999998,,,0.0,Crash on US-13 Dupont Pkwy at Nancy Dr.,Nancy Dr,Townsend,New Castle,DE,19734,US,US/Eastern,KILG,2022-07-07 07:51:00,70.0,70.0,93.0,29.89,4.0,NE,10.0,0.18,Light Rain,False,False,False,False,False,False,False,False,False,False,False,False,False,Day,Day,Day,Day,Thursday
A-6425054,Source1,2,2021-02-19 05:59:00,2021-02-19 08:58:44,39.802997,-75.587643,39.800751,-75.588625,0.1639999999999999,Incident on DE-100 EB near ADAMS DAM RD Drive with caution., Montchanin Rd,Wilmington,New Castle,DE,19807,US,US/Eastern,KILG,2021-02-19 05:51:00,29.0,20.0,89.0,30.04,3.0,N,9.0,0.01,Wintry Mix,False,False,False,False,False,False,False,False,False,True,False,False,False,Night,Night,Day,Day,Friday
A-2814337,Source2,2,2018-05-10 20:57:33,2018-05-10 21:27:19,39.73724,-75.567574,,,0.0,Accident on Oak St at DE-4 Maryland Ave.,Maryland Ave,Wilmington,New Castle,DE,19805-4852,US,US/Eastern,KILG,2018-05-10 20:51:00,64.9,,90.0,29.84,10.0,NNW,11.5,0.03,Thunderstorm,False,False,False,False,False,False,False,False,False,False,False,False,False,Night,Night,Day,Day,Thursday
A-7674883,Source1,4,2017-10-24 08:45:24,2017-10-24 14:45:24,39.636752,-75.77879,39.646028,-75.779639,0.643,Closed at SR-2/Elkton Rd - Road closed due to accident., Otts Chapel Rd,Newark,New Castle,DE,19702-1015,US,US/Eastern,KILG,2017-10-24 08:51:00,68.0,,96.0,29.79,1.2,SSW,18.4,0.34,Heavy Rain,False,False,False,False,False,False,False,False,False,False,False,False,False,Day,Day,Day,Day,Tuesday
A-609322,Source2,1,2022-05-27 08:58:28,2022-05-27 09:27:43,39.572441,-75.690269,,,0.0,Crash on Bridle Way at Taylor St.,Taylor St,Bear,New Castle,DE,19701-2217,US,US/Eastern,KILG,2022-05-27 08:51:00,69.0,69.0,90.0,29.88,6.0,S,12.0,0.0,Cloudy,False,False,False,False,False,False,False,False,False,False,False,False,False,Day,Day,Day,Day,Friday
A-3558964,Source1,4,2017-01-30 17:30:25,2017-01-30 23:30:25,39.268534,-75.588183,39.272819,-75.589936,0.311,Closed at SR-1/Exit 114 - Road closed due to accident., S Dupont Blvd,Smyrna,Kent,DE,19977-2875,US,US/Eastern,KDOV,2017-01-30 17:30:00,32.0,23.0,87.0,29.92,10.0,West,11.5,,Light Snow,False,False,False,False,False,False,False,False,False,False,False,False,False,Night,Day,Day,Day,Monday
A-5766104,Source1,2,2021-03-14 14:46:30,2021-03-14 18:15:30,39.65282320957349,-75.71143269502777,39.66952320957349,-75.67962269502776,2.048,Slow traffic on I-95 N - Delaware Tpke N from DE-896/Exit 1 (I-95) to DE-273/Exit 3 (I-95) due to accident.,I-95,Newark,New Castle,DE,19702,US,US/Eastern,KILG,2021-03-14 14:51:00,59.0,59.0,19.0,29.88,10.0,WNW,28.0,0.0,Fair / Windy,False,False,False,False,False,False,False,False,False,False,False,False,False,Day,Day,Day,Day,Sunday
A-514376,Source2,1,2022-09-07 07:24:38,2022-09-07 08:21:27,39.664326,-75.579086,,,0.0,Crash on DE-141 Basin Rd at DE-273 Delaware St.,E Basin Rd,New Castle,New Castle,DE,19720,US,US/Eastern,KILG,2022-09-07 07:51:00,71.0,71.0,81.0,29.89,10.0,ENE,12.0,0.0,Cloudy,False,False,True,False,False,False,False,False,False,False,False,True,False,Day,Day,Day,Day,Wednesday
A-4266532,Source1,4,2022-03-20 14:29:00,2022-03-20 15:48:35,39.75627064685938,-75.70340752565525,39.754360646859375,-75.70323752565525,0.132,Incident on DE-7 SB near HAILEYS TRL Road closed. Take alternate route., Limestone Rd,Hockessin,New Castle,DE,19707-8905,US,US/Eastern,KILG,2022-03-20 14:51:00,54.0,54.0,47.0,29.79,10.0,W,23.0,0.0,Cloudy / Windy,False,False,False,False,False,False,False,False,False,False,False,False,False,Day,Day,Day,Day,Sunday
A-1246101,Source2,2,2020-11-30 11:25:15,2020-11-30 12:24:28,39.815865,-75.453156,,,0.0,Accident on I-95 Northbound at DE-92 Naamans Rd.,I-95 S,Claymont,New Castle,DE,19703,US,US/Eastern,KILG,2020-11-30 11:36:00,60.0,60.0,93.0,29.36,10.0,SSE,24.0,0.07,T-Storm / Windy,False,False,False,False,False,False,False,False,False,False,False,False,False,Day,Day,Day,Day,Monday
A-2269491,Source2,2,2019-02-07 04:57:03,2019-02-07 05:26:44,39.443508,-75.739075,,,0.0,Accident on US-301 Middletown Warwick Rd at Merrimac Ave.,Middletown Warwick Rd,Middletown,New Castle,DE,19709,US,US/Eastern,KILG,2019-02-07 04:51:00,39.9,35.8,100.0,30.04,10.0,North,5.8,,Overcast,False,False,False,False,False,False,False,False,False,False,False,True,False,Night,Night,Night,Night,Thursday
A-4071341,Source1,4,2022-11-20 14:11:00,2022-11-20 15:27:50,39.316007,-75.615634,39.315761,-75.615416,0.021,Incident on DUPONT PKWY SB near PADDOCK RD Road closed. Take alternate route., Dupont Pkwy,Smyrna,New Castle,DE,19977,US,US/Eastern,KDOV,2022-11-20 13:55:00,37.0,26.0,22.0,30.19,10.0,WNW,21.0,0.0,Fair / Windy,False,False,False,False,False,False,False,False,False,False,False,False,False,Day,Day,Day,Day,Sunday
A-2958595,Source2,2,2018-03-21 12:52:35,2018-03-21 13:52:10,39.588661,-75.748878,,,0.0,Accident on Old County Rd at Puffer Dr.,Old County Rd,Newark,New Castle,DE,19702-4704,US,US/Eastern,KILG,2018-03-21 12:51:00,30.9,21.2,100.0,29.63,0.2,North,12.7,0.11,Heavy Snow,False,False,False,False,False,False,False,False,False,False,False,False,False,Day,Day,Day,Day,Wednesday
A-3243336,Source2,2,2017-10-13 19:57:09,2017-10-13 20:26:50,39.742645,-75.549782,,,0.0,Accident on Market St at 7th St.,W 7th St,Wilmington,New Castle,DE,19801-2234,US,US/Eastern,KILG,2017-10-13 19:51:00,64.9,,81.0,30.32,10.0,East,6.9,,Overcast,True,False,False,False,False,False,False,False,False,True,False,False,False,Night,Night,Night,Night,Friday
A-7150657,Source1,4,2020-04-02 14:31:54,2020-04-02 15:06:52,39.64011,-75.64733000000003,39.65297,-75.61854,1.771,Closed at US-13/S Dupont Pky - Road closed due to accident.,Buckley Blvd,Bear,New Castle,DE,19701,US,US/Eastern,KILG,2020-04-02 14:51:00,58.0,58.0,33.0,29.67,10.0,NW,23.0,0.0,Partly Cloudy / Windy,False,False,True,False,False,True,False,False,False,False,False,True,False,Day,Day,Day,Day,Thursday
A-6211149,Source1,4,2021-12-13 17:10:00,2021-12-13 19:12:16,38.877386,-75.405682,38.870933,-75.414293,0.643,Incident on WILKINS RD near ELKS LODGE RD Road closed. Take alternate route., Wilkins Rd,Lincoln,Sussex,DE,19960-2625,US,US/Eastern,KGED,2021-12-13 16:54:00,44.0,40.0,58.0,30.25,10.0,SW,7.0,0.0,Fair,False,False,False,False,False,False,False,False,False,False,False,False,False,Night,Night,Day,Day,Monday
A-7457705,Source1,2,2019-01-05 20:00:15,2019-01-05 20:29:46,39.72449,-75.65666,39.725719,-75.654301,0.151,At Newark - Accident., Kirkwood Hwy,Wilmington,New Castle,DE,19808-5118,US,US/Eastern,KILG,2019-01-05 19:51:00,42.1,36.6,85.0,29.74,10.0,WNW,9.2,,Clear,False,False,False,False,False,False,False,False,False,False,False,False,False,Night,Night,Night,Night,Saturday
