ID,Source,Severity,Start_Time,End_Time,Start_Lat,Start_Lng,End_Lat,End_Lng,Distance(mi),Description,Street,City,County,State,Zipcode,Country,Timezone,Airport_Code,Weather_Timestamp,Temperature(F),Wind_Chill(F),Humidity(%),Pressure(in),Visibility(mi),Wind_Direction,Wind_Speed(mph),Precipitation(in),Weather_Condition,Amenity,Bump,Crossing,Give_Way,Junction,No_Exit,Railway,Roundabout,Station,Stop,Traffic_Calming,Traffic_Signal,Turning_Loop,Sunrise_Sunset,Civil_Twilight,Nautical_Twilight,Astronomical_Twilight,Day_Of_Week
A-6411681,Source1,2,2021-02-10 13:27:24,2021-02-11 07:11:00,38.16693400000001,-87.564603,38.166937,-87.549882,0.8,Slow traffic on I-64 E from IN-65/Exit 18 (I-64) to US-41/Exit 25 (I-64) due to accident.,I-64 E,Haubstadt,Gibson,IN,47639,US,US/Central,KEVV,2021-02-10 13:23:00,30.0,23.0,82.0,29.75,2.0,N,7.0,0.02,Light Freezing Rain,False,False,False,False,False,False,False,False,False,False,False,False,False,Day,Day,Day,Day,Wednesday
A-725231,Source3,3,2022-02-02 14:03:46,2022-02-02 14:33:28,40.008907,-86.755096,,,6.480000019073486,Left lane blocked due to jackknifed vehicle on I-74 Eastbound between Exit 39 IN-32 and County Road 200.,I-74,Crawfordsville,Montgomery,IN,47933,US,US/Eastern,KLAF,2022-02-02 14:04:00,28.0,14.0,92.0,29.42,0.25,N,22.0,0.01,Fog / Windy,False,False,False,False,False,False,False,False,False,False,False,False,False,Day,Day,Day,Day,Wednesday
A-2995534,Source2,1,2018-02-07 08:53:41,2018-02-07 09:23:41,38.31554000000001,-85.820786,,,0.0,Accident on IN-111 Grant Line Rd near Navajo Dr.,Grant Line Rd,New Albany,Floyd,IN,47150,US,US/Eastern,KLOU,2018-02-07 08:53:00,28.9,21.1,92.0,30.16,2.0,NNW,8.1,0.0,Light Freezing Rain,False,False,False,False,False,False,False,False,False,False,False,False,False,Day,Day,Day,Day,Wednesday
A-5948190,Source1,2,2021-09-17 12:19:52,2021-09-17 15:04:52,39.840342,-85.555015,39.828742,-85.596914,2.363,Incident on I-70 WB near 1050 Road closed. Take alternate route.,S State Road 109,Knightstown,Henry,IN,46148,US,US/Eastern,KMQJ,2021-09-17 12:15:00,81.0,81.0,70.0,29.23,10.0,CALM,0.0,,Partly Cloudy,False,False,False,False,False,False,False,False,False,False,False,False,False,Day,Day,Day,Day,Friday
A-697475,Source2,3,2022-02-24 22:35:44,2022-02-24 23:05:01,39.752544,-86.22461700000002,,,0.7300000190734863,Left lane closed due to crash on I-70 Westbound between Exit 78 Harding St and Exit 77 Holt Rd.,I-70,Indianapolis,Marion,IN,46241,US,US/Eastern,KIND,2022-02-24 22:40:00,31.0,25.0,96.0,29.18,4.0,NNE,6.0,0.0,Wintry Mix,False,False,False,False,False,False,False,False,False,False,False,False,False,Night,Night,Night,Night,Thursday
A-6278948,Source1,2,2021-07-04 22:39:30,2021-07-04 22:48:30.000000,39.80082700000001,-86.166039,39.791559,-86.16583100000003,0.64,Slow traffic on I-65 S from 29th St/Exit 116 (I-65) to Dr Martin Luther King Jr St/Exit 114 (I-65) due to accident.,I-65 S,Indianapolis,Marion,IN,46208,US,US/Eastern,KEYE,2021-07-04 22:53:00,78.0,78.0,74.0,29.13,6.0,VAR,3.0,0.0,Haze,False,False,False,False,False,False,False,False,False,False,False,False,False,Night,Night,Night,Day,Sunday
A-6764585,Source1,2,2020-12-22 17:12:30,2020-12-22 18:10:46,39.987654,-86.403187,39.990234,-86.406396,0.246,Accident on IN-267/Exit 133 (I-65) from CR-100/Exit 138 (I-65) to I-65 N - US-52 W.,I-65 N,Lebanon,Boone,IN,46052,US,US/Eastern,KTYQ,2020-12-22 17:15:00,41.0,37.0,65.0,29.19,10.0,SSE,7.0,0.0,Mostly Cloudy,False,False,False,False,False,False,False,False,False,False,False,False,False,Day,Day,Day,Day,Tuesday
A-7173077,Source1,3,2020-04-13 07:16:20,2020-04-13 08:01:20,39.89714,-86.21575,39.89714,-86.21575,0.0,At W 79th St - Accident., Michigan Rd,Indianapolis,Marion,IN,46268-1914,US,US/Eastern,KEYE,2020-04-13 07:12:00,42.0,32.0,85.0,28.69,10.0,WNW,26.0,0.0,Cloudy / Windy,False,False,True,False,False,False,False,False,False,False,False,True,False,Day,Day,Day,Day,Monday
A-4746210,Source1,4,2022-05-27 05:51:05,2022-05-27 07:06:25,39.654284,-86.396553,39.651605,-86.40055100000002,0.282,Incident on I-70 WB near IN-39 Road closed. Take alternate route.,I-70 W,Plainfield,Hendricks,IN,46168,US,US/Eastern,KIND,2022-05-27 05:54:00,57.0,57.0,96.0,28.89,9.0,SSE,5.0,0.0,Mostly Cloudy,False,False,False,False,False,False,False,False,False,False,False,False,False,Night,Day,Day,Day,Friday
A-1341175,Source2,4,2020-10-15 12:35:53,2020-10-15 19:04:13,40.046757,-86.489548,,,9.020000457763672,Right lane blocked due to accident on I-65 Southbound between Exit 146 IN-47 and Exit 140 IN-32.,W South St,Lebanon,Boone,IN,46052,US,US/Eastern,KTYQ,2020-10-15 12:35:00,47.0,44.0,81.0,28.99,10.0,WNW,7.0,0.0,Drizzle,False,False,False,False,False,False,False,False,False,False,False,False,False,Day,Day,Day,Day,Thursday
A-7585196,Source1,4,2018-05-22 12:30:11,2018-05-22 18:30:11,41.72859,-84.96916,41.735726,-84.99696999999998,1.516,Closed between Booth Tarkington Service Area and I-69/US-27/Exit 144 - Road closed due to accident.,I-80 W,Fremont,Steuben,IN,46737,US,US/Eastern,KANQ,2018-05-22 12:35:00,69.8,,83.0,30.02,6.0,NW,8.1,,Haze,False,False,False,False,False,False,False,False,False,False,False,False,False,Day,Day,Day,Day,Tuesday
A-1258898,Source2,3,2020-11-19 12:42:13,2020-11-19 15:11:27,41.013447,-87.270943,,,14.579999923706056,Two lanes blocked due to accident on I-65 Southbound between Exit 230 IN-10 County Road 900 and Exit 220 IN-14.,I-65 S,Fair Oaks,Jasper,IN,47943,US,US/Central,KRZL,2020-11-19 12:35:00,64.0,64.0,30.0,29.28,10.0,SSW,24.0,0.0,Fair / Windy,False,False,False,False,False,False,False,False,False,False,False,False,False,Day,Day,Day,Day,Thursday
A-2187361,Source2,3,2019-04-25 19:43:23,2019-04-25 20:42:44,39.77496,-86.14215899999998,,,0.0,Right lane closed due to accident on I-70 Eastbound at I-65.,I-70 E,Indianapolis,Marion,IN,46202,US,US/Eastern,KEYE,2019-04-25 19:44:00,61.0,61.0,93.0,28.76,1.0,E,3.0,0.23,Heavy Rain,False,False,False,False,False,False,False,False,False,False,False,False,False,Day,Day,Day,Day,Thursday
A-1059217,Source2,3,2021-05-04 15:54:03,2021-05-04 16:23:40,41.570061,-87.431976,,,0.0,Centre lane blocked due to accident on I-80 Eastbound at Exit 5 IN-912 Cline Ave Exit 10B.,I-80 E,Gary,Lake,IN,46406,US,US/Central,KGYY,2021-05-04 15:45:00,48.0,45.0,87.0,29.25,5.0,VAR,7.0,0.0,Cloudy,False,False,False,False,False,False,False,False,False,False,False,False,False,Day,Day,Day,Day,Tuesday
A-3744438,Source1,2,2022-03-10 19:46:30,2022-03-10 21:10:00,41.568129,-87.349723,41.572265,-87.44095899999998,4.725,Stationary traffic on I-94 W - I-80 W - US-6 W from IN-53/Broadway/Exit 10 (I-94/I-80) to IN-912/Cline Ave/Exit 10 (I-94/I-80) due to accident.,I-80 W,Gary,Lake,IN,46407,US,US/Central,KGYY,2022-03-10 19:45:00,25.0,11.0,100.0,29.53,2.0,NNE,17.0,0.0,Heavy Snow,False,False,False,False,True,False,False,False,False,False,False,False,False,Night,Night,Night,Night,Thursday
A-1534394,Source2,2,2020-03-19 05:16:47,2020-03-19 06:00:26,41.018269,-85.07309000000002,,,4.280000209808351,Restrictions due to accident on Wayne Trce both ways from Maples Rd to Tillman Rd. Local drivers are recommended to avoid the area.,E Tillman Rd,Fort Wayne,Allen,IN,46816-4234,US,US/Eastern,KFWA,2020-03-19 04:54:00,39.0,34.0,100.0,29.28,0.5,ENE,7.0,0.0,Drizzle,False,False,False,False,False,False,False,False,False,False,False,False,False,Night,Night,Night,Night,Thursday
A-6884854,Source1,4,2020-09-19 23:08:44,2020-09-20 01:23:44,38.34497800000001,-85.777505,38.345448,-85.761045,0.893,Incident on I-265 EB near CHARLESTOWN RD Road closed. Take alternate route.,I-265 E,New Albany,Floyd,IN,47150,US,US/Eastern,KLOU,2020-09-19 22:53:00,58.0,58.0,56.0,29.7,10.0,ENE,5.0,0.0,Fair,False,False,False,False,False,False,False,False,False,False,False,False,False,Night,Night,Night,Night,Saturday
A-3261153,Source2,2,2017-10-23 08:54:36,2017-10-23 09:24:27,39.873428,-85.957115,,,0.0,Accident on Oaklandon Rd at Simcoe St.,Oaklandon Rd,Indianapolis,Marion,IN,46236-2958,US,US/Eastern,KMQJ,2017-10-23 08:55:00,60.8,,100.0,29.79,5.0,SSE,8.1,,Overcast,False,False,False,False,False,False,False,False,False,False,False,False,False,Day,Day,Day,Day,Monday
A-2116735,Source2,3,2019-05-22 14:43:59,2019-05-22 15:58:36,39.931831,-86.32135799999998,,,0.0,Left lane blocked due to accident on I-865 Westbound at Salem Rd.,I-865 W,Zionsville,Boone,IN,46077,US,US/Eastern,KTYQ,2019-05-22 14:35:00,70.0,70.0,83.0,28.99,10.0,S,12.0,0.0,Fair,False,False,False,False,False,False,False,False,False,False,False,False,False,Day,Day,Day,Day,Wednesday
A-3948386,Source1,2,2022-01-08 14:04:47,2022-01-08 16:04:47,39.361306,-87.30532,39.354,-87.30735200000002,0.516,Incident on IN-159 NB near 70TH ST Road closed. Take alternate route., IN-159,Terre Haute,Vigo,IN,47802,US,US/Eastern,KHUF,2022-01-08 14:05:00,30.0,20.0,79.0,29.52,7.0,SSE,13.0,0.01,Light Freezing Rain,False,False,False,False,False,False,False,False,False,False,False,False,False,Day,Day,Day,Day,Saturday
A-3561877,Source1,3,2017-02-08 16:39:22,2017-02-08 22:39:22,39.562861,-86.049836,39.552468,-86.04261899999999,0.815,At CR-500/Whiteland Rd/Exit 95 - Accident.,I-65 S,Whiteland,Johnson,IN,46184,US,US/Eastern,K1II,2017-02-08 16:45:00,36.0,25.0,93.0,29.09,7.0,N,21.0,,Wintry Mix / Windy,False,False,False,False,False,False,False,False,False,False,False,False,False,Day,Day,Day,Day,Wednesday
A-4450439,Source1,4,2022-12-24 12:04:30,2022-12-24 14:36:27.000000000,39.852789,-85.441188,39.853374,-85.420123,1.118,I-70 E is closed from IN-109/Exit 115 (I-70) to IN-3/Exit 123 (I-70) due to accident., Old Spiceland Rd,Spiceland,Henry,IN,47385-9603,US,US/Eastern,KAID,2022-12-24 11:59:00,5.0,-12.0,66.0,28.99,3.0,WSW,14.0,0.0,Haze,False,False,False,False,False,False,False,False,False,False,False,False,False,Day,Day,Day,Day,Saturday
A-7435143,Source1,4,2019-03-30 21:12:46,2019-03-30 21:40:47,39.28039,-85.09734,39.27867,-84.9641,7.127000000000002,Closed between IN-229/Exit 149 and IN-1/Exit 164 - Road closed due to accident. Construction work.,I-74 E,Sunman,Ripley,IN,47041,US,US/Eastern,KCVG,2019-03-30 20:52:00,43.0,31.8,97.0,29.75,3.0,NNW,34.5,0.28,Heavy Rain,False,False,False,False,False,False,False,False,False,False,False,False,False,Night,Night,Night,Day,Saturday
A-1952284,Source2,2,2019-07-05 08:18:50,2019-07-05 09:33:41,39.91087,-85.162277,,,0.0,Accident on IN-38 Main St at Washington St.,W Main St,Hagerstown,Wayne,IN,47346-1217,US,US/Eastern,KMIE,2019-07-05 07:53:00,79.0,79.0,79.0,29.05,6.0,SSW,5.0,0.0,Haze,False,False,False,False,False,False,False,False,False,False,False,False,False,Day,Day,Day,Day,Friday
A-5321120,Source1,4,2022-01-08 13:46:00,2022-01-08 14:44:14.000000000,39.44848179798389,-87.45671868282578,39.43160179798389,-87.42162868282577,2.206,US-40 E - I-70 E is closed from Darwin Rd/Exit 3 (I-70) to US-41/US-150/Exit 7 (I-70) due to bridge closure.,I-70,West Terre Haute,Vigo,IN,47885,US,US/Eastern,KHUF,2022-01-08 13:53:00,29.0,19.0,78.0,29.52,5.0,SSE,13.0,0.0,Wintry Mix,False,False,False,False,False,False,False,False,False,False,False,False,False,Day,Day,Day,Day,Saturday
A-4247854,Source1,4,2022-12-14 20:58:50,2022-12-14 22:16:46,40.838314,-84.912196,40.83948,-84.910669,0.113,Incident on US-224 EB near BELMOUNT RD Road closed. Take alternate route., E County Road 650 N,Decatur,Adams,IN,46733,US,US/Eastern,KFWA,2022-12-14 20:54:00,37.0,26.0,86.0,28.88,10.0,E,22.0,0.01,Light Rain / Windy,False,False,False,False,False,False,False,False,False,False,False,False,False,Night,Night,Night,Night,Wednesday
A-6324603,Source1,2,2021-11-15 18:10:00,2021-11-15 22:08:20,37.901914,-87.20659599999998,37.901378,-87.206304,0.04,Accident from N County Road 800 W to W State Road 66 / N County Road 800 W., W Old State Road 66,Richland,Spencer,IN,47634-9064,US,US/Central,KOWB,2021-11-15 17:56:00,42.0,38.0,70.0,29.65,10.0,E,7.0,0.0,Fair,False,False,False,False,False,False,False,False,False,False,False,False,False,Night,Night,Night,Night,Monday
A-4405623,Source1,2,2022-12-30 08:58:26,2022-12-30 16:17:11,38.958282,-85.843615,38.903951,-85.822878,3.916,Incident on I-65 SB near US-50 Road closed. Take alternate route.,I-65 S,Seymour,Jackson,IN,47274,US,US/Eastern,KBAK,2022-12-30 08:45:00,52.0,52.0,82.0,29.35,8.0,S,10.0,,Light Rain,False,False,False,False,False,False,False,False,False,False,False,False,False,Day,Day,Day,Day,Friday
A-3492802,Source1,3,2016-08-24 15:58:52,2016-08-24 21:58:52,39.78253,-86.14546999999997,39.78147,-86.14214,0.191,Ramp to I-65 Southbound and I-70 Westbound and N Davidson St and E Ohio St - Accident.,I-65 S,Indianapolis,Marion,IN,46202,US,US/Eastern,KEYE,2016-08-24 15:58:00,77.0,,88.0,30.03,0.5,NNW,17.3,0.34,Heavy Thunderstorms and Rain,False,False,False,False,False,False,False,False,False,False,False,False,False,Day,Day,Day,Day,Wednesday
A-706126,Source2,3,2022-02-17 15:04:29,2022-02-17 15:49:01,41.569679,-87.40377,,,2.3499999046325684,Left lane blocked due to crash on I-80 Eastbound between Exit 5 IN-912 Cline Ave Exit 10B and Exit 6 Burr St.,I-80 E,Gary,Lake,IN,46406,US,US/Central,KGYY,2022-02-17 14:45:00,27.0,13.0,100.0,29.24,0.75,N,21.0,0.0,Snow / Windy,False,False,False,False,False,False,False,False,False,False,False,False,False,Day,Day,Day,Day,Thursday
A-2163537,Source2,4,2019-04-12 04:17:33,2019-04-12 05:02:24,40.03783,-85.722092,,,6.170000076293945,Earlier accident on I-69 Southbound between Exit 226 IN-109 Scatterfield Rd and Exit 222 IN-67.,I-69 S,Anderson,Madison,IN,46013,US,US/Eastern,KAID,2019-04-12 04:15:00,70.0,70.0,52.0,28.59,10.0,S,24.0,0.0,Partly Cloudy / Windy,False,False,False,False,False,False,False,False,False,False,False,False,False,Night,Night,Night,Night,Friday
A-6501737,Source1,2,2021-01-31 02:42:05,2021-01-31 03:33:08,39.925548,-86.12684899999998,39.919617,-86.106537,1.152,Accident on US-31/Meridian St/Exit 31 (I-465) from IN-431/Keystone Ave/Exit 33 (I-465) to I-465 E - USS Indianapolis Memorial Hwy.,Westfield Blvd,Indianapolis,Marion,IN,46240,US,US/Eastern,KEYE,2021-01-31 02:53:00,36.0,28.0,89.0,28.86,9.0,SE,13.0,0.0,Light Snow,False,False,False,False,False,False,False,False,False,False,False,False,False,Night,Night,Night,Night,Sunday
A-2632983,Source2,2,2018-08-08 11:09:51,2018-08-08 11:39:34,39.923229,-84.958344,,,0.0,Accident on US-35 at Round Barn Rd.,N Round Barn Rd,Williamsburg,Wayne,IN,47393-9741,US,US/Eastern,KMIE,2018-08-08 11:05:00,75.9,,82.0,29.98,10.0,West,3.5,,Mostly Cloudy,False,False,False,False,False,False,False,False,False,False,False,False,False,Day,Day,Day,Day,Wednesday
A-2576048,Source2,3,2018-09-11 07:56:21,2018-09-11 08:25:45,39.70303300000001,-86.108253,,,0.0,Accident on I-65 Northbound at Exit 106 I-74 I-465.,I-65 S,Indianapolis,Marion,IN,46227,US,US/Eastern,KIND,2018-09-11 07:54:00,57.9,,97.0,30.15,9.0,Calm,,,Patches of Fog,False,False,False,False,False,False,False,False,False,False,False,False,False,Day,Day,Day,Day,Tuesday
A-3695170,Source1,4,2023-03-24 14:49:30,2023-03-24 16:48:31,40.091227,-85.283998,40.08756500000001,-85.28435,0.254,S County Road 534 E is closed from E County Road 700 S / S County Road 540 E to S US Highway 35 due to accident.,Gates Rd,Selma,Delaware,IN,47383,US,US/Eastern,KMIE,2023-03-24 14:53:00,41.0,32.0,82.0,28.92,4.0,E,18.0,0.02,Haze,False,False,True,False,False,False,False,False,False,False,False,False,False,,,,,Friday
A-2605067,Source2,3,2018-09-25 04:46:24,2018-09-25 05:15:50,39.613678,-86.479759,,,0.0,Accident on I-70 Westbound at Exit 59 IN-39.,I-70 W,Clayton,Hendricks,IN,46118,US,US/Eastern,KIND,2018-09-25 04:54:00,71.1,,96.0,29.95,2.5,South,13.8,0.15,Light Thunderstorms and Rain,False,False,False,False,False,False,False,False,False,False,False,False,False,Night,Night,Night,Night,Tuesday
A-2548989,Source2,3,2018-10-28 07:28:15,2018-10-28 07:57:48,40.605476,-86.979347,,,0.0,Right lane blocked due to accident on I-65 Northbound at Exit 188 IN-18.,W State Road 18,Brookston,White,IN,47923,US,US/Eastern,KLAF,2018-10-28 07:54:00,46.0,43.9,89.0,29.77,10.0,SSW,4.6,0.0,Overcast,False,False,False,False,False,False,False,False,False,False,False,False,False,Night,Night,Day,Day,Sunday
A-1018773,Source2,3,2021-06-03 08:52:04,2021-06-03 09:36:00,39.672451,-86.09831199999998,,,0.0,Left lane closed and left hand shoulder closed due to accident on I-65 Northbound after Exit 103 Southport Rd.,I-65 N,Indianapolis,Marion,IN,46237,US,US/Eastern,KIND,2021-06-03 08:52:00,64.0,64.0,94.0,29.06,3.0,NE,7.0,0.01,Light Rain with Thunder,False,False,False,False,False,False,False,False,False,False,False,False,False,Day,Day,Day,Day,Thursday
A-1607824,Source2,3,2020-01-24 11:22:44,2020-01-24 12:15:00,39.70115300000001,-86.25990300000002,,,0.0,Two lanes blocked due to accident on I-465 Southbound at Exit 8 IN-67 Kentucky Ave.,I-465 N,Indianapolis,Marion,IN,46221,US,US/Eastern,KIND,2020-01-24 10:54:00,41.0,36.0,100.0,29.01,0.5,SE,8.0,0.0,Drizzle and Fog,False,False,False,False,True,False,False,False,False,False,False,False,False,Day,Day,Day,Day,Friday
A-7444322,Source1,4,2019-02-11 01:28:26,2019-02-11 01:57:56,41.10254000000001,-84.96451,41.11651,-84.91668,2.6710000000000003,Closed between Bruick Rd/Old US-24 and N Webster Rd - Road closed due to accident.,Phyllis J. Pond Memorial Hwy,New Haven,Allen,IN,46774,US,US/Eastern,KFWA,2019-02-11 01:54:00,28.9,23.9,96.0,30.17,1.2,ENE,4.6,0.0,Light Freezing Drizzle,False,False,False,False,True,False,False,False,False,False,False,False,False,Night,Night,Night,Night,Monday
A-4592020,Source1,4,2022-12-30 19:39:08,2022-12-30 20:55:27,40.044581,-86.885406,40.045148,-86.88425500000002,0.072,Incident on IN-32 EB near VERMONT ST Road closed. Take alternate route., Darlington Ave,Crawfordsville,Montgomery,IN,47933-1958,US,US/Eastern,KLAF,2022-12-30 19:37:00,42.0,42.0,96.0,29.34,2.0,CALM,0.0,0.0,Light Rain,False,False,True,False,False,False,True,False,False,False,False,False,False,Night,Night,Night,Night,Friday
A-6106001,Source1,2,2021-10-15 22:53:30,2021-10-15 23:41:00,39.699581,-86.172752,39.694403,-86.193351,1.152,Stationary traffic on I-465 W - I-74 W - USS Indianapolis Memorial Hwy from US-31/IN-37/East St/Exit 2 (I-74/I-465) to Mann Rd/Exit 7 (I-74/I-465) due to accident.,I-465 W,Indianapolis,Marion,IN,46217,US,US/Eastern,KIND,2021-10-15 22:54:00,57.0,57.0,93.0,29.03,4.0,NW,26.0,0.1,Rain / Windy,False,False,False,False,False,False,False,False,False,False,False,False,False,Night,Night,Night,Night,Friday
A-3325902,Source2,3,2017-09-22 08:17:31,2017-09-22 08:47:12,39.737656,-86.13720699999998,,,0.0,Right lane blocked due to accident on I-65 Southbound at Exit 109 Raymond St.,E Raymond St,Indianapolis,Marion,IN,46203,US,US/Eastern,KIND,2017-09-22 07:54:00,72.0,,91.0,30.09,7.0,Calm,,,Patches of Fog,False,False,False,False,False,False,False,False,False,False,False,False,False,Day,Day,Day,Day,Friday
A-3642135,Source1,2,2017-07-10 07:42:16,2017-07-10 13:42:16,41.753903,-85.64207900000002,41.751301,-85.622923,1.004,At IN-9/Exit 121 - Accident.,I-90 E,Shipshewana,LaGrange,IN,46565,US,US/Eastern,KIRS,2017-07-10 07:34:00,68.5,,93.0,29.87,4.0,Calm,,0.07,Heavy Rain,False,False,False,False,False,False,False,False,False,False,False,False,False,Day,Day,Day,Day,Monday
A-7181870,Source1,4,2020-04-17 07:00:08,2020-04-17 07:29:12,41.52555,-87.22078,41.53619000000001,-87.24036,1.251,Closed at IN-51/E Cleveland Ave - Road closed due to accident.,E State Road 130,Hobart,Lake,IN,46342,US,US/Central,KGYY,2020-04-17 06:45:00,34.0,26.0,100.0,29.48,1.0,E,9.0,0.0,Snow,False,False,False,False,False,False,False,False,False,False,False,True,False,Day,Day,Day,Day,Friday
A-1258897,Source2,4,2020-11-19 12:16:40,2020-11-19 13:15:51,40.940094,-87.220955,,,9.329999923706056,Two lanes blocked due to accident on I-65 Southbound between Exit 220 IN-14 and Exit 215 IN-114.,I-65 S,Rensselaer,Jasper,IN,47978,US,US/Central,KRZL,2020-11-19 12:15:00,64.0,64.0,30.0,29.28,10.0,SSW,36.0,0.0,Fair / Windy,False,False,False,False,False,False,False,False,False,False,False,False,False,Day,Day,Day,Day,Thursday
A-1266058,Source2,3,2020-11-14 13:32:27,2020-11-14 15:08:41,39.807388,-86.166382,,,0.0,One lane blocked due to accident on I-65 Northbound at I-65 Exit 116 / 30th St .,I-65 S,Indianapolis,Marion,IN,46208,US,US/Eastern,KEYE,2020-11-14 13:33:00,43.0,,76.0,29.17,8.0,,,0.0,Light Rain,False,False,False,False,False,False,False,False,False,False,False,False,False,Day,Day,Day,Day,Saturday
A-753621,Source2,3,2022-01-05 04:01:45,2022-01-05 05:50:51,39.634212,-85.89621700000002,,,0.0,Left lane blocked due to accident on I-74 Westbound before Exit 103 County Road 700.,I-74,Fairland,Shelby,IN,46126,US,US/Eastern,KGEZ,2022-01-05 03:53:00,40.0,30.0,60.0,28.87,10.0,SSW,21.0,0.0,Fair / Windy,False,False,False,False,False,False,False,False,False,False,False,False,False,Night,Night,Night,Night,Wednesday
A-548304,Source2,1,2022-08-02 13:40:26,2022-08-02 14:41:13,37.950272,-87.664284,,,0.0,Crash on Schutte Rd both ways at Broadway Ave.,Schutte Rd,Evansville,Vanderburgh,IN,47712-3557,US,US/Central,KEHR,2022-08-02 08:54:00,71.0,71.0,87.0,29.71,10.0,N,6.0,0.01,T-Storm,False,False,False,False,False,False,False,False,False,False,False,False,False,Day,Day,Day,Day,Tuesday
A-5915230,Source1,2,2021-09-18 16:08:00,2021-09-18 17:13:00,39.712927,-86.264597,39.702079,-86.261493,0.767,Stationary traffic on I-74 E - I-465 S - USS Indianapolis Memorial Hwy from Airport Expy/Exit 11 (I-74/I-465) to IN-67/Kentucky Ave/Exit 8 (I-74/I-465) due to accident.,I-70 W,Indianapolis,Marion,IN,46241,US,US/Eastern,KIND,2021-09-18 15:54:00,89.0,89.0,42.0,29.24,10.0,SSW,7.0,0.0,Partly Cloudy,False,False,False,False,False,False,False,False,False,False,False,False,False,Day,Day,Day,Day,Saturday
A-5827685,Source1,2,2021-06-18 16:01:41,2021-06-18 19:18:33,39.703747,-86.08269399999998,39.702477,-86.11398100000002,1.665,Slow traffic on I-465 W - I-74 W - USS Indianapolis Memorial Hwy from Emerson Ave/Exit 52 (I-74/I-465) to I-65/Exit 53 (I-74/I-465) due to accident.,I-465 W,Beech Grove,Marion,IN,46107,US,US/Eastern,KIND,2021-06-18 15:54:00,92.0,92.0,50.0,28.95,10.0,SW,24.0,0.0,Partly Cloudy / Windy,False,False,False,False,False,False,False,False,False,False,False,True,False,Day,Day,Day,Day,Friday
A-7629990,Source1,4,2018-01-09 11:46:42,2018-01-09 17:46:42,40.06424000000001,-87.524691,40.059142,-87.506187,1.04,Closed at Newport - Road closed due to accident., W State Road 32,Perrysville,Vermillion,IN,47974-8027,US,US/Central,KDNV,2018-01-09 11:55:00,29.7,26.1,99.0,30.25,2.0,SSE,3.5,,Overcast,False,False,False,False,False,False,False,False,False,False,False,False,False,Day,Day,Day,Day,Tuesday
A-1114420,Source2,2,2021-03-18 08:03:11,2021-03-18 08:47:54,41.03233,-85.255783,,,0.0,Accident on US-24 at Coventry Ln.,Ellison Rd,Fort Wayne,Allen,IN,46804,US,US/Eastern,KFWA,2021-03-18 07:54:00,40.0,30.0,89.0,28.89,3.0,NE,22.0,0.02,Light Rain / Windy,False,False,False,False,False,False,False,False,False,False,False,True,False,Day,Day,Day,Day,Thursday
A-6060270,Source1,4,2021-08-26 14:03:00,2021-08-26 22:44:44,39.982136,-87.242775,39.99672,-87.242976,1.008,Incident on US-41 NB near W 900 Road closed. Take alternate route., E 1000 S,Kingman,Fountain,IN,47952,US,US/Central,KDNV,2021-08-26 13:55:00,71.0,71.0,95.0,29.41,2.0,E,6.0,1.75,Heavy Rain,False,False,False,False,False,False,False,False,False,False,False,False,False,Day,Day,Day,Day,Thursday
A-5303151,Source1,2,2022-03-12 12:37:44,2022-03-12 15:37:44,39.915601,-85.770916,39.974229,-85.755747,4.13,Incident on IN-9 NB near E 825 Road closed. Take alternate route., E 900 N,Greenfield,Hancock,IN,46140-9020,US,US/Eastern,KMQJ,2022-03-12 12:35:00,21.0,6.0,46.0,29.23,10.0,W,21.0,,Mostly Cloudy / Windy,False,False,False,False,False,False,False,False,False,False,False,False,False,Day,Day,Day,Day,Saturday
A-2668112,Source2,3,2018-08-25 12:27:56,2018-08-25 12:57:02,39.797474,-86.11692,,,0.0,Left lane closed due to accident on I-70 Westbound at Exits 85 85A 85B Keystone Ave.,Keystone Way,Indianapolis,Marion,IN,46218,US,US/Eastern,KEYE,2018-08-25 12:29:00,69.1,,93.0,30.07,2.5,Variable,5.8,0.23,Heavy Rain,False,False,False,False,True,False,False,False,False,False,False,False,False,Day,Day,Day,Day,Saturday
A-3451620,Source1,4,2016-12-17 14:09:23,2016-12-17 20:09:23,40.37466,-86.78401,40.45938,-86.84852,6.766,Closed between IN-28/Exit 158 and IN-25/Exit 175 - Road closed due to accident. Construction work.,I-65 N,Lafayette,Tippecanoe,IN,47905,US,US/Eastern,KLAF,2016-12-17 14:00:00,30.0,21.7,96.0,29.69,2.5,NNW,9.2,0.0,Light Freezing Rain,False,False,False,False,True,False,False,False,False,False,False,False,False,Day,Day,Day,Day,Saturday
A-576133,Source2,1,2022-07-04 09:50:11,2022-07-04 10:50:41,38.309029,-85.697182,,,0.0,Crash on Forest Dr at Wildwood Rd.,Forest Dr,Jeffersonville,Clark,IN,47130-6839,US,US/Eastern,KLOU,2022-07-04 09:53:00,82.0,82.0,56.0,29.55,10.0,ESE,9.0,0.0,Fair,False,False,False,False,False,False,False,False,False,False,False,False,False,Day,Day,Day,Day,Monday
A-2260144,Source2,3,2019-02-02 07:11:27,2019-02-02 07:40:39,38.54034,-85.77758,,,0.0,Right lane closed due to accident on I-65 Southbound at IN-160.,Highway 160 E,Henryville,Clark,IN,47126,US,US/Eastern,KLOU,2019-02-02 06:53:00,28.0,,96.0,30.3,0.2,North,,,Light Freezing Fog,False,False,False,False,False,False,False,False,False,False,False,False,False,Night,Night,Day,Day,Saturday
A-2042245,Source2,2,2019-06-10 16:34:50,2019-06-10 19:49:39,39.862881,-84.886147,,,0.0,Accident on Reid Pkwy at Engel Dr.,Engel Dr,Richmond,Wayne,IN,47374,US,US/Eastern,KVES,2019-06-10 16:30:00,64.0,64.0,73.0,28.98,10.0,NW,24.0,0.0,Partly Cloudy / Windy,False,False,False,False,False,False,False,False,False,False,False,False,False,Day,Day,Day,Day,Monday
A-601544,Source2,1,2022-06-07 08:30:21,2022-06-07 09:15:13,39.841614,-86.251663,,,0.0,Lane blocked due to crash on Lafayette Rd at I-65 Exit 121.,I-65,Indianapolis,Marion,IN,46254,US,US/Eastern,KEYE,2022-06-07 08:18:00,69.0,69.0,84.0,28.94,10.0,VAR,6.0,0.0,Mostly Cloudy,False,False,False,False,False,False,False,False,False,False,False,False,False,Day,Day,Day,Day,Tuesday
A-991280,Source2,3,2021-06-24 18:22:58,2021-06-24 19:22:04,39.802448,-86.083572,,,0.0,Right lane blocked due to accident on I-70 Eastbound at Exit 87 Emerson Ave.,N Emerson Ave,Indianapolis,Marion,IN,46218,US,US/Eastern,KEYE,2021-06-24 17:53:00,79.0,79.0,58.0,29.2,10.0,S,6.0,0.0,Cloudy,False,False,False,False,False,False,False,False,False,False,False,False,False,Day,Day,Day,Day,Thursday
A-1014408,Source2,2,2021-06-07 07:27:03,2021-06-07 08:33:00,39.695324,-86.044403,,,0.0,Accident on Five Points Rd at Thompson Rd.,E Thompson Rd,Indianapolis,Marion,IN,46237,US,US/Eastern,KIND,2021-06-07 07:54:00,70.0,70.0,90.0,29.15,10.0,CALM,0.0,0.0,Light Rain,False,False,False,True,False,False,False,False,False,False,False,False,False,Day,Day,Day,Day,Monday
A-974587,Source2,3,2021-07-08 14:56:09,2021-07-08 16:30:08,39.699188,-86.148636,,,0.0,Two lanes blocked due to accident on I-465 Eastbound at Exits 2A 2B US-31 East St.,I-465 W,Indianapolis,Marion,IN,46227,US,US/Eastern,KIND,2021-07-08 14:54:00,69.0,69.0,93.0,29.07,0.75,W,7.0,0.19,Heavy T-Storm,False,False,False,False,True,False,False,False,False,False,False,False,False,Day,Day,Day,Day,Thursday
A-4052178,Source1,2,2022-01-23 11:18:00,2022-01-23 12:13:30,41.569787,-87.36739,41.576253,-87.521935,8.001,Slow traffic on I-94 W - I-80 W - US-6 W - US-41 N from Grant St/Exit 9A (I-94/I-80) to US-6/IL-83/Torrence Ave/Exit 161 (I-94/I-80) due to accident.,I-80 W,Gary,Lake,IN,46404,US,US/Central,KGYY,2022-01-23 11:45:00,21.0,5.0,86.0,29.34,0.5,NW,23.0,0.0,Snow / Windy,False,False,False,False,False,False,False,False,False,False,False,False,False,Day,Day,Day,Day,Sunday
A-2509909,Source2,3,2018-10-10 19:44:47,2018-10-10 20:14:23,40.126514,-86.517548,,,0.0,Right lane closed due to accident on I-65 Southbound at Exit 146 IN-47.,I-65 N,Thorntown,Boone,IN,46071,US,US/Eastern,KTYQ,2018-10-10 19:35:00,67.3,,100.0,29.71,10.0,South,5.8,,Scattered Clouds,False,False,False,False,False,False,False,False,False,False,False,False,False,Night,Night,Day,Day,Wednesday
A-1020420,Source2,4,2021-06-02 11:38:45,2021-06-02 12:07:33,39.764172,-86.266602,,,1.6799999475479126,One lane blocked due to accident on I-465 Southbound from 10th St to Rockville Rd.,I-465 S,Indianapolis,Marion,IN,46241,US,US/Eastern,KIND,2021-06-02 11:54:00,62.0,62.0,96.0,29.13,2.0,SE,10.0,0.14,Heavy Rain,False,False,False,False,False,False,False,False,False,False,False,False,False,Day,Day,Day,Day,Wednesday
A-4301268,Source1,2,2023-01-30 22:54:00,2023-01-31 01:17:30,39.288394,-84.990234,39.285571,-85.06888000000002,4.21,Stationary traffic on I-74 W from IN-1/Exit 164 (I-74) to IN-101/Exit 156 (I-74) due to accident.,I-74 W,Brookville,Dearborn,IN,47012,US,US/Eastern,KHAO,2023-01-30 22:53:00,27.0,19.0,85.0,29.67,6.0,N,7.0,0.0,Wintry Mix,False,False,False,False,False,False,False,False,False,False,False,False,False,Night,Night,Night,Night,Monday
A-6064033,Source1,2,2021-08-25 11:46:52,2021-08-25 13:55:34.000000000,39.79774832706548,-86.11677288968029,39.79526832706548,-86.12112288968031,0.288,Incident on I-70 WB near KEYSTONE WAY Left lane blocked.,I-70,Indianapolis,Marion,IN,46218,US,US/Eastern,KEYE,2021-08-25 11:53:00,73.0,73.0,90.0,29.29,9.0,SSW,12.0,0.0,Light Rain with Thunder,False,False,False,False,True,False,False,False,False,False,False,False,False,Day,Day,Day,Day,Wednesday
A-3062672,Source2,2,2018-01-12 06:32:07,2018-01-12 07:01:40,39.717625,-86.357651,,,0.0,Accident on US-40 Main St at Perry Rd.,Perry Rd,Plainfield,Hendricks,IN,46168,US,US/Eastern,KIND,2018-01-12 06:47:00,24.1,9.0,91.0,29.85,6.0,NW,21.9,0.07,Light Ice Pellets,False,False,False,False,False,False,False,False,False,False,False,True,False,Night,Night,Night,Day,Friday
A-3688880,Source1,4,2023-03-25 13:57:00,2023-03-25 16:55:45,40.77105,-85.819429,40.756872,-85.809653,1.105,IN-15 is closed from IN-13/Southwood Dr (S Wabash St/IN-15) to IN-124/CR-600 (IN-15) due to accident., S Rodeo Dr,Wabash,Wabash,IN,46992-9099,US,US/Eastern,KGUS,2023-03-25 13:55:00,40.0,27.0,87.0,28.7,10.0,W,35.0,0.0,Cloudy / Windy,False,False,False,False,False,False,False,False,False,False,False,False,False,Day,Day,Day,Day,Saturday
A-564204,Source2,3,2022-07-17 11:44:07,2022-07-17 12:13:37,39.918205,-86.269539,,,0.0,Left lane blocked due to crash on I-465 Northbound at Exit 23 86th St.,I-465,Indianapolis,Marion,IN,46278,US,US/Eastern,KEYE,2022-07-17 11:53:00,77.0,77.0,88.0,29.0,3.0,SSW,9.0,0.09,Heavy Rain,False,False,False,False,False,False,False,False,False,False,False,False,False,Day,Day,Day,Day,Sunday
A-723289,Source2,3,2022-02-03 15:54:36,2022-02-03 16:24:04,39.783298,-86.140602,,,0.0,Right lane blocked due to accident on I-70 Eastbound at Exit 80 / Pine St.,I-70,Indianapolis,Marion,IN,46202,US,US/Eastern,KEYE,2022-02-03 15:53:00,21.0,8.0,85.0,29.29,0.5,N,14.0,0.02,Snow,False,False,False,False,False,False,False,False,False,False,False,False,False,Day,Day,Day,Day,Thursday
A-7188487,Source1,3,2020-04-21 16:37:15,2020-04-21 17:07:15,39.73763,-86.12098,39.73763,-86.12098,0.0,At E Troy Ave - Serious accident., E Raymond St,Indianapolis,Marion,IN,46203,US,US/Eastern,KIND,2020-04-21 16:54:00,55.0,55.0,23.0,29.11,10.0,W,22.0,0.0,Fair / Windy,False,False,False,False,False,False,False,False,False,False,False,True,False,Day,Day,Day,Day,Tuesday
A-2363367,Source2,3,2019-01-28 10:24:43,2019-01-28 11:08:44,38.369823,-85.755875,,,2.640000104904175,Ight lane blocked due to accident on I-65 Northbound between Exits 6A 6B IN-265 and Exit 7 IN-60.,I-65 S,Sellersburg,Clark,IN,47172,US,US/Eastern,KLOU,2019-01-28 10:08:00,45.0,38.5,53.0,29.82,5.0,South,13.8,,Haze,False,False,False,False,False,False,False,False,False,False,False,False,False,Day,Day,Day,Day,Monday
A-3193704,Source2,3,2017-11-19 18:34:03,2017-11-19 19:33:32,39.755386,-86.187546,,,0.0,Two lanes blocked and slow traffic due to accident on I-70 Eastbound at Exit 78 Harding St.,S Harding St,Indianapolis,Marion,IN,46221,US,US/Eastern,KIND,2017-11-19 18:54:00,30.0,21.1,75.0,30.16,10.0,West,10.4,,Partly Cloudy,False,False,False,False,False,False,False,False,False,False,False,False,False,Night,Night,Night,Day,Sunday
A-7539153,Source1,4,2018-09-21 20:50:34,2018-09-21 22:50:12,40.12402,-87.25007,40.12424,-87.23828,0.623,At US-41/Exit 15 - Overturned heavy truck.,I-74 E,Veedersburg,Fountain,IN,47987,US,US/Central,KDNV,2018-09-21 20:55:00,63.5,,70.0,30.15,10.0,NNW,6.9,,Clear,False,False,False,False,True,False,False,False,False,False,False,False,False,Night,Night,Night,Day,Friday
A-5976570,Source1,2,2021-08-19 16:11:10,2021-08-19 17:56:10,39.75607752781031,-86.19451403576755,39.75529752781031,-86.18710403576759,0.397,Incident on I-70 EB near BELMONT AVE Center lane blocked. Expect Delays.,I-70,Indianapolis,Marion,IN,46221,US,US/Eastern,KIND,2021-08-19 15:54:00,84.0,84.0,58.0,29.2,10.0,S,3.0,0.11,Thunder in the Vicinity,False,False,False,False,False,False,False,False,False,False,False,False,False,Day,Day,Day,Day,Thursday
A-7522273,Source1,2,2018-10-19 20:58:27,2018-10-19 21:28:27,39.80687,-86.27552,39.79756,-86.27515,0.644,At I-74/Exit 16 - Accident. Right lane blocked.,I-74 W,Indianapolis,Marion,IN,46224,US,US/Eastern,KEYE,2018-10-19 20:53:00,48.9,,83.0,29.98,10.0,SSW,8.1,0.0,Overcast,False,False,False,False,False,False,False,False,False,False,False,False,False,Night,Night,Night,Night,Friday
A-1179455,Source2,2,2021-01-26 10:10:48,2021-01-26 11:19:55,39.795517,-86.16532099999998,,,0.0,One lane blocked due to accident on I-65 Northbound at Exit 115 21st St.,I-65 S,Indianapolis,Marion,IN,46202,US,US/Eastern,KEYE,2021-01-26 10:18:00,37.0,31.0,93.0,28.87,5.0,WSW,8.0,0.0,Wintry Mix,False,False,False,False,False,False,False,False,False,False,False,False,False,Day,Day,Day,Day,Tuesday
A-2613286,Source2,2,2018-09-28 07:12:46,2018-09-28 07:42:25,39.518456,-85.771469,,,0.0,Restrictions due to accident on Blanchard St at Bud St.,Blanchard St,Shelbyville,Shelby,IN,46176-2603,US,US/Eastern,KGEZ,2018-09-28 07:06:00,45.0,43.5,93.0,30.1,0.8,South,3.5,,Mist,False,False,False,False,False,False,False,False,False,False,False,False,False,Night,Day,Day,Day,Friday
A-5243527,Source1,2,2022-02-17 21:43:00,2022-02-17 23:54:00,39.430335,-87.301998,39.430793,-87.333067,1.658,Stationary traffic on I-70 W from IN-59/Exit 23 (I-70) to IN-46/Exit 11 (I-70) due to accident.,I-70,Terre Haute,Vigo,IN,47802,US,US/Eastern,KHUF,2022-02-17 21:39:00,26.0,12.0,84.0,29.3,9.0,NNW,22.0,0.0,Light Snow / Windy,False,False,False,False,False,False,False,False,False,False,False,False,False,Night,Night,Night,Night,Thursday
A-791977,Source3,3,2021-12-06 09:43:35,2021-12-06 10:11:50,38.304176,-85.884247,,,0.0,Left lane blocked due to accident on I-64 Westbound before Exit 119 US-150.,I-64 W,Floyds Knobs,Floyd,IN,47119,US,US/Eastern,KSDF,2021-12-06 09:50:00,45.0,36.0,71.0,29.46,10.0,WNW,24.0,0.0,Mostly Cloudy / Windy,False,False,False,False,False,False,False,False,False,False,False,False,False,Day,Day,Day,Day,Monday
A-3745104,Source1,2,2022-05-14 13:30:00,2022-05-14 15:46:30,39.92277,-86.117343,39.913015,-86.083826,1.9,Stationary traffic on I-465 E - USS Indianapolis Memorial Hwy from US-31/Meridian St/Exit 31 (I-465) to Allisonville Rd/Exit 35 (I-465) due to accident.,I-465,Indianapolis,Marion,IN,46240,US,US/Eastern,KEYE,2022-05-14 13:34:00,86.0,86.0,40.0,29.04,10.0,VAR,3.0,0.0,Thunder in the Vicinity,False,False,False,False,False,False,False,False,False,False,False,False,False,Day,Day,Day,Day,Saturday
A-7226529,Source1,2,2020-01-17 20:58:42,2020-01-17 21:28:40,39.75276,-86.22054,39.75276,-86.22054,0.0,At Harding St/Exit 78 - Accident. Left lane closed.,I-70 E,Indianapolis,Marion,IN,46241,US,US/Eastern,KIND,2020-01-17 20:54:00,31.0,19.0,69.0,29.48,10.0,ESE,17.0,0.01,Light Freezing Drizzle,False,False,False,False,True,False,False,False,False,False,False,False,False,Night,Night,Night,Night,Friday
A-5333055,Source1,4,2022-08-09 13:08:00,2022-08-09 14:24:00,38.626938,-85.784166,38.61989000000001,-85.78309399999998,0.49,Incident on I-65 SB near PIGEON CREEK Road closed. Take alternate route.,I-65 S,Scottsburg,Scott,IN,47170,US,US/Eastern,KLOU,2022-08-09 12:53:00,88.0,88.0,61.0,29.47,10.0,WSW,9.0,0.0,Fair,False,False,False,False,False,False,False,False,False,False,False,False,False,Day,Day,Day,Day,Tuesday
A-3902150,Source1,2,2022-08-11 15:53:30,2022-08-11 19:17:01,39.750293,-86.23165999999998,39.752999,-86.147912,4.453,Stationary traffic on I-70 E from Airport Expy/Exit 75 (I-70) to I-70/Exit 80 (I-70) due to accident.,I-70 E,Indianapolis,Marion,IN,46241,US,US/Eastern,KIND,2022-08-11 15:54:00,82.0,82.0,56.0,29.22,10.0,NW,9.0,0.0,Thunder,False,False,False,False,True,False,False,False,False,False,False,False,False,Day,Day,Day,Day,Thursday
A-5964706,Source1,2,2021-05-28 02:34:30,2021-05-28 03:21:00,41.66001677493257,-87.51697182613606,41.69412677493257,-87.52186182613603,2.37,Slow traffic on I-90 W - Indiana East-West Toll Rd W from IN-912/Cline Ave/Exit 3 (I-90) to US-41/US-20/US-12/Exit 0 (I-90) due to accident.,Indiana East-West Toll Rd,Hammond,Lake,IN,46320,US,US/Central,KIGQ,2021-05-28 02:35:00,52.0,52.0,100.0,29.2,4.0,N,9.0,0.0,Drizzle,False,False,False,False,False,False,False,False,False,False,False,False,False,Night,Night,Night,Night,Friday
A-809902,Source2,4,2021-11-21 12:52:54,2021-11-21 14:01:37,39.134148,-85.958282,,,7.4099998474121085,Left lane blocked due to accident on I-65 Southbound from Exit 68 / IN-46 / Carr Hill Rd to Exit 64 / IN-58 County Road 450.,W 450 S,Columbus,Bartholomew,IN,47201,US,US/Eastern,KBAK,2021-11-21 12:45:00,45.0,41.0,87.0,29.33,10.0,SW,6.0,,Cloudy,False,False,False,False,False,False,False,False,False,False,False,False,False,Day,Day,Day,Day,Sunday
A-3051451,Source2,3,2018-01-08 04:01:05,2018-01-08 04:30:37,39.859428,-84.99585,,,0.0,Right lane blocked due to jackknifed truck on I-70 Eastbound near Exit 145 Centerville Rd.,N Centerville Rd,Centerville,Wayne,IN,47330,US,US/Eastern,KMIE,2018-01-08 03:53:00,35.1,25.5,85.0,29.99,1.8,SW,15.0,0.01,Light Snow,False,False,False,False,False,False,False,False,False,False,False,False,False,Night,Night,Night,Night,Monday
A-5726533,Source1,2,2021-03-30 20:29:00,2021-03-30 21:44:00.000000000,39.6727,-86.09876,39.667209,-86.09212099999998,0.518,Slow traffic on I-65 S from I-74/I-465/Exit 106 (I-65) to Southport Rd/Exit 103 (I-65) due to accident.,I-65 S,Indianapolis,Marion,IN,46227,US,US/Eastern,KIND,2021-03-30 20:54:00,57.0,57.0,74.0,29.06,5.0,SSW,20.0,0.0,Rain,False,False,False,False,False,False,False,False,False,False,False,False,False,Night,Day,Day,Day,Tuesday
A-815718,Source2,3,2021-11-17 15:53:00,2021-11-17 16:52:11,39.712307,-86.26461,,,1.9800000190734863,Three lanes blocked due to accident on I-465 Southbound between Exit 11 Sam Jones Expwy and Exit 9 I-70.,I-465 S,Indianapolis,Marion,IN,46241,US,US/Eastern,KIND,2021-11-17 15:54:00,62.0,62.0,80.0,29.06,10.0,SSW,18.0,0.0,Light Drizzle,False,False,False,False,False,False,False,False,False,False,False,False,False,Day,Day,Day,Day,Wednesday
A-5139524,Source1,2,2022-07-23 01:57:12,2022-07-23 03:13:29.000000,41.574255,-87.514627,41.573952,-87.509089,0.287,Incident on I-80 EB near HARRISON AVE Road closed. Take alternate route.,I-80 E,Hammond,Lake,IN,46324,US,US/Central,KIGQ,2022-07-23 01:55:00,75.0,75.0,77.0,29.29,10.0,SSW,8.0,0.0,Thunder,False,False,False,False,False,False,False,False,False,False,False,False,False,Night,Night,Night,Night,Saturday
A-670651,Source2,3,2022-03-20 21:51:18,2022-03-20 22:50:15,39.806171,-86.064667,,,2.0199999809265137,Left lane blocked due to crash on I-70 Westbound between Shadeland Ave and Arlington ave.,I-70,Indianapolis,Marion,IN,46218,US,US/Eastern,KEYE,2022-03-20 21:53:00,54.0,54.0,47.0,29.28,10.0,SSW,5.0,0.0,Fair,False,False,False,False,False,False,False,False,False,False,False,False,False,Night,Night,Night,Night,Sunday
A-3149585,Source2,1,2017-12-25 07:54:45,2017-12-25 08:39:45,39.879822,-86.182312,,,0.0,Accident on Oakwood Trl at Munsee Ln.,Oakwood Trl,Indianapolis,Marion,IN,46260-4023,US,US/Eastern,KEYE,2017-12-25 07:53:00,16.0,4.4,74.0,30.31,10.0,WSW,9.2,,Clear,False,False,False,False,False,False,False,False,False,False,False,False,False,Night,Day,Day,Day,Monday
A-7743786,Source1,4,2019-06-27 12:27:14,2019-06-27 12:56:08,40.027998,-86.278964,40.005387,-86.267983,1.6669999999999998,Closed between IN-32/W Base Line Rd and E County Road 300 S - Road closed due to accident. Traffic problem., S US Highway 421,Zionsville,Boone,IN,46077-8828,US,US/Eastern,KTYQ,2019-06-27 12:35:00,80.0,80.0,61.0,29.22,10.0,S,3.0,0.0,Fair,False,False,False,False,False,False,False,False,False,False,False,False,False,Day,Day,Day,Day,Thursday
A-2844249,Source2,1,2018-05-24 17:05:24,2018-05-24 17:35:24,39.737484,-86.140541,,,0.0,Accident on Raymond St Eastbound at Barth Ave.,E Raymond St,Indianapolis,Marion,IN,46203-4040,US,US/Eastern,KIND,2018-05-24 16:54:00,82.9,,32.0,30.09,10.0,SE,8.1,,Partly Cloudy,False,False,False,False,False,False,False,False,False,False,False,False,False,Day,Day,Day,Day,Thursday
A-2123344,Source2,3,2019-05-25 13:19:15,2019-05-25 15:34:59,39.73325300000001,-86.043983,,,0.0,Left lane closed due to accident on I-465 Northbound at I-74.,I-465 N,Indianapolis,Marion,IN,46239,US,US/Eastern,KMQJ,2019-05-25 13:15:00,84.0,84.0,66.0,29.1,10.0,WSW,22.0,,Partly Cloudy / Windy,False,False,False,False,False,False,False,False,False,False,False,False,False,Day,Day,Day,Day,Saturday
A-3499050,Source1,4,2016-06-22 16:48:51,2016-06-22 23:48:51,41.72709,-85.56747,41.72575,-85.55925,0.434,Closed between County Road 725 W and County Road 675 W - Road closed due to accident., N 725 W,Shipshewana,Lagrange,IN,46565-8502,US,US/Eastern,KIRS,2016-06-22 16:55:00,76.3,,63.0,29.91,10.0,WSW,6.9,,Scattered Clouds,False,False,False,False,False,False,False,False,False,False,False,False,False,Day,Day,Day,Day,Wednesday
A-5073723,Source1,4,2022-02-02 10:49:30,2022-02-02 12:47:33,41.285843,-87.30109,41.198684,-87.285103,6.079,I-65 S is closed from IN-2/Exit 240 (I-65) to IN-10/Exit 230 (I-65) due to accident.,I-65 S,Hebron,Lake,IN,46341,US,US/Central,KVPZ,2022-02-02 10:54:00,27.0,15.0,93.0,29.33,0.25,N,15.0,0.0,Snow,False,False,False,False,False,False,False,False,False,False,False,False,False,Day,Day,Day,Day,Wednesday
A-3892991,Source1,4,2022-12-23 09:27:46,2022-12-23 11:27:46,41.274889,-87.299842,41.257566,-87.29565600000002,1.216,Incident on I-65 SB near 205TH AVE Road closed. Take alternate route.,I-65 S,Hebron,Lake,IN,46341,US,US/Central,KVPZ,2022-12-23 09:36:00,-6.0,-34.0,75.0,29.02,0.75,W,30.0,0.0,N/A Precipitation,False,False,False,False,False,False,False,False,False,False,False,False,False,Day,Day,Day,Day,Friday
A-2275362,Source2,3,2019-02-10 14:33:28,2019-02-10 15:02:57,41.567459,-87.313652,,,0.0,Left lane blocked due to accident on I-80 Westbound at Exits 11 12 I-65.,I-80 W,Gary,Lake,IN,46407,US,US/Central,KGYY,2019-02-10 14:45:00,28.4,22.2,93.0,30.26,0.5,ESE,5.8,,Snow,False,False,False,False,False,False,False,False,False,False,False,False,False,Day,Day,Day,Day,Sunday
A-3225509,Source2,2,2017-10-05 11:56:20,2017-10-05 12:40:53,39.781353,-86.113098,,,0.0,Accident on Oakland Ave at 10th St.,E 10th St,Indianapolis,Marion,IN,46201-2401,US,US/Eastern,KEYE,2017-10-05 11:53:00,66.9,,93.0,30.21,3.0,SW,8.1,0.23,Rain,False,False,True,False,False,False,False,False,False,False,False,False,False,Day,Day,Day,Day,Thursday
A-7412278,Source1,4,2019-09-09 07:10:08,2019-09-09 07:39:45,38.95473,-85.8433,39.0265,-85.88906,5.534,Closed between IN-250/Exit 41 and IN-11/Exit 55 - Road closed due to accident.,I-65 N,Seymour,Jackson,IN,47274,US,US/Eastern,KBAK,2019-09-09 06:49:00,57.0,57.0,100.0,29.42,10.0,CALM,0.0,,Fair,False,False,False,False,True,False,False,False,False,False,False,False,False,Night,Day,Day,Day,Monday
A-3117886,Source2,3,2017-12-09 10:36:26,2017-12-09 11:21:01,39.70303300000001,-86.108253,,,0.0,Center lane closed due to accident on I-65 Northbound at Exit 106 I-74 I-465.,I-65 S,Indianapolis,Marion,IN,46227,US,US/Eastern,KIND,2017-12-09 10:54:00,27.0,16.1,78.0,29.81,9.0,SW,12.7,0.01,Light Snow,False,False,False,False,False,False,False,False,False,False,False,False,False,Day,Day,Day,Day,Saturday
A-3666178,Source1,2,2023-03-31 20:49:00,2023-03-31 22:49:30.000000000,40.769743,-87.12233,40.706886,-87.07024799999998,5.127999999999999,Stationary traffic on I-65 S from US-231/Exit 205 (I-65) to US-231/Exit 193 (I-65) due to accident.,I-65 S,Remington,Jasper,IN,47977,US,US/Central,KRZL,2023-03-31 20:55:00,63.0,63.0,88.0,28.65,4.0,S,29.0,0.09,T-Storm / Windy,False,False,False,False,False,False,False,False,False,False,False,False,False,Night,Night,Night,Night,Friday
A-7438975,Source1,4,2019-02-02 09:19:31,2019-02-02 09:49:30,39.79534,-86.16389000000002,39.79676,-86.16507,0.116,Ramp closed to 21st St/Exit 115 - Road closed due to accident., W 21st St,Indianapolis,Marion,IN,46202,US,US/Eastern,KEYE,2019-02-02 09:02:00,21.0,,92.0,30.21,0.5,Calm,,,Light Freezing Fog,False,False,True,False,False,False,False,False,False,False,False,False,False,Day,Day,Day,Day,Saturday
A-538331,Source2,1,2022-08-12 17:47:37,2022-08-12 18:32:25,40.47644,-86.137772,,,0.0,Crash on Markland Ave at Courtland St.,W Markland Ave,Kokomo,Howard,IN,46901-6111,US,US/Central,KOKK,2022-08-12 17:56:00,73.0,73.0,55.0,29.29,10.0,NNW,6.0,0.0,Fair,False,False,True,False,False,False,False,False,False,False,False,False,False,Day,Day,Day,Day,Friday
A-1151994,Source2,3,2021-02-15 16:42:58,2021-02-15 20:44:46,39.532764,-86.80257399999998,,,0.0,Left lane blocked due to accident on I-70 Westbound at Exit 41 US-231 Main St.,I-70 E,Cloverdale,Putnam,IN,46120,US,US/Eastern,KBMG,2021-02-15 16:53:00,15.0,1.0,80.0,29.0,0.25,NNE,14.0,0.04,Heavy Snow,False,False,False,False,False,False,False,False,False,False,False,False,False,Day,Day,Day,Day,Monday
A-3392361,Source2,2,2017-08-22 08:41:55,2017-08-22 09:11:42,39.855476,-86.19561,,,0.0,Accident on Michigan Rd at Kessler Boulevard West Dr.,Kessler Boulevard West Dr,Indianapolis,Marion,IN,46228,US,US/Eastern,KEYE,2017-08-22 08:49:00,71.6,,83.0,29.96,8.0,NW,6.9,0.05,Light Rain,False,False,True,False,False,False,False,False,False,False,False,True,False,Day,Day,Day,Day,Tuesday
A-542601,Source2,1,2022-08-09 06:47:25,2022-08-09 07:17:02,39.737644,-86.130371,,,0.0,Crash on State Ave at Raymond St.,E Raymond St,Indianapolis,Marion,IN,46203,US,US/Eastern,KIND,2022-08-09 06:54:00,68.0,68.0,96.0,29.17,5.0,E,8.0,0.11,Light Rain with Thunder,False,False,True,False,False,False,False,False,False,False,False,True,False,Night,Day,Day,Day,Tuesday
A-7313974,Source1,4,2019-12-14 08:28:55,2019-12-14 08:58:16,41.61969000000001,-87.15545,41.61918,-87.17260999999998,0.887,Closed between IN-249/Crisman Rd and Midwest Steel Hwy - Road closed due to accident., Dunes Hwy,Portage,Porter,IN,46368,US,US/Central,KGYY,2019-12-14 08:45:00,36.0,36.0,100.0,29.07,0.25,CALM,0.0,0.0,Fog,False,False,False,False,False,False,False,False,False,False,False,False,False,Day,Day,Day,Day,Saturday
A-2174428,Source2,4,2019-04-18 04:54:30,2019-04-18 06:40:57,41.57394,-87.50885799999998,,,4.170000076293944,Two lanes blocked due to accident on I-80 Eastbound between I-294 and Exit 1 Calumet Ave.,Calumet Ave,Hammond,Lake,IN,46324,US,US/Central,KIGQ,2019-04-18 04:55:00,62.0,62.0,97.0,28.93,5.0,SW,10.0,0.11,T-Storm,False,False,False,False,False,False,False,False,False,False,False,False,False,Night,Night,Night,Day,Thursday
A-564252,Source2,3,2022-07-17 07:13:41,2022-07-17 07:57:06,39.853619,-85.420158,,,0.0,Right lane blocked due to crash on I-70 Westbound after Exit 123 IN-3.,I-70,Spiceland,Henry,IN,47385,US,US/Eastern,KAID,2022-07-17 07:15:00,70.0,70.0,88.0,28.9,7.0,NNE,5.0,0.02,T-Storm,False,False,False,False,False,False,False,False,False,False,False,False,False,Day,Day,Day,Day,Sunday
A-7452461,Source1,4,2019-02-24 19:23:14,2019-02-24 19:52:46,39.177486,-86.27013199999998,39.176928,-86.270486,0.043,Closed at Gate Entrance Rd - Road closed due to accident., Kelly Hill Ln,Nashville,Brown,IN,47448,US,US/Eastern,K1II,2019-02-24 19:45:00,32.0,16.0,44.0,29.36,10.0,W,38.0,,Fair / Windy,False,False,False,False,False,False,False,False,False,False,False,False,False,Night,Night,Day,Day,Sunday
A-2529527,Source2,3,2018-10-19 19:30:18,2018-10-19 19:59:54,39.782887,-86.157478,,,0.0,Left lane blocked due to accident on I-65 Southbound at Exit 113 11th St.,N Meridian St,Indianapolis,Marion,IN,46204,US,US/Eastern,KIND,2018-10-19 19:54:00,48.0,,86.0,30.01,10.0,WSW,13.8,0.02,Light Drizzle,False,False,False,False,False,False,False,False,False,False,False,False,False,Night,Night,Day,Day,Friday
A-3297811,Source2,3,2017-09-10 19:47:44,2017-09-10 20:15:30,40.960537,-85.29145799999998,,,0.0,Accident on I-69 Southbound at Exits 296A 296B I-469.,I-69 N,Roanoke,Allen,IN,46783,US,US/Eastern,KFWA,2017-09-10 19:54:00,60.1,,57.0,30.38,10.0,ENE,5.8,,Clear,False,False,False,False,False,False,False,False,False,False,False,False,False,Day,Day,Day,Day,Sunday
A-1354003,Source2,4,2020-10-23 14:59:41,2020-10-23 17:47:13,38.346382,-85.754204,,,4.190000057220459,Two lanes blocked due to accident on I-265 Westbound between Exit 10 Port Rd and Exit 7A I-65 Exits 6A 6B.,I-65 S,Clarksville,Clark,IN,47129,US,US/Eastern,KLOU,2020-10-23 14:53:00,76.0,76.0,67.0,29.39,10.0,S,8.0,0.0,Thunder in the Vicinity,False,False,False,False,True,False,False,False,False,False,False,False,False,Day,Day,Day,Day,Friday
A-1599988,Source2,3,2020-01-18 06:16:12,2020-01-18 07:37:38,40.809376,-87.15414399999996,,,0.0,Two lanes blocked due to accident on I-65 Northbound at Exit 205 US-231.,S US Highway 231,Remington,Jasper,IN,47977-8764,US,US/Central,KRZL,2020-01-18 06:15:00,36.0,28.0,93.0,29.04,10.0,S,10.0,0.0,Drizzle,False,False,False,False,False,False,False,False,False,False,False,False,False,Night,Night,Day,Day,Saturday
A-4346106,Source1,4,2022-12-22 19:28:00,2022-12-22 20:56:32,40.496793,-86.86794,40.517578,-86.896068,2.061,I-65 N is closed from IN-25/Exit 175 (I-65) to IN-18/Exit 188 (I-65) due to accident.,I-65 N,West Lafayette,Tippecanoe,IN,47906,US,US/Eastern,KLAF,2022-12-22 19:42:00,4.0,-17.0,76.0,29.19,1.0,WNW,21.0,0.0,Light Snow / Windy,False,False,False,False,False,False,False,False,False,False,False,False,False,Night,Night,Night,Night,Thursday
A-1393517,Source2,3,2020-07-21 22:33:09,2020-07-21 23:02:44,39.82336,-86.27550500000002,,,0.0,Left lane blocked due to accident on I-465 Northbound at Exit 17 38th St.,I-465 N,Indianapolis,Marion,IN,46224,US,US/Eastern,KEYE,2020-07-21 22:28:00,71.0,71.0,93.0,29.17,2.0,WNW,13.0,0.4,Heavy T-Storm,False,False,False,False,False,False,False,False,False,False,False,False,False,Night,Night,Night,Day,Tuesday
A-2550125,Source2,3,2018-10-29 04:03:40,2018-10-29 04:33:08,39.853264,-85.412918,,,12.81999969482422,Right lane blocked due to accident on I-70 Westbound between Exit 131 Wilbur Wright Rd and Exit 123 IN-3.,I-70 E,Spiceland,Henry,IN,47385,US,US/Eastern,KAID,2018-10-29 03:55:00,44.2,39.7,85.0,30.0,10.0,West,8.1,,Overcast,False,False,False,False,False,False,False,False,False,False,False,False,False,Night,Night,Night,Night,Monday
A-7037812,Source1,4,2020-05-19 06:08:02,2020-05-19 06:52:31,40.1219,-86.51621,40.17718,-86.55497,4.333,Closed between IN-47/Exit 146 and Lebanon Southbound Rest Area - Road closed due to accident. Construction work.,I-65 N,Lebanon,Boone,IN,46052,US,US/Eastern,KTYQ,2020-05-19 06:15:00,56.0,56.0,100.0,28.77,3.0,CALM,0.0,0.02,Heavy Drizzle,False,False,False,False,True,False,False,False,False,False,False,False,False,Night,Day,Day,Day,Tuesday
A-931642,Source2,3,2021-08-19 16:15:22,2021-08-19 17:30:22,39.755802,-86.188965,,,0.0,Center lane blocked due to accident on I-70 Eastbound near Exit 78 Harding St.,I-70 W,Indianapolis,Marion,IN,46221,US,US/Eastern,KIND,2021-08-19 15:54:00,84.0,84.0,58.0,29.2,10.0,S,3.0,0.11,Thunder in the Vicinity,False,False,False,False,False,False,False,False,False,False,False,False,False,Day,Day,Day,Day,Thursday
A-5285872,Source1,2,2022-12-23 16:01:30,2022-12-23 17:19:26,41.606695,-87.13164300000003,41.607101,-87.114111,0.906,Incident on I-94 EB near IN-149 Road closed. Take alternate route.,I-94 E,Chesterton,Porter,IN,46304,US,US/Central,KVPZ,2022-12-23 15:56:00,-3.0,-29.0,72.0,29.03,0.5,W,29.0,0.0,Snow / Windy,False,False,False,False,False,False,False,False,False,False,False,False,False,Day,Day,Day,Day,Friday
A-1463535,Source2,3,2020-05-08 14:05:44,2020-05-08 16:05:13,39.699188,-86.148636,,,0.0,Left lane blocked due to accident on I-465 Eastbound near Exits 2A 2B US-31 East St.,I-465 W,Indianapolis,Marion,IN,46227,US,US/Eastern,KIND,2020-05-08 13:54:00,53.0,53.0,45.0,29.05,10.0,N,20.0,0.0,Fair,False,False,False,False,True,False,False,False,False,False,False,False,False,Day,Day,Day,Day,Friday
A-3325901,Source2,2,2017-09-22 08:15:08,2017-09-22 08:44:57,39.676186,-86.301392,,,0.0,Accident on Ameriplex Pkwy at Decatur Blvd.,Decatur Blvd,Indianapolis,Marion,IN,46241-9606,US,US/Eastern,KIND,2017-09-22 07:54:00,72.0,,91.0,30.09,7.0,Calm,,,Patches of Fog,False,False,False,False,False,False,False,False,False,False,False,False,False,Day,Day,Day,Day,Friday
A-6336440,Source1,2,2021-03-24 16:59:00,2021-03-25 00:51:30,39.43093,-87.41073,39.434551,-87.53818100000002,6.806,Stationary traffic on I-70 W - US-40 W from IN-46/Exit 11 (I-70) to IN--IL State Border (I-70) due to accident.,I-70 W,Terre Haute,Vigo,IN,47802,US,US/Eastern,KHUF,2021-03-24 16:53:00,70.0,70.0,36.0,29.16,10.0,WSW,28.0,0.0,Fair / Windy,False,False,False,False,False,False,False,False,False,False,False,False,False,Day,Day,Day,Day,Wednesday
A-6005947,Source1,2,2021-06-02 13:09:30,2021-06-02 14:10:57,39.81122374515624,-86.17430090863142,39.81219374515624,-86.17478090863142,0.072,Accident from W 30th St (Dr Martin Luther King Jr St) to I-65 (Dr Martin Luther King Jr St)., Dr Martin Luther King Jr St,Indianapolis,Marion,IN,46208-4880,US,US/Eastern,KEYE,2021-06-02 13:07:00,64.0,64.0,96.0,29.11,1.0,VAR,3.0,0.03,Rain,False,False,False,False,False,False,False,False,False,False,False,True,False,Day,Day,Day,Day,Wednesday
A-4008291,Source1,2,2022-12-22 12:52:18,2022-12-22 14:10:26.000000,39.694859,-86.19051800000003,39.69942,-86.17261500000002,1.003,Incident on I-465 EB near MANN RD Left lane blocked.,I-465 E,Indianapolis,Marion,IN,46217,US,US/Eastern,KIND,2022-12-22 12:54:00,41.0,35.0,93.0,28.93,0.75,S,10.0,0.01,Light Drizzle,False,False,False,False,False,False,False,False,False,False,False,False,False,Day,Day,Day,Day,Thursday
A-1597686,Source2,4,2020-01-17 23:38:22,2020-01-18 00:36:59,39.692112,-86.23869300000001,,,4.480000019073486,Left and right lane blocked due to accident on I-465 Westbound from Exit 4 Harding St to Exit 7 Mann Rd.,I-465 E,Indianapolis,Marion,IN,46221,US,US/Eastern,KIND,2020-01-17 23:35:00,31.0,22.0,79.0,29.39,10.0,SE,12.0,0.0,Light Freezing Rain,False,False,False,False,False,False,False,False,False,False,False,False,False,Night,Night,Night,Night,Friday
A-979904,Source3,3,2021-07-04 22:37:27,2021-07-04 23:06:52,39.795517,-86.16532099999998,,,0.0,Left lane blocked due to accident on I-65 Southbound at 21st St.,I-65 S,Indianapolis,Marion,IN,46202,US,US/Eastern,KEYE,2021-07-04 22:53:00,78.0,78.0,74.0,29.13,6.0,VAR,3.0,0.0,Haze,False,False,False,False,False,False,False,False,False,False,False,False,False,Night,Night,Night,Day,Sunday
A-1668424,Source2,3,2020-02-26 07:18:24,2020-02-26 08:26:02,41.563847,-87.303925,,,0.0,Accident on I-65 Northbound near Exits 258 259A 259A-B 259B I-80 Exits 11 12.,Three River Park,Lake Station,Lake,IN,46405,US,US/Central,KGYY,2020-02-26 07:45:00,32.0,20.0,87.0,29.41,1.0,N,21.0,0.0,Light Snow / Windy,False,False,False,False,False,False,False,False,False,False,False,False,False,Day,Day,Day,Day,Wednesday
A-3715366,Source1,2,2022-12-23 19:47:36,2022-12-24 09:00:00,41.681899,-85.814805,41.703007,-85.817093,1.463,Incident on IN-15 NB near CR-112 Road closed. Take alternate route., County Road 14,Goshen,Elkhart,IN,46528,US,US/Eastern,KGSH,2022-12-23 19:53:00,-2.0,-26.0,72.0,28.92,4.0,WSW,23.0,0.0,Haze / Windy,False,False,False,False,False,False,False,False,False,False,False,False,False,Night,Night,Night,Night,Friday
A-3125247,Source2,2,2017-12-13 11:07:51,2017-12-13 11:52:30,39.775257,-86.148705,,,0.0,Accident on East St at Massachusetts Ave.,Massachusetts Ave,Indianapolis,Marion,IN,46204-1607,US,US/Eastern,KIND,2017-12-13 10:54:00,32.0,20.8,40.0,29.72,10.0,South,17.3,,Overcast,False,False,False,False,False,False,False,False,False,False,False,True,False,Day,Day,Day,Day,Wednesday
A-7493001,Source1,4,2018-12-31 12:14:31,2018-12-31 12:43:15,39.74769000000001,-86.14095,39.75503,-86.14368,0.527,Closed at I-70/Morris St/Exit 110 - Road closed due to accident.,I-65 N,Indianapolis,Marion,IN,46203,US,US/Eastern,KIND,2018-12-31 11:54:00,48.0,,100.0,29.67,2.0,SE,15.0,0.13,Heavy Rain,False,False,False,False,False,False,False,False,False,False,False,False,False,Day,Day,Day,Day,Monday
A-542219,Source2,3,2022-08-09 08:54:52,2022-08-09 09:53:07,39.942371,-86.619682,,,0.0,Lane blocked due to crash on I-74 Eastbound at Exit 52 IN-75.,S State Road 75,Jamestown,Boone,IN,46147,US,US/Eastern,KEYE,2022-08-09 08:53:00,69.0,69.0,93.0,29.19,10.0,NE,5.0,0.18,T-Storm,False,False,False,False,False,False,False,False,False,False,False,False,False,Day,Day,Day,Day,Tuesday
A-608966,Source2,3,2022-05-27 09:49:13,2022-05-27 11:33:04,41.57235,-87.478409,,,0.6399999856948853,Entry ramp to I-80 Eastbound from Indianapolis Blvd Southbound closed due to flooding.,Indianapolis Blvd,Hammond,Lake,IN,46324,US,US/Central,KIGQ,2022-05-27 09:55:00,51.0,51.0,100.0,29.13,4.0,N,10.0,0.04,Heavy Rain,False,False,False,False,False,False,False,False,False,False,False,False,False,Day,Day,Day,Day,Friday
A-3323021,Source2,2,2017-09-21 08:11:19,2017-09-21 08:41:01,39.81424000000001,-84.87943299999998,,,0.0,Accident on L St at 18th St.,S L St,Richmond,Wayne,IN,47374-7087,US,US/Eastern,KVES,2017-09-21 08:15:00,64.4,,100.0,30.11,2.0,Calm,,,Mist,False,False,True,False,False,False,False,False,False,False,False,False,False,Day,Day,Day,Day,Thursday
A-1597678,Source2,3,2020-01-17 20:57:46,2020-01-17 22:30:23,39.752171,-86.22444200000002,,,0.0,Two lane blocked due to accident on I-70 Eastbound at Exit 77 Holt Rd.,I-70 E,Indianapolis,Marion,IN,46241,US,US/Eastern,KIND,2020-01-17 20:54:00,31.0,19.0,69.0,29.48,10.0,ESE,17.0,0.01,Light Freezing Drizzle,False,False,False,False,False,False,False,False,False,False,False,False,False,Night,Night,Night,Night,Friday
A-3062666,Source2,2,2018-01-12 06:00:18,2018-01-12 06:29:53,39.762642,-86.405235,,,0.0,Accident on US-36 at County Road 671.,E US Highway 36,Avon,Hendricks,IN,46123-8924,US,US/Eastern,KIND,2018-01-12 05:54:00,25.0,12.6,92.0,29.87,3.0,WNW,15.0,0.09,Ice Pellets,False,False,False,False,False,False,False,False,False,False,False,False,False,Night,Night,Night,Night,Friday
A-1462406,Source2,4,2020-05-07 13:20:06,2020-05-07 14:27:00,39.7033,-86.107162,,,3.640000104904175,Left lane closed due to accident on I-465 Eastbound between Exits 2A 2B US-31 East St and Exits 53A 53B I-65 Exit 106.,I-465 E,Indianapolis,Marion,IN,46237,US,US/Eastern,KIND,2020-05-07 12:54:00,64.0,64.0,41.0,29.15,10.0,W,23.0,0.0,Mostly Cloudy / Windy,False,False,False,False,False,False,False,False,False,False,False,False,False,Day,Day,Day,Day,Thursday
A-3392359,Source2,2,2017-08-22 08:25:26,2017-08-22 09:10:54,39.749226,-86.3172,,,0.0,Accident on Bridgeport Rd at Morris St.,Bridgeport Rd,Indianapolis,Marion,IN,46231-1213,US,US/Eastern,KIND,2017-08-22 08:23:00,73.0,,87.0,29.96,0.5,WNW,13.8,0.02,Heavy Thunderstorms and Rain,False,False,False,True,False,False,False,False,False,False,False,False,False,Day,Day,Day,Day,Tuesday
A-5703411,Source1,4,2021-09-12 19:57:49,2021-09-13 00:42:49,38.802914,-85.96189,38.806671,-85.968452,0.438,Incident on IN-39 NB near CR-400 Road closed. Take alternate route., S State Road 39,Brownstown,Jackson,IN,47220-9636,US,US/Eastern,KBAK,2021-09-12 19:45:00,79.0,79.0,57.0,29.35,10.0,SSW,16.0,,Fair,False,False,False,False,False,False,False,False,False,False,False,False,False,,,,,Sunday
A-5665975,Source1,4,2021-05-03 11:16:40,2021-05-03 18:01:40,41.37729048709213,-85.85488200146744,41.36279048709213,-85.85464200146744,1.002,Incident on IN-15 SB near W 800 Road closed. Take alternate route., W County Road 1000 N,Milford,Kosciusko,IN,46542,US,US/Eastern,KGSH,2021-05-03 11:34:00,60.0,60.0,90.0,28.74,2.0,SE,5.0,0.0,Fog,False,False,False,False,False,False,False,False,False,False,False,False,False,Day,Day,Day,Day,Monday
A-1882925,Source2,3,2019-09-27 19:32:06,2019-09-27 21:46:32,41.570107,-87.431946,,,0.0,Three lanes blocked due to accident on I-80 Westbound at Exit 5 IN-912 Cline Ave Exit 10B.,I-80 W,Gary,Lake,IN,46406,US,US/Central,KGYY,2019-09-27 19:45:00,70.0,70.0,94.0,29.09,3.0,W,23.0,0.0,T-Storm / Windy,False,False,False,False,False,False,False,False,False,False,False,False,False,Night,Night,Day,Day,Friday
A-2347881,Source2,3,2019-01-20 11:35:56,2019-01-20 12:04:38,41.573814,-87.4618,,,0.0,Right lane closed due to accident on I-80 Eastbound at Exit 3 Kennedy Ave.,Kennedy Ave,Hammond,Lake,IN,46323,US,US/Central,KGYY,2019-01-20 11:45:00,15.8,8.6,79.0,30.29,0.2,SW,4.6,,Heavy Snow,False,False,False,False,True,False,False,False,False,False,False,False,False,Day,Day,Day,Day,Sunday
A-2264542,Source2,2,2019-02-05 06:30:21,2019-02-05 07:00:07,39.80706,-86.123932,,,0.0,Accident on Hillside Ave at 28th St.,N Hillside Ave,Indianapolis,Marion,IN,46218-2716,US,US/Eastern,KEYE,2019-02-05 06:31:00,30.9,26.2,96.0,30.05,0.8,NW,4.6,,Mist,False,False,False,False,False,False,False,False,False,False,False,False,False,Night,Night,Night,Day,Tuesday
A-2500259,Source2,2,2018-10-05 14:21:48,2018-10-05 14:51:33,39.760723,-86.224632,,,0.0,Accident on Washington St at Holt Rd.,W Washington St,Indianapolis,Marion,IN,46241-1500,US,US/Eastern,KIND,2018-10-05 14:22:00,70.0,,97.0,30.04,2.5,WNW,3.5,0.63,Thunderstorms and Rain,True,False,True,False,False,False,False,False,False,False,False,False,False,Day,Day,Day,Day,Friday
A-3522845,Source1,4,2016-04-22 11:31:47,2016-04-22 17:31:47,41.63487,-85.05194499999998,41.63495,-85.0464,0.286,Closed at I-69/US-27 - Road closed due to accident., W US Highway 20,Angola,Steuben,IN,46703-8655,US,US/Eastern,KANQ,2016-04-22 11:35:00,53.6,,100.0,29.93,4.0,SSW,3.5,,Scattered Clouds,True,False,False,False,False,False,False,False,False,False,False,False,False,Day,Day,Day,Day,Friday
A-2011613,Source2,2,2019-08-08 18:47:42,2019-08-08 21:23:15,39.796139,-86.159149,,,0.0,Accident on Illinois St at Mclean Pl.,McLean Pl,Indianapolis,Marion,IN,46202-1389,US,US/Eastern,KEYE,2019-08-08 18:48:00,72.0,72.0,94.0,29.03,0.5,W,14.0,0.38,Heavy T-Storm,False,False,False,False,False,False,False,False,False,True,False,False,False,Day,Day,Day,Day,Thursday
A-1648460,Source2,2,2020-02-14 07:37:46,2020-02-14 08:36:00,39.192429,-84.84024000000002,,,0.0,Restrictions due to accident on Stateline Rd at Georgetown Rd.,Georgetown Rd,Lawrenceburg,Dearborn,IN,47025-9661,US,US/Eastern,KCVG,2020-02-14 07:45:00,12.0,-1.0,73.0,29.51,4.0,WNW,10.0,0.0,Light Snow,False,False,False,False,False,False,False,False,False,False,False,False,False,Day,Day,Day,Day,Friday
A-2576059,Source2,2,2018-09-11 08:23:57,2018-09-11 08:53:44,39.693584,-86.148788,,,0.0,Accident on US-31 East St at IN-135 Thompson Rd.,S East St,Indianapolis,Marion,IN,46227-1654,US,US/Eastern,KIND,2018-09-11 07:54:00,57.9,,97.0,30.15,9.0,Calm,,,Patches of Fog,False,False,False,False,False,False,False,False,False,False,False,True,False,Day,Day,Day,Day,Tuesday
A-3314321,Source2,2,2017-09-18 20:59:09,2017-09-18 21:29:09,39.372654,-86.455765,,,0.0,Accident on Jordan Rd at Maggie Ln.,Maggie Ln,Martinsville,Morgan,IN,46151-6879,US,US/Eastern,KIND,2017-09-18 20:54:00,71.1,,87.0,29.99,10.0,North,6.9,0.14,Thunderstorm,False,False,False,False,False,False,False,False,False,False,False,False,False,Night,Night,Night,Day,Monday
A-4753394,Source1,2,2022-12-23 21:21:08,2022-12-23 22:51:08.000000000,39.178481,-85.058216,39.184145,-85.06845899999998,0.674,Incident on IN-48 WB near MCMANAMAN RD Road closed. Take alternate route., IN-48,Milan,Dearborn,IN,47031-9679,US,US/Eastern,KCVG,2022-12-23 21:42:00,-2.0,-22.0,76.0,29.08,3.0,WSW,15.0,0.0,Blowing Snow,False,False,False,False,False,False,False,False,False,False,False,False,False,Night,Night,Night,Night,Friday
A-3782059,Source1,2,2022-12-23 18:30:30,2022-12-23 20:28:53,41.289429,-87.299586,41.289423,-87.30116600000002,0.0819999999999999,Accident on IN-2 from US-231/W IN-2 (IN-2) to I-65 (E 181st Ave/IN-2).,E 181st Ave,Hebron,Lake,IN,46341,US,US/Central,KVPZ,2022-12-23 18:22:00,-3.0,-28.0,79.0,29.05,1.0,W,25.0,0.0,Light Snow / Windy,False,False,False,False,False,False,False,False,False,False,False,True,False,Night,Night,Night,Night,Friday
A-6373530,Source1,4,2021-02-15 18:10:11,2021-02-16 00:55:11.000000000,41.449636,-86.262097,41.44963,-86.27322099999998,0.5760000000000001,Incident on US-6 WB near KING RD Road closed. Take alternate route., King Rd,Bremen,Marshall,IN,46506-9647,US,US/Eastern,KGSH,2021-02-15 18:26:00,9.0,-9.0,84.0,29.15,0.5,NNE,17.0,0.0,Snow,False,False,False,False,False,False,False,False,False,False,False,False,False,Day,Day,Day,Day,Monday
A-2458414,Source2,2,2018-11-15 05:50:16,2018-11-15 06:20:03,39.547462,-85.775574,,,0.0,Accident on IN-9 Riley Hwy at Rampart Rd.,N State Road 9,Shelbyville,Shelby,IN,46176-9785,US,US/Eastern,KGEZ,2018-11-15 05:53:00,33.1,23.4,89.0,30.12,6.0,ESE,13.8,0.03,Light Freezing Rain,False,False,False,False,False,False,False,False,False,False,False,True,False,Night,Night,Night,Night,Thursday
A-7442137,Source1,4,2019-02-07 06:47:13,2019-02-07 07:16:53,41.66065,-87.51753000000002,41.6549,-87.51549,0.411,Closed at IN-912/Cline Ave/Exit 3 - Road closed due to accident.,I-90 E,Hammond,Lake,IN,46320,US,US/Central,KIGQ,2019-02-07 06:55:00,35.8,30.1,100.0,29.8,10.0,East,6.9,,Light Drizzle,False,False,False,False,False,False,False,False,False,False,False,False,False,Night,Day,Day,Day,Thursday
A-7726747,Source1,4,2019-05-23 16:51:00,2019-05-23 17:20:03,39.282955,-85.149846,39.280332,-85.103881,2.465,Closed at I-74 - Road closed due to accident.,I-74 E,Batesville,Ripley,IN,47006,US,US/Eastern,KCVG,2019-05-23 16:52:00,76.0,76.0,74.0,29.11,9.0,SSW,14.0,0.19,Light Rain with Thunder,False,False,False,False,False,False,False,False,False,False,False,False,False,Day,Day,Day,Day,Thursday
A-7557680,Source1,2,2018-07-07 07:17:19,2018-07-07 13:17:19,40.918451,-85.324268,40.911734,-85.32980699999997,0.547,At US-224/Exit 86 - Accident.,I-69 S,Roanoke,Allen,IN,46783,US,US/Eastern,KFWA,2018-07-07 06:54:00,55.9,,77.0,30.36,10.0,NNE,3.5,,Clear,False,False,False,False,False,False,False,False,False,False,False,False,False,Day,Day,Day,Day,Saturday
A-3459880,Source1,4,2017-01-17 04:22:01,2017-01-17 10:22:01,41.68042,-86.90349499999998,41.68744,-86.864796,2.055,Closed between Ohio St and Roeske Ave - Road closed due to accident., Ohio St,Michigan City,La Porte,IN,46360-7741,US,US/Central,KMGC,2017-01-17 04:15:00,50.0,,100.0,29.73,10.0,South,6.9,,Light Drizzle,False,False,False,False,False,False,False,False,False,False,False,True,False,Night,Night,Night,Night,Tuesday
A-542603,Source2,1,2022-08-09 06:48:45,2022-08-09 07:18:24,39.828468,-86.156883,,,0.0,Crash on 40th St at Meridian St.,E 40th St,Indianapolis,Marion,IN,46205-2625,US,US/Eastern,KEYE,2022-08-09 06:53:00,68.0,68.0,96.0,29.15,3.0,ENE,7.0,0.38,Heavy T-Storm,False,False,True,False,False,False,False,False,False,False,False,True,False,Night,Day,Day,Day,Tuesday
A-7584824,Source1,3,2018-05-21 12:15:55,2018-05-21 18:15:55,41.68047,-86.91332,41.68062000000001,-86.9324,0.985,At County Line Rd - Accident., N 1100 W,Michigan City,LaPorte,IN,46360-9439,US,US/Central,KMGC,2018-05-21 12:55:00,60.8,,94.0,30.1,10.0,SSE,9.2,,Drizzle,False,False,False,False,False,False,False,False,False,False,False,True,False,Day,Day,Day,Day,Monday
A-2500261,Source2,3,2018-10-05 14:28:32,2018-10-05 14:57:52,39.766941,-86.142792,,,0.0,Left lane blocked due to accident on I-65 Southbound at Washington St.,I-70 E,Indianapolis,Marion,IN,46202,US,US/Eastern,KEYE,2018-10-05 14:28:00,70.0,,93.0,30.02,8.0,Calm,,0.11,Light Thunderstorms and Rain,False,False,False,False,False,False,False,False,False,False,False,False,False,Day,Day,Day,Day,Friday
A-3971768,Source1,4,2022-02-16 14:08:21,2022-02-16 15:24:15,40.02640128116595,-85.88140368420656,40.02996128116595,-85.90052368420658,1.041,Incident on IN-38 WB near CUMBERLAND RD Road closed. Take alternate route., IN-38,Noblesville,Hamilton,IN,46060-82ND,US,US/Eastern,KTYQ,2022-02-16 14:15:00,55.0,55.0,58.0,29.0,10.0,SSW,28.0,0.0,Mostly Cloudy / Windy,False,False,False,False,False,False,False,False,False,False,False,False,False,Day,Day,Day,Day,Wednesday
A-4318875,Source1,2,2022-04-09 15:45:54,2022-04-09 17:01:33,39.79832768421269,-86.11140847165056,39.801917684212704,-86.08966847165054,1.18,Incident on I-70 EB near OLNEY ST Expect long delays.,I-70,Indianapolis,Marion,IN,46218,US,US/Eastern,KEYE,2022-04-09 15:53:00,43.0,35.0,53.0,29.02,10.0,WNW,16.0,0.0,Cloudy,False,False,False,False,True,False,False,False,False,False,False,False,False,Day,Day,Day,Day,Saturday
A-7535765,Source1,4,2018-09-14 03:03:22,2018-09-14 03:33:10,41.745476,-85.531697,41.752944,-85.56973,2.027,Closed at IN-13/Exit 107 - Road closed due to accident.,I-80 W,Howe,LaGrange,IN,46746,US,US/Eastern,KIRS,2018-09-14 02:55:00,63.3,,90.0,30.15,0.8,Calm,,,Mist,False,False,False,False,False,False,False,False,False,False,False,False,False,Night,Night,Night,Night,Friday
A-6254459,Source1,2,2021-03-18 03:02:30,2021-03-18 06:01:47,41.58457159976204,-87.2350823875082,41.58819159976203,-87.22695238750822,0.489,Accident on US-6/IN-51/Ripley St/Exit 15 (I-94/I-80) from I-80 &amp; I-94 Junction (East) (I-94/I-80) to I-94 E.,I-80,Lake Station,Lake,IN,46405,US,US/Central,KGYY,2021-03-18 02:55:00,39.0,29.0,93.0,29.21,7.0,NNE,21.0,0.0,Light Drizzle / Windy,False,False,False,False,False,False,False,False,False,False,False,False,False,Night,Night,Night,Night,Thursday
A-545273,Source2,1,2022-08-05 08:40:55,2022-08-05 09:10:47,39.739319,-86.269814,,,0.0,Crash on High School Rd at Minnesota St.,S High School Rd,Indianapolis,Marion,IN,46241,US,US/Eastern,KIND,2022-08-05 08:54:00,76.0,76.0,82.0,29.25,10.0,CALM,0.0,0.0,Partly Cloudy,False,False,False,False,False,False,False,False,False,False,False,False,False,Day,Day,Day,Day,Friday
A-5843071,Source1,4,2021-05-09 10:16:11,2021-05-09 12:31:11,40.480761,-86.855863,40.45592,-86.847719,1.769,Incident on I-65 SB near SWISHER RD Road closed. Take alternate route.,I-65 S,West Lafayette,Tippecanoe,IN,47906,US,US/Eastern,KLAF,2021-05-09 10:21:00,47.0,39.0,80.0,29.03,6.0,ENE,22.0,0.0,Light Rain / Windy,False,False,False,False,False,False,False,False,False,False,False,False,False,Day,Day,Day,Day,Sunday
A-2598282,Source2,2,2018-09-21 18:52:30,2018-09-21 19:22:17,39.695766,-86.13760400000002,,,0.0,Accident on Morgan Dr at Madison Ave.,Madison Ave,Indianapolis,Marion,IN,46227-4151,US,US/Eastern,KIND,2018-09-21 18:54:00,79.0,,54.0,29.98,10.0,WNW,10.4,,Mostly Cloudy,False,False,False,False,False,False,False,False,False,False,False,False,False,Day,Day,Day,Day,Friday
A-3085758,Source2,3,2018-01-25 17:23:48,2018-01-25 18:07:52,39.957352,-86.00739300000002,,,0.0,Very slow traffic and left lane blocked due to accident on I-69 Collector Northbound near Exit 205 IN-37.,I-69 N,Fishers,Hamilton,IN,46038,US,US/Eastern,KMQJ,2018-01-25 17:15:00,41.0,34.3,81.0,30.31,10.0,South,11.5,,Clear,False,False,False,False,False,False,False,False,False,False,False,False,False,Day,Day,Day,Day,Thursday
A-4992349,Source1,2,2022-02-03 09:14:18,2022-02-03 10:31:21,40.876479,-87.195536,40.809275,-87.15411800000003,5.122999999999998,Incident on I-65 SB near IN-16 Right lane blocked. Expect delays.,I-65 S,Rensselaer,Jasper,IN,47978,US,US/Central,KRZL,2022-02-03 09:15:00,19.0,4.0,80.0,29.62,4.0,NNE,20.0,0.0,Haze,False,False,False,False,False,False,False,False,False,False,False,False,False,Day,Day,Day,Day,Thursday
A-4415353,Source1,2,2022-04-16 00:45:24,2022-04-16 02:01:34,38.30038905125475,-85.7531726356232,38.29459905125475,-85.7571626356232,0.455,Incident on I-65 SB near EERN BLVD Expect long delays.,I-65,Clarksville,Clark,IN,47129,US,US/Eastern,KLOU,2022-04-16 00:53:00,55.0,55.0,80.0,29.48,4.0,SSW,18.0,0.11,Heavy Rain,False,False,False,False,True,False,False,False,False,False,False,False,False,Night,Night,Night,Night,Saturday
A-6539185,Source1,4,2021-01-31 02:21:00,2021-01-31 08:53:29,39.990065,-86.927627,39.989482,-86.927938,0.044,Incident on IN-47 SB near W 500 Road closed. Take alternate route., S State Road 47,Crawfordsville,Montgomery,IN,47933-8237,US,US/Eastern,KLAF,2021-01-31 02:21:00,36.0,27.0,93.0,29.08,7.0,E,14.0,0.01,Wintry Mix,False,False,False,False,False,False,False,False,False,False,False,False,False,Night,Night,Night,Night,Sunday
A-741094,Source2,3,2022-01-20 10:33:31,2022-01-20 11:01:56,39.856491,-85.052658,,,0.0,Left lane blocked due to accident on I-70 Westbound after Exit 145 Centerville Rd.,I-70,Greens Fork,Wayne,IN,47345,US,US/Eastern,KMIE,2022-01-20 10:22:00,20.0,10.0,74.0,29.44,6.0,NW,8.0,0.0,Haze,False,False,False,False,False,False,False,False,False,False,False,False,False,Day,Day,Day,Day,Thursday
A-3581820,Source1,2,2017-03-20 16:06:54,2017-03-20 22:06:54,40.04412,-86.48698,40.07025,-86.49698000000002,1.881,Between IN-32/Exit 140 and US-42/Exit 141 - Accident.,US-52 W,Lebanon,Boone,IN,46052,US,US/Eastern,KTYQ,2017-03-20 16:15:00,44.8,42.4,90.0,29.96,7.0,South,4.6,0.03,Thunderstorms and Rain,False,False,False,False,True,False,False,False,False,False,False,False,False,Day,Day,Day,Day,Monday
A-7500498,Source1,4,2018-11-12 23:39:38,2018-11-13 00:09:10,38.344649,-85.715863,38.345787,-85.720062,0.241,Closed at End Freeway - Road closed due to accident.,I-265 W,Jeffersonville,Clark,IN,47130,US,US/Eastern,KLOU,2018-11-12 23:31:00,39.9,35.1,79.0,30.19,6.0,North,6.9,,Haze,False,False,False,False,False,False,False,False,False,False,False,False,False,Night,Night,Night,Night,Monday
A-1114430,Source2,4,2021-03-18 10:55:03,2021-03-18 14:04:55,39.613804,-86.47910300000002,,,11.289999961853027,One lane blocked due to accident on I-70 Westbound from Exit 66 IN-267 to Exit 59 IN-39.,I-70 W,Mooresville,Hendricks,IN,46158,US,US/Eastern,KIND,2021-03-18 10:54:00,43.0,33.0,93.0,28.8,6.0,NE,25.0,0.42,Light Rain / Windy,False,False,False,False,False,False,False,False,False,False,False,False,False,Day,Day,Day,Day,Thursday
A-4094245,Source1,4,2023-01-17 19:13:25,2023-01-17 20:31:33.000000,41.604026,-87.174139,41.602202,-87.17411899999998,0.126,Incident on IN-249 SB near I-94 Road closed. Take alternate route.,Crisman Rd,Portage,Porter,IN,46368,US,US/Central,KGYY,2023-01-17 18:45:00,39.0,29.0,75.0,29.15,10.0,WSW,23.0,0.0,Cloudy / Windy,False,False,False,False,False,False,False,False,False,False,False,False,False,Night,Night,Night,Night,Tuesday
A-574232,Source2,1,2022-07-06 07:24:59,2022-07-06 08:25:13,39.773972,-86.152412,,,0.0,Crash on Alabama St at Michigan St.,N Alabama St,Indianapolis,Marion,IN,46204,US,US/Eastern,KIND,2022-07-06 06:54:00,81.0,81.0,82.0,29.05,10.0,WSW,7.0,0.0,Mostly Cloudy,False,False,True,False,False,False,False,False,False,False,False,True,False,Day,Day,Day,Day,Wednesday
A-3050488,Source2,3,2018-01-07 19:07:53,2018-01-07 19:37:05,41.312759,-87.301636,,,0.0,Right lane closed due to accident on I-65 Southbound near SR-2.,I-65 S,Lowell,Lake,IN,46356,US,US/Central,KIGQ,2018-01-07 19:15:00,32.0,21.6,74.0,29.99,10.0,SSW,15.0,,Light Drizzle,False,False,False,False,False,False,False,False,False,False,False,False,False,Night,Night,Night,Night,Sunday
A-7470692,Source1,2,2019-01-28 08:39:05,2019-01-28 09:08:54,39.75328,-86.15065,39.75326,-86.15026,0.021,At I-70/Exit 80 - Accident. Left lane blocked.,I-70 E,Indianapolis,Marion,IN,46225,US,US/Eastern,KIND,2019-01-28 08:54:00,32.0,22.1,75.0,29.73,9.0,SSE,13.8,0.0,Light Ice Pellets,False,False,False,False,True,False,False,False,False,False,False,False,False,Day,Day,Day,Day,Monday
A-1352050,Source2,3,2020-10-22 07:29:20,2020-10-22 08:02:00,39.730103,-86.264252,,,0.0,Two lanes blocked due to accident on I-465 Northbound at Exit 11 Sam Jones Expwy.,I-465 N,Indianapolis,Marion,IN,46241,US,US/Eastern,KIND,2020-10-22 07:54:00,56.0,56.0,100.0,29.27,5.0,ESE,5.0,0.0,Mist,False,False,False,False,False,False,False,False,False,False,False,False,False,Night,Night,Day,Day,Thursday
A-6835787,Source1,2,2020-10-23 11:53:02,2020-10-23 13:38:02,41.413725,-87.321342,41.440815,-87.321412,1.872,Incident on I-65 NB near 113TH AVE Expect long delays.,I-65 N,Crown Point,Lake,IN,46307,US,US/Central,KIGQ,2020-10-23 11:55:00,51.0,51.0,100.0,29.29,7.0,CALM,0.0,0.03,Heavy Rain,False,False,False,False,True,False,False,False,False,False,False,False,False,Day,Day,Day,Day,Friday
A-7423833,Source1,2,2019-03-07 07:13:29,2019-03-07 07:43:09,39.94071,-86.61491,39.94369,-86.62281,0.466,At IN-75/Exit 52 - Accident.,I-74 W,Jamestown,Boone,IN,46147,US,US/Eastern,KEYE,2019-03-07 06:53:00,25.0,16.3,66.0,30.37,10.0,NW,8.1,,Clear,False,False,False,False,False,False,False,False,False,False,False,False,False,Day,Day,Day,Day,Thursday
A-3718951,Source1,2,2022-02-03 12:48:39,2022-02-03 14:48:39,39.556134,-86.683047,39.532828,-86.79651899999998,6.2570000000000014,Incident on I-70 WB near S 650 Road closed. Take alternate route.,I-70 W,Cloverdale,Putnam,IN,46120,US,US/Eastern,KBMG,2022-02-03 12:53:00,23.0,10.0,85.0,29.24,0.5,NNE,15.0,0.04,Snow,False,False,False,False,False,False,False,False,False,False,False,False,False,Day,Day,Day,Day,Thursday
A-1638898,Source2,3,2020-02-10 14:52:02,2020-02-10 15:19:52,38.27787,-85.74939,,,0.0,Two right lane blocked due to accident on I-65 Southbound at Exit 1 10th St.,I-65 N,Jeffersonville,Clark,IN,47130,US,US/Eastern,KLOU,2020-02-10 14:53:00,44.0,40.0,93.0,29.44,2.0,NNW,7.0,0.0,Fog,False,False,False,False,False,False,False,False,False,False,False,False,False,Day,Day,Day,Day,Monday
A-3577394,Source1,4,2017-03-07 14:15:01,2017-03-07 20:15:01,38.681179,-85.91629499999998,38.68499,-85.794314,6.584,Between IN-39/E Old IN-56 and County Road 100 W - Accident., E State Road 56,Scottsburg,Washington,IN,47170,US,US/Eastern,KLOU,2017-03-07 14:23:00,55.0,,89.0,29.98,1.8,West,13.8,0.03,Rain,False,False,False,False,False,False,False,False,False,False,False,False,False,Day,Day,Day,Day,Tuesday
A-2296002,Source2,2,2019-02-20 08:47:44,2019-02-20 09:26:00,40.93766,-85.16745,,,0.0,Accident on IN-1 Bluffton Rd at Pleasant Ridge Dr.,Bluffton Rd,Fort Wayne,Allen,IN,46819-9523,US,US/Eastern,KFWA,2019-02-20 08:54:00,28.9,15.1,92.0,30.03,1.0,East,23.0,0.02,Light Freezing Drizzle,False,False,False,False,False,False,False,False,False,True,False,False,False,Day,Day,Day,Day,Wednesday
A-6985825,Source1,1,2020-05-28 09:27:00,2020-05-28 09:42:00,39.98954000000001,-85.93047,39.98417,-85.94236,0.731,At IN-37/Exit 5 - Earlier accident.,I-69 S,Noblesville,Hamilton,IN,46060,US,US/Eastern,KTYQ,2020-05-28 09:35:00,65.0,65.0,100.0,28.96,10.0,SW,3.0,0.02,Rain,False,False,False,False,False,False,False,False,False,False,False,False,False,Day,Day,Day,Day,Thursday
A-3235128,Source2,3,2017-10-10 08:22:42,2017-10-10 08:52:29,39.872059,-84.888374,,,0.0,Accident on I-70 Eastbound at Exits 151 151A US-27 Chester Blvd.,Chester Blvd,Richmond,Wayne,IN,47374,US,US/Eastern,KVES,2017-10-10 08:15:00,55.4,,100.0,30.15,0.2,Calm,,,Fog,False,False,False,False,False,False,False,False,False,False,False,False,False,Day,Day,Day,Day,Tuesday
