ID,Source,Severity,Start_Time,End_Time,Start_Lat,Start_Lng,End_Lat,End_Lng,Distance(mi),Description,Street,City,County,State,Zipcode,Country,Timezone,Airport_Code,Weather_Timestamp,Temperature(F),Wind_Chill(F),Humidity(%),Pressure(in),Visibility(mi),Wind_Direction,Wind_Speed(mph),Precipitation(in),Weather_Condition,Amenity,Bump,Crossing,Give_Way,Junction,No_Exit,Railway,Roundabout,Station,Stop,Traffic_Calming,Traffic_Signal,Turning_Loop,Sunrise_Sunset,Civil_Twilight,Nautical_Twilight,Astronomical_Twilight,Day_Of_Week
A-729837,Source2,3,2022-01-29 16:18:57,2022-01-29 16:48:12,41.10376,-73.71476,,,0.0,Left lane blocked due to accident on I-684 Northbound after Exit 2 / CR-135.,I-684,Greenwich,Western Connecticut,CT,06831,US,US/Eastern,KHPN,2022-01-29 15:56:00,16.0,-2.0,47.0,29.08,10.0,NW,22.0,0.0,Blowing Snow / Windy,False,False,False,False,False,False,False,False,False,False,False,False,False,Day,Day,Day,Day,Saturday
A-1163666,Source2,2,2021-02-07 12:20:35,2021-02-07 14:05:13,41.608463,-72.430061,,,4.010000228881837,Right lane closed due to accident on CT-2 Westbound from Exit 16 CT-149 Westchester Rd to Exit 15 Main St.,CT-2 W,Marlborough,Hartford,CT,06447,US,US/Eastern,KHFD,2021-02-07 11:53:00,27.0,19.0,89.0,29.96,0.25,N,8.0,0.03,Heavy Snow,False,False,False,False,False,False,False,False,False,False,False,False,False,Day,Day,Day,Day,Sunday
A-1813226,Source2,3,2019-11-12 16:11:09,2019-11-12 16:40:45,41.817707,-72.666023,,,2.2799999713897705,Left lane blocked due to accident on I-91 Southbound between Exit 36 CT-178 and Exits 35A 35A-35B 35B I-291 Exits 1 2A 2B.,I-91 S,Windsor,Hartford,CT,06095,US,US/Eastern,KBDL,2019-11-12 15:51:00,30.0,17.0,54.0,29.74,10.0,NW,23.0,0.0,Mostly Cloudy / Windy,False,False,False,False,False,False,False,False,False,False,False,False,False,Day,Day,Day,Day,Tuesday
A-7188392,Source1,4,2020-04-21 15:05:09,2020-04-21 15:20:09,41.04109,-73.57825,41.02577,-73.60935,1.936,At Indian Field Rd/Exit 4 - Accident. Center lane blocked. Two lanes blocked.,I-95 S,Riverside,Fairfield,CT,06878,US,US/Eastern,KHPN,2020-04-21 14:56:00,45.0,38.0,82.0,28.96,3.0,WNW,15.0,0.11,Light Rain with Thunder,False,False,False,False,False,False,False,False,False,False,False,False,False,Day,Day,Day,Day,Tuesday
A-3780090,Source1,2,2022-06-01 22:35:00,2022-06-01 23:11:00,41.068094,-73.501727,41.060731,-73.51065600000003,0.6890000000000001,Stationary traffic on I-95 S - Governor John Davis Lodge Tpke from Noroton Ave/Exit 10 (I-95) to US-1/Exit 9 (I-95) due to accident.,Governor John Davis Lodge Tpke,Darien,Fairfield,CT,06820,US,US/Eastern,KHPN,2022-06-01 22:56:00,60.0,60.0,96.0,29.39,2.0,SSE,6.0,0.3,Light Rain with Thunder,False,False,False,False,False,False,False,False,False,False,False,False,False,Night,Night,Night,Night,Wednesday
A-3259637,Source2,3,2017-10-21 13:22:38,2017-10-21 14:07:10,41.766289,-72.68647,,,0.0,Queueing traffic and 2 left lane closed due to accident on I-84 Westbound before Exits 48 48A-48B Broad St.,US-6 E,Hartford,Hartford,CT,06105,US,US/Eastern,KHFD,2017-10-21 12:53:00,73.9,,35.0,30.29,10.0,Calm,,,Clear,False,False,True,False,True,False,False,False,False,False,False,False,False,Day,Day,Day,Day,Saturday
A-730683,Source2,3,2022-01-28 16:27:15,2022-01-28 16:55:38,41.190281,-73.133606,,,0.0,Two lanes blocked due to accident on I-95 Governor John Davis Lodge Tpke Southbound at exit 32.,W Broad St,Stratford,Fairfield,CT,06615-6359,US,US/Eastern,KBDR,2022-01-28 16:41:00,31.0,23.0,79.0,30.07,2.0,ENE,8.0,0.0,Light Snow,False,False,False,False,False,False,False,False,False,False,False,False,False,Day,Day,Day,Day,Friday
A-6107794,Source1,2,2021-07-08 15:16:21,2021-07-08 17:50:42.000000000,41.09427,-73.445808,41.086232,-73.458849,0.877,Stationary traffic on I-95 S - Governor John Davis Lodge Tpke from US-1/Connecticut Ave/Exit 14 (I-95) to US-1/Post Rd/Exit 13 (I-95) due to accident.,Governor John Davis Lodge Tpke,Norwalk,Fairfield,CT,06854,US,US/Eastern,KHPN,2021-07-08 15:11:00,70.0,70.0,97.0,29.54,0.5,SSW,8.0,0.09,Light Rain with Thunder,False,False,False,False,False,False,False,False,False,False,False,False,False,Day,Day,Day,Day,Thursday
A-6833372,Source1,4,2020-09-11 19:19:51,2020-09-11 22:28:46,41.589866,-73.25439300000002,41.596132,-73.25858000000002,0.484,Incident on STATE RTE-47 NB near OTHER RD Road closed. Take alternate route., Washington Rd,Woodbury,Litchfield,CT,06798-1522,US,US/Eastern,KOXC,2020-09-11 18:51:00,66.0,66.0,73.0,29.44,10.0,NW,6.0,0.0,Partly Cloudy,False,False,False,False,False,False,False,False,False,False,False,False,False,Night,Day,Day,Day,Friday
A-5434592,Source1,2,2022-07-18 09:02:00,2022-07-18 11:02:00.000000,41.04444,-73.558431,41.049518,-73.53659,1.1909999999999998,ConnDOT: I-95 Northbound is congested between Exits 4 and 7 (3.4 miles) because of Crash (2 Vehicle) between Exits 6 and 7. The left lane is closed. Reported Monday July 18 at 9:17 am.,I-95 N,Stamford,Fairfield,CT,06902,US,US/Eastern,KHPN,2022-07-18 09:02:00,72.0,72.0,100.0,29.5,5.0,CALM,0.0,0.0,Light Rain with Thunder,False,False,False,False,False,False,False,False,False,False,False,False,False,Day,Day,Day,Day,Monday
A-6406591,Source1,2,2021-02-01 16:12:43,2021-02-01 18:46:52,41.517343,-72.803865,41.514304,-72.805502,0.226,Incident on S BROAD ST near HOUSE 192 Expect long delays., S Broad St,Meriden,New Haven,CT,06450-6524,US,US/Eastern,KMMK,2021-02-01 16:23:00,27.0,14.0,85.0,29.71,0.25,N,17.0,0.02,Heavy Snow,False,False,False,False,False,False,False,False,False,False,False,False,False,Day,Day,Day,Day,Monday
A-6707742,Source1,2,2020-09-30 05:14:00,2020-09-30 06:10:00,41.235369,-73.045424,41.234619,-73.067554,1.151,Slow traffic on I-95 from US-1/Exit 39 (I-95) to Milford Pkwy/Exit 38 (I-95) due to accident.,Governor John Davis Lodge Tpke,Milford,South Central Connecticut,CT,06460,US,US/Eastern,KBDR,2020-09-30 05:20:00,69.0,69.0,93.0,29.45,1.0,SW,17.0,0.03,Heavy Rain,False,False,False,False,False,False,False,False,False,False,False,False,False,Night,Night,Night,Night,Wednesday
A-1143070,Source2,3,2021-02-22 13:21:47,2021-02-22 14:51:24,41.004086,-73.65007800000002,,,0.0,Two lanes blocked due to accident on I-95 Governor John Davis Lodge Tpke Southbound at Exit 2 Delavan Ave.,I-95 S,Greenwich,Fairfield,CT,06830,US,US/Eastern,KHPN,2021-02-22 13:23:00,32.0,26.0,96.0,29.44,0.25,SE,7.0,0.05,Snow,False,False,False,False,False,False,False,False,False,False,False,False,False,Day,Day,Day,Day,Monday
A-4627199,Source1,2,2022-04-19 17:00:25,2022-04-19 19:06:42,41.166340112489856,-73.20882439578433,41.167790112489854,-73.20088439578431,0.425,ConnDOT: Crash (2 Vehicle) on I-95 Northbound between Exits 26 and 27. The right lane is closed. Reported Tuesday April 19 at 4:57 pm.,Governor John Davis Lodge Tpke,Bridgeport,Greater Bridgeport,CT,06605,US,US/Eastern,KBDR,2022-04-19 16:52:00,48.0,41.0,44.0,29.79,10.0,W,21.0,0.0,Cloudy / Windy,False,False,False,False,False,False,False,False,False,False,False,False,False,Day,Day,Day,Day,Tuesday
A-7627456,Source1,2,2018-01-04 07:19:45,2018-01-04 13:19:45,41.76981,-72.67318,41.77106,-72.67819,0.272,At US-44/Main St/Exit 50 - Accident.,US-6 W,Hartford,Hartford,CT,06103,US,US/Eastern,KHFD,2018-01-04 07:08:00,19.9,7.3,89.0,29.64,0.5,North,12.7,0.0,Snow,False,False,True,False,False,False,False,False,False,False,False,False,False,Day,Day,Day,Day,Thursday
A-7641967,Source1,2,2017-12-01 17:22:08,2017-12-01 23:22:08,41.01927,-73.62923,41.02794,-73.60242,1.52,Between Arch St/Exit 3 and Indian Field Rd/Exit 4 - Accident. Right lane blocked.,I-95 N,Greenwich,Fairfield,CT,06830,US,US/Eastern,KHPN,2017-12-01 16:56:00,45.0,41.8,58.0,30.22,10.0,North,5.8,,Scattered Clouds,False,False,False,False,False,False,False,False,False,False,False,False,False,Night,Night,Day,Day,Friday
A-3495963,Source1,2,2016-09-02 19:52:58,2016-09-03 01:52:58,41.77097,-72.67856,41.76962,-72.67434,0.237,At US-44/Main St/Exit 50 - Accident.,US-6 E,Hartford,Hartford,CT,06103,US,US/Eastern,KHFD,2016-09-02 19:53:00,73.0,,61.0,30.1,10.0,Calm,,,Mostly Cloudy,False,False,False,False,False,False,False,False,False,False,False,False,False,Night,Night,Day,Day,Friday
A-4358852,Source1,4,2022-10-16 03:27:02,2022-10-16 04:49:09.000000000,41.918219,-72.617275,41.927868,-72.609003,0.7909999999999999,I-91 Northbound CLOSED between Exits 44 and 45 because of Crash (3 Vehicle). Reported Sunday October 16 at 3:30 am.,I-91 N,East Windsor,Hartford,CT,06088,US,US/Eastern,KBDL,2022-10-16 03:51:00,45.0,45.0,93.0,29.77,10.0,CALM,0.0,0.0,Shallow Fog,False,False,False,False,True,False,False,False,False,False,False,False,False,Night,Night,Night,Night,Sunday
A-1822307,Source2,3,2019-11-15 13:33:56,2019-11-15 14:33:37,41.019844,-73.625801,,,0.0,Accident on I-95 Governor John Davis Lodge Tpke Southbound at Exit 3 Arch St.,I-95 S,Greenwich,Fairfield,CT,06830,US,US/Eastern,KHPN,2019-11-15 13:56:00,50.0,50.0,31.0,29.63,10.0,W,10.0,0.0,Fair,False,False,False,False,False,False,False,False,False,False,False,False,False,Day,Day,Day,Day,Friday
A-5036447,Source1,2,2022-07-24 10:45:07,2022-07-24 19:32:19,41.370216,-72.17222,41.360974,-72.209748,2.048,Stationary traffic on I-95 S - Governor John Davis Lodge Tpke S from Cross Rd/Exit 81 (I-95) to CT-161/Exit 74 (I-95) due to accident.,I-95,Waterford,Southeastern Connecticut,CT,06385,US,US/Eastern,KGON,2022-07-24 10:56:00,86.0,86.0,67.0,29.99,4.0,SSW,7.0,0.0,Haze,False,False,False,False,False,False,False,False,False,False,False,False,False,Day,Day,Day,Day,Sunday
A-3630837,Source1,2,2017-06-19 20:15:20,2017-06-20 02:15:20,41.28351,-72.95098,41.28354,-72.9368,0.736,Between CT-122/1st Ave/Exit 43 and CT-10/Kimberly Ave/Exit 44 - Accident.,I-95 N,West Haven,New Haven,CT,06516,US,US/Eastern,KHVN,2017-06-19 19:53:00,71.6,,94.0,29.85,3.0,North,,,Thunderstorms and Rain,False,False,False,False,False,False,False,False,False,False,False,False,False,Day,Day,Day,Day,Monday
A-6751674,Source1,4,2020-12-17 11:26:03,2020-12-17 13:37:23,41.195928,-73.12473299999998,41.196299,-73.122783,0.105,Incident on I-95 NB near EXIT 32 Road closed. Take alternate route.,Governor John Davis Lodge Tpke,Stratford,Fairfield,CT,06615,US,US/Eastern,KBDR,2020-12-17 11:14:00,28.0,15.0,72.0,29.85,2.0,N,20.0,0.0,Haze,False,False,False,False,False,False,False,False,False,False,False,False,False,Day,Day,Day,Day,Thursday
A-1683150,Source2,3,2019-12-30 13:40:06,2019-12-30 14:09:47,41.851475,-72.664429,,,0.0,Right lane closed due to accident on I-91 Southbound at Exit 37 CT-305 Bloomfield Ave.,I-91 N,Windsor,Hartford,CT,06095,US,US/Eastern,KBDL,2019-12-30 13:33:00,35.0,28.0,92.0,29.71,3.0,NE,9.0,0.02,Wintry Mix,False,False,False,False,False,False,False,False,False,False,False,False,False,Day,Day,Day,Day,Monday
A-1171340,Source2,3,2021-02-01 12:25:18,2021-02-01 13:11:14,41.737751,-72.662849,,,0.0,Right lane closed due to accident on I-91 Northbound at exit 27.,CT-15 N,Hartford,Hartford,CT,06114,US,US/Eastern,KHFD,2021-02-01 12:53:00,25.0,12.0,85.0,29.94,0.25,N,16.0,0.01,Heavy Snow,False,False,False,False,True,False,False,False,False,False,False,False,False,Day,Day,Day,Day,Monday
A-3602726,Source1,4,2017-04-25 20:53:02,2017-04-26 02:53:02,41.47344,-72.55846,41.45518,-72.52702,2.06,Closed between CT-81/Exit 9 and Beaver Meadow Rd/Exit 8 - Road closed due to accident.,CT-9 S,Higganum,Middlesex,CT,06441,US,US/Eastern,KSNC,2017-04-25 20:55:00,50.0,,100.0,30.0,3.0,ENE,9.2,,Light Drizzle,False,False,False,False,False,False,False,False,False,False,False,False,False,Night,Night,Night,Day,Tuesday
A-372362,Source2,3,2017-02-28 20:42:58,2017-02-28 21:26:52,41.283504,-72.870209,,,0.01,Right lane blocked due to accident vehicle fire involved on I-95 Southbound before Exit 52 CT-100 High St.,Governor John Davis Lodge Tpke S,East Haven,New Haven,CT,06512,US,US/Eastern,KHVN,2017-02-28 20:51:00,44.6,38.8,100.0,30.14,0.8,ESE,11.5,,Mist,False,False,False,False,False,False,False,False,False,False,False,False,False,Night,Night,Night,Night,Tuesday
A-4396310,Source1,2,2022-11-15 20:34:14,2022-11-15 22:56:29.000000000,41.877161,-73.25044100000002,41.881508,-73.25229499999998,0.315,Incident on STATE RTE-63 NB near OTHER RD Road closed. Take alternate route., North St,Goshen,Litchfield,CT,06756-1013,US,US/Eastern,KOXC,2022-11-15 20:33:00,32.0,25.0,93.0,29.53,3.0,NNE,8.0,0.04,Wintry Mix,False,False,False,False,False,False,False,False,False,False,False,False,False,Night,Night,Night,Night,Tuesday
A-7361412,Source1,4,2019-10-30 07:21:00,2019-10-30 07:49:30,41.17902,-73.18119,41.17565,-73.16906,0.672,Closed between E Main St/Exit 28 and Stratford Ave/Exit 29 - Road closed due to accident. Broken down vehicle., E Main St,Bridgeport,Fairfield,CT,06608-2716,US,US/Eastern,KBDR,2019-10-30 07:13:00,58.0,58.0,97.0,30.27,6.0,N,6.0,0.01,Cloudy,False,False,False,False,False,False,False,False,False,False,False,False,False,Day,Day,Day,Day,Wednesday
A-2975288,Source2,3,2018-03-29 16:06:44,2018-03-29 16:51:03,41.026848,-73.605675,,,2.890000104904175,Left lane closed due to accident on I-95 Southbound from Exit 5 US-1 Putnam Ave to Exit 4 Indian Field Rd.,I-95 S,Greenwich,Fairfield,CT,06830,US,US/Eastern,KHPN,2018-03-29 15:56:00,46.9,,97.0,29.95,0.8,ESE,9.2,,Mist,False,False,False,False,False,False,False,False,False,False,False,False,False,Day,Day,Day,Day,Thursday
A-6759303,Source1,2,2020-11-23 16:03:00,2020-11-23 17:48:00,41.298154,-72.90321999999998,41.301835,-72.909516,0.414,Motor Vehicle Accident (1 Vehicle) on I-95 Southbound between Exits 51 and 47. The left lane is closed. Reported Monday November 23 at 8:03 am.,Governor John Davis Lodge Tpke S,New Haven,New Haven,CT,06512-1610,US,US/Eastern,KHVN,2020-11-23 15:53:00,48.0,41.0,50.0,29.95,10.0,NNW,21.0,0.0,Fair / Windy,False,False,False,False,False,False,False,False,False,False,False,False,False,Day,Day,Day,Day,Monday
A-195417,Source2,3,2016-12-08 07:26:01,2016-12-08 07:55:35,41.889034,-72.652298,,,0.01,Accident on I-91 Southbound at Exit 39&amp;41 Kennedy Rd.,I-91 S,Windsor,Hartford,CT,06095,US,US/Eastern,KBDL,2016-12-08 07:28:00,28.9,,96.0,29.94,0.5,Calm,,,Light Freezing Fog,False,False,False,False,False,False,False,False,False,False,False,False,False,Day,Day,Day,Day,Thursday
A-7143417,Source1,4,2020-03-29 20:10:35,2020-03-29 20:55:35,41.66075,-72.51904,41.67545,-72.53909,1.45,Closed between West Rd/Exit 12 and CT-83/Exit 10 - Road closed due to accident.,CT-2 W,South Glastonbury,Hartford,CT,06073,US,US/Eastern,KHFD,2020-03-29 20:16:00,46.0,43.0,89.0,29.91,6.0,NNE,6.0,0.0,T-Storm,False,False,False,False,True,False,False,False,False,False,False,False,False,Night,Night,Day,Day,Sunday
A-7629950,Source1,4,2018-01-09 08:45:41,2018-01-09 14:45:41,41.7164,-72.2321,41.71391,-72.22488,0.41,Closed between CT-66 and Mansfield Ave - Road closed due to accident., Main St,Willimantic,Windham,CT,06226-1904,US,US/Eastern,KIJD,2018-01-09 08:52:00,33.1,28.7,75.0,30.07,10.0,Variable,4.6,,Mostly Cloudy,False,False,True,False,False,False,False,False,False,False,False,True,False,Day,Day,Day,Day,Tuesday
A-2222414,Source2,2,2019-03-16 14:54:25,2019-03-16 18:01:56,41.527134,-72.769836,,,0.0,Lane blocked due to accident on CT-15 Northbound at Exits 67 67S 67W 68N-E I-91.,CT-15 N,Meriden,New Haven,CT,06450,US,US/Eastern,KMMK,2019-03-16 14:53:00,48.9,,29.0,29.92,10.0,NNW,18.4,,Overcast,False,False,False,False,False,False,False,False,False,False,False,False,False,Day,Day,Day,Day,Saturday
A-5123062,Source1,2,2022-04-16 17:46:54,2022-04-16 19:35:36.000000000,41.499342,-72.7765,41.498898,-72.77669200000003,0.032,Incident on MURDOCK AVE near HOUSE 851 Expect delays., Murdock Ave,Meriden,New Haven,CT,06450-7088,US,US/Eastern,KMMK,2022-04-16 17:53:00,60.0,60.0,62.0,29.65,10.0,S,9.0,0.0,Partly Cloudy,False,False,False,False,False,False,False,False,False,False,False,False,False,Day,Day,Day,Day,Saturday
A-5924135,Source1,2,2021-05-10 00:09:21,2021-05-10 02:09:28,41.42499089221274,-72.82211422885504,41.42160089221274,-72.82630422885502,0.319,Incident on I-91 SB near EXIT 14 Left lane blocked.,I-91,Wallingford,South Central Connecticut,CT,06492,US,US/Eastern,KMMK,2021-05-10 00:46:00,46.0,46.0,93.0,29.74,5.0,ENE,3.0,0.11,Rain,False,False,False,False,True,False,False,False,False,False,False,False,False,Night,Night,Night,Night,Monday
A-2901658,Source2,2,2018-04-23 16:41:27,2018-04-23 17:11:27,41.816463,-72.696152,,,0.0,Accident on CT-218 Cottage Grove Rd at Douglas St.,Cottage Grove Rd,Bloomfield,Hartford,CT,06002-3624,US,US/Eastern,KHFD,2018-04-23 16:53:00,64.9,,23.0,30.4,10.0,South,11.5,,Clear,False,False,False,False,False,False,False,False,False,False,False,False,False,Day,Day,Day,Day,Monday
A-6603459,Source1,2,2020-12-16 23:17:00,2020-12-17 01:02:00,41.142114,-73.275257,41.142824,-73.269037,0.327,Motor Vehicle Accident (2 Vehicle) on I-95 Northbound between Exits 19 and 21. The right lane is closed. Reported Wednesday December 16 at 3:17 pm.,Governor John Davis Lodge Tpke,Southport,Western Connecticut,CT,06890,US,US/Eastern,KBDR,2020-12-16 23:41:00,27.0,12.0,85.0,29.91,0.5,NE,24.0,0.15,Snow / Windy,False,False,False,False,False,False,False,False,False,False,False,False,False,Night,Night,Night,Night,Wednesday
A-563727,Source2,1,2022-07-18 07:39:44,2022-07-18 08:55:52,41.927731,-72.707382,,,0.0,Crash on Larch Dr at CT-20 Rainbow Rd.,Larch Dr,East Granby,Capitol,CT,06026,US,US/Eastern,KBDL,2022-07-18 07:51:00,73.0,73.0,93.0,29.8,0.75,SE,5.0,0.0,Light Drizzle,False,False,False,False,False,False,False,False,False,False,False,False,False,Day,Day,Day,Day,Monday
A-4789356,Source1,4,2022-01-05 06:49:34,2022-01-05 08:08:05.000000000,41.87392830828728,-72.66242623294514,41.87936830828727,-72.66153623294515,0.379,I-91 Northbound CLOSED between Exits 38 and 39 because of Crash (Vehicle Fire). Reported Wednesday January 5 at 6:50 am.,I-91,Windsor,Capitol,CT,06095,US,US/Eastern,KBDL,2022-01-05 06:47:00,28.0,28.0,80.0,29.88,10.0,CALM,0.0,0.0,Light Freezing Rain,False,False,False,False,True,False,False,False,False,False,False,True,False,Night,Day,Day,Day,Wednesday
A-3737360,Source1,4,2022-03-12 13:39:00,2022-03-12 15:45:28,41.554487943451136,-72.81275868381113,41.566637943451134,-72.80798868381116,0.875,CT-71 is closed from I-691 (Chamberlain Hwy/CT-71) to CT-364/Southington Rd (Chamberlain Hwy/CT-71) due to accident., Kensington Ave,Meriden,South Central Connecticut,CT,06451-2043,US,US/Eastern,KMMK,2022-03-12 13:40:00,31.0,18.0,79.0,29.09,2.0,NW,23.0,0.0,Light Snow / Windy,False,False,False,False,False,False,False,False,False,False,False,True,False,Day,Day,Day,Day,Saturday
A-1025726,Source2,3,2021-05-28 20:08:39,2021-05-28 20:38:11,41.134651,-73.29348,,,10.369999885559082,Right lane blocked due to accident on I-95 Governor John Davis Lodge Tpke Northbound between Exit 16 East Ave and Exit 19 Rennell Dr.,Governor John Davis Lodge Tpke,Southport,Fairfield,CT,06890,US,US/Eastern,KBDR,2021-05-28 19:52:00,53.0,53.0,83.0,29.95,3.0,E,22.0,0.08,Rain / Windy,False,False,False,False,False,False,False,False,False,False,False,False,False,Day,Day,Day,Day,Friday
A-586547,Source2,1,2022-06-22 08:08:27,2022-06-22 08:38:12,41.776798,-72.593239,,,0.0,Crash on Great Hill Rd at Woodlawn Cir.,Woodlawn Cir,East Hartford,Capitol,CT,06108-2839,US,US/Eastern,KHFD,2022-06-22 07:53:00,60.0,60.0,90.0,30.07,7.0,SE,3.0,0.06,Light Rain,False,False,False,False,False,False,False,False,False,False,False,False,False,Day,Day,Day,Day,Wednesday
A-608066,Source2,3,2022-05-28 13:30:36,2022-05-28 14:15:11,41.551861,-73.04316700000003,,,0.9800000190734864,Left hand shoulder blocked due to crash on I-84 Westbound from Exit 23 Mcmahon St to Exit 22 Market Sq.,I-84 W,Waterbury,New Haven,CT,06702,US,US/Eastern,KOXC,2022-05-28 13:21:00,66.0,66.0,94.0,28.94,2.0,VAR,3.0,0.09,T-Storm,False,False,False,False,False,False,False,False,False,False,False,False,False,Day,Day,Day,Day,Saturday
A-1246171,Source2,4,2020-11-30 14:28:59,2020-11-30 16:59:23,41.316963,-72.359245,,,1.4900000095367432,Three lanes blocked due to accident on I-95 Governor John Davis Lodge Tpke Southbound between Exit 70 and Exit 69.,Governor John Davis Lodge Tpke S,Old Saybrook,Middlesex,CT,06475,US,US/Eastern,KSNC,2020-11-30 14:35:00,59.0,59.0,94.0,29.12,0.75,SSE,23.0,0.0,Light Rain / Windy,False,False,False,False,False,False,False,False,False,False,False,False,False,Day,Day,Day,Day,Monday
A-852758,Source2,3,2021-10-26 10:10:43,2021-10-26 10:40:27,41.542145,-72.784279,,,1.7699999809265137,Two lanes blocked due to accident on I-691 Eastbound between Exit 7 Columbia St and Exit 8 US-5 Broad St.,I-691 E,Meriden,New Haven,CT,06450,US,US/Eastern,KMMK,2021-10-26 10:10:00,55.0,55.0,89.0,29.38,3.0,NNE,12.0,0.09,Heavy Rain,False,False,False,False,False,False,False,False,False,False,False,False,False,Day,Day,Day,Day,Tuesday
A-3614973,Source1,4,2017-05-16 10:28:11,2017-05-16 16:28:11,41.656404,-72.867768,41.65827,-72.86684,0.138,Closed at Whiting St - Road closed due to accident., Basswood St,Plainville,Hartford,CT,06062-3106,US,US/Eastern,KMMK,2017-05-16 10:53:00,71.1,,36.0,29.96,10.0,NNW,5.8,,Clear,False,False,False,False,False,False,False,False,False,False,False,False,False,Day,Day,Day,Day,Tuesday
A-4963065,Source1,2,2022-01-29 09:06:30,2022-01-29 17:50:30,41.322743,-72.258488,41.376227,-71.909961,18.451,Slow traffic on US-1 N - Governor John Davis Lodge Tpke N - I-95 N from Lyme St/Exit 70 (I-95) to CT-234/No. Main St/Exit 91 (I-95) due to accident.,Governor John Davis Lodge Tpke N,East Lyme,New London,CT,06333,US,US/Eastern,KGON,2022-01-29 08:56:00,23.0,7.0,88.0,29.51,0.25,N,25.0,0.01,Fog / Windy,False,False,False,False,False,False,False,False,False,False,False,False,False,Day,Day,Day,Day,Saturday
A-5213547,Source1,2,2023-02-03 21:58:59,2023-02-04 00:11:50.000000000,41.765341,-72.65469300000002,41.765318,-72.654211,0.025,ConnDOT: Crash (2 Vehicle) on I-84 Eastbound between Exits 56 and 58. The left lane is closed. Reported Friday February 3 at 9:58 pm.,I-84 E,East Hartford,Hartford,CT,06108,US,US/Eastern,KHFD,2023-02-03 21:53:00,2.0,-21.0,41.0,30.29,10.0,NNW,23.0,0.0,Mostly Cloudy / Windy,False,False,False,False,False,False,False,False,False,False,False,False,False,Night,Night,Night,Night,Friday
A-7640875,Source1,2,2017-11-01 06:22:12,2017-11-01 12:22:12,41.37444,-72.18679,41.36675,-72.20470999999998,1.07,Between Oil Mill Rd/Exit 80 and US-1/Exit 75 - Accident. Left lane blocked.,I-95 S,Waterford,New London,CT,06385,US,US/Eastern,KGON,2017-11-01 05:56:00,37.0,33.3,86.0,30.3,10.0,North,4.6,,Clear,False,False,False,False,False,False,False,False,False,False,False,False,False,Night,Night,Day,Day,Wednesday
A-4969758,Source1,4,2022-07-17 00:27:43,2022-07-17 02:24:44,41.847838,-71.958934,41.849552,-71.958964,0.118,Incident on STATE RTE-169 NB near OTHER RD Road closed. Take alternate route., Youngs Rd,Pomfret Center,Northeastern Connecticut,CT,06259-2227,US,US/Eastern,KIJD,2022-07-17 00:36:00,67.0,67.0,97.0,29.79,10.0,CALM,0.0,0.0,Mostly Cloudy,False,False,False,False,False,False,False,False,False,False,False,False,False,Night,Night,Night,Night,Sunday
A-213849,Source2,3,2016-08-15 13:42:33,2016-08-15 14:12:33,41.294056,-72.488625,,,0.0,Queueing traffic due to accident on I-95 Southbound at Exit 64 CT-145 Horse Hill Rd.,Horse Hill Rd,Westbrook,Middlesex,CT,06498,US,US/Eastern,KSNC,2016-08-15 13:35:00,84.2,,55.0,30.16,10.0,NW,6.9,,Mostly Cloudy,False,False,False,False,False,False,False,False,False,False,False,False,False,Day,Day,Day,Day,Monday
A-6795820,Source1,2,2020-12-21 00:51:00,2020-12-21 02:10:15,41.610771,-72.900284,41.588951,-72.90124399999998,1.508,Motor Vehicle Accident (2 Vehicle) on I-84 Westbound between Exits 31 and 30. The right lane is closed. Reported Sunday December 20 at 4:51 pm.,I-84 W,Southington,Hartford,CT,06489,US,US/Eastern,KMMK,2020-12-21 00:53:00,32.0,32.0,92.0,29.85,0.25,CALM,0.0,0.0,Fog,False,False,False,False,False,False,False,False,False,False,False,False,False,Night,Night,Night,Night,Monday
A-4071742,Source1,4,2022-02-12 08:39:12,2022-02-12 11:06:53,41.37196898440661,-71.98687434162146,41.37095898440661,-71.97695434162145,0.519,I-95 Northbound CLOSED between Exits 89 and 90 because of Crash Bus vs pedestrian. Reported Saturday February 12 at 8:40 am.,I-95,Mystic,Southeastern Connecticut,CT,06355,US,US/Eastern,KGON,2022-02-12 08:56:00,47.0,44.0,71.0,29.89,10.0,WSW,7.0,0.0,Fair,False,False,False,False,True,False,False,False,False,False,False,False,False,Day,Day,Day,Day,Saturday
A-5529742,Source1,2,2021-07-26 20:09:18,2021-07-26 22:45:36,41.42514109591759,-73.06836247409309,41.40090109591759,-73.06827247409309,1.675,Crash (Overturned Motor Vehicle) on RT8 Southbound between Exits 24 and 22. Expect lane closures. Reported Monday July 26 at 8:09 pm.,CT-8,Beacon Falls,Naugatuck Valley,CT,06403,US,US/Eastern,KOXC,2021-07-26 19:51:00,77.0,77.0,76.0,29.14,6.0,CALM,0.0,0.0,Haze,False,False,False,False,False,False,False,False,False,False,False,False,False,Day,Day,Day,Day,Monday
A-7537418,Source1,4,2018-09-18 12:39:57,2018-09-18 13:09:34,41.759812,-72.441036,41.754998,-72.439868,0.338,Closed at Loomis Rd - Road closed due to accident., West St,Bolton,Tolland,CT,06043-7710,US,US/Eastern,KHFD,2018-09-18 12:40:00,70.0,,97.0,29.73,4.0,North,8.1,0.29,Light Thunderstorms and Rain,False,False,False,False,False,False,False,False,False,False,False,False,False,Day,Day,Day,Day,Tuesday
A-7199723,Source1,4,2020-04-27 23:10:14,2020-04-28 00:10:14,41.82748,-72.26649,41.83021,-72.2581,0.471,Closed at Old Turnpike Rd/Daleville Rd - Road closed due to accident., Storrs Rd,Storrs Mansfield,Tolland,CT,06268-1320,US,US/Eastern,KIJD,2020-04-27 22:52:00,39.0,32.0,86.0,29.74,10.0,N,12.0,0.0,Light Rain,False,False,False,False,False,False,False,False,False,False,False,True,False,Night,Night,Night,Night,Monday
A-1683267,Source2,3,2019-12-30 16:20:47,2019-12-30 17:20:23,41.402641,-73.463623,,,2.1199998855590816,Left lane blocked due to accident on I-84 Eastbound between Exit 4 US-202 Lake Ave Ext and Exit 5 Downs St.,I-84 E,Danbury,Fairfield,CT,06811,US,US/Eastern,KDXR,2019-12-30 16:11:00,36.0,27.0,93.0,29.32,2.0,NE,14.0,0.07,Heavy T-Storm,False,False,False,False,False,False,False,False,False,False,False,False,False,Day,Day,Day,Day,Monday
A-1246124,Source2,3,2020-11-30 13:33:00,2020-11-30 15:45:42,41.417984,-73.29044300000002,,,0.0,Left lane blocked due to jackknifed truck on I-84 Westbound at I-84 Exit 10.,Church Hill Rd,Sandy Hook,Fairfield,CT,06482,US,US/Eastern,KOXC,2020-11-30 13:39:00,57.0,57.0,100.0,28.77,2.0,SE,26.0,0.65,Rain / Windy,False,False,False,False,False,False,False,False,False,False,False,False,False,Day,Day,Day,Day,Monday
A-5019492,Source1,2,2022-03-17 10:18:00,2022-03-17 11:34:14,41.42464756945884,-73.3559811111767,41.41726756945884,-73.4028511111767,2.481,ConnDOT: Crash (2 Vehicle) on I-84 Westbound between Exits 10 and 9. The left lane is closed. Reported Thursday March 17 at 10:18 am.,I-84,Newtown,Western Connecticut,CT,06470,US,US/Eastern,KOXC,2022-03-17 09:56:00,46.0,43.0,100.0,29.3,0.5,E,7.0,0.0,Drizzle and Fog,False,False,False,False,False,False,False,False,False,False,False,False,False,Day,Day,Day,Day,Thursday
A-5128009,Source1,2,2022-12-11 21:06:30,2022-12-11 21:27:30.000000000,41.726458,-72.776656,41.731487,-72.753712,1.233,Slow traffic on I-84 E - US-6 E from Exit 39 (I-84) to CT-71/New Britain Ave/Exit 40 (I-84) due to accident.,I-84 E,Farmington,Hartford,CT,06032,US,US/Eastern,KHFD,2022-12-11 21:15:00,28.0,20.0,85.0,30.11,3.0,N,8.0,0.01,Light Snow,False,False,False,False,False,False,False,False,False,False,False,False,False,Night,Night,Night,Night,Sunday
A-6280846,Source1,2,2021-12-11 23:01:00,2021-12-12 01:25:06.000000000,41.16327166537685,-73.23942303622609,41.16738166537685,-73.22909303622609,0.608,ConnDOT: Crash (2 Vehicle) on I-95 Northbound between Exits 24 and 25. The left lane is closed. Reported Saturday December 11 at 11:01 pm.,Governor John Davis Lodge Tpke,Fairfield,Western Connecticut,CT,06824,US,US/Eastern,KBDR,2021-12-11 23:05:00,56.0,56.0,93.0,29.56,4.0,SW,16.0,0.06,Heavy Rain,False,False,False,False,False,False,False,False,False,False,False,False,False,Night,Night,Night,Night,Saturday
A-597214,Source2,1,2022-06-10 08:40:42,2022-06-10 10:11:58,41.176811,-73.188744,,,0.0,Lane blocked due to crash on Main St at State St.,Main St,Bridgeport,Fairfield,CT,06604-4916,US,US/Eastern,KBDR,2022-06-10 08:52:00,68.0,68.0,63.0,29.82,10.0,W,7.0,0.0,Fair,True,False,True,False,False,False,False,False,False,False,False,False,False,Day,Day,Day,Day,Friday
A-3313301,Source2,2,2017-09-17 09:35:57,2017-09-17 10:19:36,41.112034,-73.54645500000002,,,0.0,Right lane closed due to accident on CT-15 Northbound at Exit 35 CT-137 High Ridge Rd.,High Ridge Rd,Stamford,Fairfield,CT,06903-4910,US,US/Eastern,KHPN,2017-09-17 09:56:00,68.0,,93.0,30.17,1.2,Calm,,,Mist,False,False,False,False,False,False,False,False,False,False,False,False,False,Day,Day,Day,Day,Sunday
A-2838736,Source2,3,2018-05-22 13:03:16,2018-05-22 14:02:47,41.771,-72.678963,,,0.0,Accident on I-84 Eastbound at Exits 49 50 High St.,High St,Hartford,Hartford,CT,06103,US,US/Eastern,KHFD,2018-05-22 12:53:00,66.9,,68.0,30.12,10.0,SSE,3.5,,Overcast,False,False,True,False,True,False,False,False,False,False,False,True,False,Day,Day,Day,Day,Tuesday
A-1319534,Source2,4,2020-09-30 04:09:26,2020-09-30 09:20:06,41.171875,-73.191666,,,2.0,Two lanes blocked due to serious accident on I-95 Governor John Davis Lodge Tpke Southbound between Exit 29 Seaview Ave and Exit 27 CT-25 Colonel Henry Mucci Hwy.,Warren St,Bridgeport,Fairfield,CT,06604-5081,US,US/Eastern,KBDR,2020-09-30 04:13:00,74.0,74.0,91.0,29.48,5.0,S,28.0,0.12,Rain / Windy,False,False,False,False,False,False,False,False,False,False,False,False,False,Night,Night,Night,Night,Wednesday
A-7133416,Source1,4,2020-03-24 20:55:32,2020-03-24 21:45:30,41.79628,-71.92071,41.79662,-71.92747,0.349,Closed at Hyde Rd - Road closed due to accident.,Providence Rd,Brooklyn,Windham,CT,06234,US,US/Eastern,KIJD,2020-03-24 20:52:00,41.0,36.0,67.0,29.9,10.0,N,7.0,0.0,Fair,False,False,False,False,False,False,False,False,False,False,False,False,False,Night,Night,Night,Night,Tuesday
A-1634842,Source2,3,2020-02-07 18:38:39,2020-02-07 19:38:21,41.16766,-73.228218,,,0.0,Right lane closed due to accident on I-95 Governor John Davis Lodge Tpke Northbound at Exit 25 Coolidge St.,Governor John Davis Lodge Tpke,Fairfield,Fairfield,CT,06825,US,US/Eastern,KBDR,2020-02-07 18:52:00,34.0,22.0,56.0,29.38,10.0,W,24.0,0.0,Fair / Windy,False,False,False,False,False,False,False,False,False,False,False,False,False,Night,Night,Night,Day,Friday
A-371796,Source2,2,2017-02-24 07:38:10,2017-02-24 08:07:54,41.943134,-72.726135,,,0.01,Accident on CT-20 Rainbow Rd Eastbound near CT-187 Main St.,Turkey Hills Rd,East Granby,Hartford,CT,06026,US,US/Eastern,KBDL,2017-02-24 07:40:00,46.9,,97.0,29.93,4.0,Calm,,,Patches of Fog,False,False,False,False,False,False,False,False,False,False,False,True,False,Day,Day,Day,Day,Friday
A-3715909,Source1,2,2022-06-18 12:36:02,2022-06-18 18:03:22,41.551777,-73.048079,41.53967,-73.015737,1.87,Slow traffic on I-84 E from Chase Pkwy/Exit 18 (I-84) to CT-69/Hamilton Ave/Exit 23 (I-84) due to accident.,I-84 E,Waterbury,New Haven,CT,06708,US,US/Eastern,KOXC,2022-06-18 12:51:00,62.0,62.0,58.0,28.92,10.0,NW,22.0,0.0,Mostly Cloudy / Windy,False,False,False,False,True,False,False,False,False,False,False,False,False,Day,Day,Day,Day,Saturday
A-580109,Source2,1,2022-06-29 08:58:44,2022-06-29 09:58:42,41.893452,-72.373077,,,0.0,Crash on Kozley Rd at Midland Dr.,Midland Dr,Tolland,Capitol,CT,06084-2505,US,US/Eastern,KIJD,2022-06-29 08:52:00,67.0,67.0,79.0,29.98,10.0,CALM,0.0,0.0,Fair,False,False,False,False,False,False,False,False,False,False,False,False,False,Day,Day,Day,Day,Wednesday
A-5549701,Source1,2,2021-08-27 15:21:52,2021-08-27 17:09:48,41.537732,-72.793503,41.539672,-72.793595,0.134,Incident on CENTER ST near HOUSE 190 Expect long delays., Center St,Meriden,New Haven,CT,06450-4225,US,US/Eastern,KMMK,2021-08-27 15:32:00,85.0,85.0,63.0,29.94,10.0,W,5.0,0.0,Thunder in the Vicinity,False,False,False,False,False,False,False,False,False,False,False,False,False,Day,Day,Day,Day,Friday
A-1924666,Source2,2,2019-08-21 18:09:27,2019-08-21 19:23:59,41.663994,-72.80555,,,0.0,Left lane closed due to accident on CT-72 Eastbound at Exit 7 CT-372 Corbin Ave.,CT-72 W,New Britain,Hartford,CT,06052,US,US/Eastern,KHFD,2019-08-21 18:00:00,76.0,76.0,79.0,29.81,10.0,WNW,3.0,0.0,Thunder,False,False,False,False,False,False,False,False,False,False,False,False,False,Day,Day,Day,Day,Wednesday
A-2654190,Source2,3,2018-08-18 18:14:50,2018-08-18 18:44:05,41.325432,-72.249863,,,3.049999952316284,Left lane closed due to accident on I-95 Southbound between Exit 73 Society Rd and Exits 71 72 Rocky Neck Connector.,I-95 N,East Lyme,New London,CT,06333,US,US/Eastern,KGON,2018-08-18 18:15:00,73.9,,91.0,29.79,1.5,NNW,13.8,0.19,Thunderstorms and Rain,False,False,False,False,False,False,False,False,False,False,False,False,False,Day,Day,Day,Day,Saturday
A-3785486,Source1,2,2022-12-23 13:37:43,2022-12-23 15:44:09,41.24466062,-73.08295369,41.23421062,-73.07121369,0.945,ConnDOT: Crash (1 Vehicle) on the Milford Connector south heading towards I-95 from Route 15 . The right lane is closed. Reported Friday December 23 at 1:36 pm.,Milford Pkwy,Milford,South Central Connecticut,CT,06461,US,US/Eastern,KBDR,2022-12-23 13:43:00,48.0,41.0,86.0,28.95,3.0,SW,21.0,0.05,Heavy Rain / Windy,False,False,False,False,True,False,False,False,False,False,False,False,False,Day,Day,Day,Day,Friday
A-3633897,Source1,2,2017-06-30 17:58:51,2017-06-30 23:58:51,41.67214,-72.82058,41.70689,-72.80198,2.5860000000000003,Between Slater Rd/Exit 36 and Fienemann Rd/Exit 37 - Accident.,I-84 E,New Britain,Hartford,CT,06053,US,US/Eastern,KHFD,2017-06-30 17:57:00,81.0,,62.0,29.9,10.0,South,9.2,,Thunderstorm,False,False,False,False,False,False,False,False,False,False,False,False,False,Day,Day,Day,Day,Friday
A-2291247,Source2,3,2019-02-18 04:46:01,2019-02-18 05:20:00,41.089481,-73.454567,,,2.4100000858306885,Left lane closed due to accident tractor trailer and 2 vehicles involved on I-95 Governor John Davis Lodge Tpke Southbound between Exit 14 US-1 Connecticut Ave and Exit 13 US-1 Boston Post Rd.,Governor John Davis Lodge Tpke,Darien,Fairfield,CT,06820,US,US/Eastern,KHPN,2019-02-18 04:56:00,30.9,24.3,96.0,29.81,2.5,East,6.9,0.0,Light Freezing Drizzle,False,False,False,False,False,False,False,False,False,False,False,False,False,Night,Night,Night,Night,Monday
A-7773716,Source1,2,2019-08-15 14:44:53,2019-08-15 15:14:35,41.106416,-73.416145,41.106416,-73.416145,0.0,At US-7/Exit 15 - Accident. Lane blocked.,Crescent St,Norwalk,Fairfield,CT,06854,US,US/Eastern,KHPN,2019-08-15 14:56:00,81.0,81.0,38.0,29.53,10.0,E,9.0,0.0,Fair,False,False,False,False,False,False,True,False,False,False,False,False,False,Day,Day,Day,Day,Thursday
A-940121,Source2,3,2021-08-11 16:13:48,2021-08-11 16:42:44,41.295189,-72.764359,,,0.0,Right lane blocked due to accident on I-95 Governor John Davis Lodge Tpke Southbound at exit 56.,Governor John Davis Lodge Tpke N,Branford,New Haven,CT,06405,US,US/Eastern,KHVN,2021-08-11 15:53:00,85.0,85.0,74.0,29.97,6.0,SSE,8.0,0.0,Haze,False,False,False,False,False,False,False,False,False,False,False,False,False,Day,Day,Day,Day,Wednesday
A-7387103,Source1,4,2019-10-02 18:48:22,2019-10-02 19:17:10,41.93762,-72.52731999999997,41.9259,-72.54434,1.192,Closed at Main St - Road closed due to accident., Melrose Rd,Broad Brook,Hartford,CT,06016-9621,US,US/Eastern,KBDL,2019-10-02 18:51:00,67.0,67.0,84.0,29.67,10.0,N,10.0,0.0,Light Drizzle,False,False,False,False,False,False,False,False,False,False,False,False,False,Night,Day,Day,Day,Wednesday
A-327967,Source2,3,2017-02-09 07:54:32,2017-02-09 08:23:38,41.72828300000001,-72.657753,,,0.46,Right lane closed due to accident on I-91 Southbound between Exits 27 28 US-5 and Exit 26 Great Meadow Rd.,I-91 S,Wethersfield,Hartford,CT,06109,US,US/Eastern,KHFD,2017-02-09 07:53:00,28.0,14.3,96.0,29.61,0.2,North,21.9,0.07,Snow,False,False,False,False,False,False,False,False,False,False,False,False,False,Day,Day,Day,Day,Thursday
A-1434227,Source2,2,2020-08-23 20:19:13,2020-08-23 20:48:52,41.85545,-72.957787,,,0.0,Accident on US-44 both ways at Satans Kingdom Rd.,Main St,New Hartford,Litchfield,CT,06057-2707,US,US/Eastern,KBDL,2020-08-23 20:13:00,82.0,82.0,56.0,29.82,10.0,S,14.0,0.0,Thunder in the Vicinity,False,False,False,False,False,False,False,False,False,False,False,False,False,Night,Night,Day,Day,Sunday
A-1120992,Source2,4,2021-03-12 06:26:18,2021-03-12 08:41:49,41.289986,-72.665756,,,3.5999999046325684,Right lane blocked due to accident and truck fire on I-95 Governor John Davis Lodge Tpke Northbound between Exit 60 Mungertown Rd and Exit 59 Soundview Rd.,Governor John Davis Lodge Tpke S,Guilford,New Haven,CT,06437,US,US/Eastern,KSNC,2021-03-12 06:35:00,54.0,54.0,77.0,29.61,8.0,NNW,7.0,0.0,Light Rain,False,False,False,False,False,False,False,False,False,False,False,False,False,Day,Day,Day,Day,Friday
A-3578302,Source1,2,2017-03-10 07:14:39,2017-03-10 13:14:39,41.76531,-72.65446,41.76384,-72.63009,1.26,Between Governor St/Exit 56 and CT-15/Exit 57 - Accident.,US-6 E,East Hartford,Hartford,CT,06108,US,US/Eastern,KHFD,2017-03-10 07:14:00,30.9,27.5,96.0,29.93,0.5,North,3.5,0.01,Snow,False,False,False,False,False,False,False,False,False,False,False,False,False,Day,Day,Day,Day,Friday
A-3445727,Source1,4,2016-12-01 18:28:51,2016-12-02 00:28:51,41.48746,-72.04470699999997,41.48597,-72.057707,0.6809999999999999,Closed at Harris Fuller Rd - Road closed due to accident., Poquetanuck Rd,Preston,New London,CT,06365,US,US/Eastern,KGON,2016-12-01 18:56:00,52.0,,49.0,29.68,10.0,West,16.1,,Overcast,False,False,False,False,False,False,False,False,False,False,False,False,False,Night,Night,Night,Night,Thursday
A-1016923,Source3,2,2021-06-04 16:28:27,2021-06-04 17:12:33,41.118587,-73.484825,,,0.0,Right lane closed due to accident on CT-15 Merritt Pkwy Northbound at exit 37.,CT-15 N,New Canaan,Fairfield,CT,06840,US,US/Eastern,KHPN,2021-06-04 16:08:00,74.0,74.0,68.0,29.39,10.0,N,5.0,0.0,Light Rain with Thunder,False,False,False,False,False,False,False,False,False,False,False,False,False,Day,Day,Day,Day,Friday
A-773191,Source2,2,2021-12-18 13:29:08,2021-12-18 14:13:37,41.712833,-72.763878,,,0.0,Lane blocked due to accident on CT-9 Northbound at Exit 30 CT-71 Hartford Rd.,CT-9 S,New Britain,Hartford,CT,06053,US,US/Eastern,KHFD,2021-12-18 13:53:00,38.0,34.0,83.0,30.07,4.0,NE,5.0,0.02,Wintry Mix,False,False,False,False,False,False,False,False,False,False,False,False,False,Day,Day,Day,Day,Saturday
A-1611842,Source2,3,2020-01-25 21:12:29,2020-01-25 22:16:34,41.288399,-72.887268,,,0.0,2 right lane blocked due to accident on I-95 Governor John Davis Lodge Tpke Southbound at Exit 51 Frontage Rd.,Governor John Davis Lodge Tpke S,East Haven,New Haven,CT,06512,US,US/Eastern,KHVN,2020-01-25 20:53:00,48.0,46.0,96.0,29.71,2.0,SW,5.0,0.0,Fog,False,False,False,False,False,False,False,False,False,False,False,False,False,Night,Night,Night,Night,Saturday
A-3062520,Source2,2,2018-01-12 13:11:13,2018-01-12 14:11:02,41.537479,-72.800812,,,0.0,Accident on Main St at Perkins St.,E Main St,Meriden,New Haven,CT,06450-5646,US,US/Eastern,KMMK,2018-01-12 13:12:00,57.0,,100.0,29.83,0.2,South,15.0,,Fog,False,False,True,False,False,False,False,False,False,False,False,True,False,Day,Day,Day,Day,Friday
A-2931086,Source2,3,2018-03-07 04:39:30,2018-03-07 05:17:00,41.089527,-73.453743,,,0.0,Left and center lane closed due to accident on I-95 Southbound at Exit 13 US-1 Post Rd.,I-95 N,Darien,Fairfield,CT,06820,US,US/Eastern,KHPN,2018-03-07 04:56:00,32.0,23.6,96.0,29.89,1.2,East,10.4,0.01,Light Snow,False,False,False,False,False,False,False,False,False,False,False,False,False,Night,Night,Night,Night,Wednesday
A-476853,Source2,3,2017-06-16 13:06:34,2017-06-16 13:51:06,41.058544,-73.512253,,,0.0,Right lane blocked due to accident on I-95 Northbound before Exit 9 US-1 Main St.,I-95 N,Stamford,Fairfield,CT,06902,US,US/Eastern,KHPN,2017-06-16 12:56:00,64.0,,87.0,29.98,3.0,East,9.2,0.0,Light Drizzle,False,False,False,False,False,False,False,False,False,False,False,False,False,Day,Day,Day,Day,Friday
A-2211940,Source2,1,2019-03-11 13:21:03,2019-03-11 14:23:53,41.763721,-72.686722,,,0.0,Accident on Broad St near Capitol Ave.,Broad St,Hartford,Hartford,CT,06105-3701,US,US/Eastern,KHFD,2019-03-11 12:53:00,50.0,,38.0,29.97,10.0,WSW,8.1,,Clear,False,False,True,False,False,False,False,False,False,False,False,False,False,Day,Day,Day,Day,Monday
A-4089156,Source1,4,2022-09-22 07:00:47,2022-09-22 09:08:24,41.904096,-72.470793,41.904223,-72.472096,0.068,CT-140 is closed from CT-83/Somers Rd (Maple St/Crystal Lake Rd/CT-140) to Jobs Hill Rd/Tomoka Ave (Melrose Rd/Maple St/Sadds Mill Rd/CT-140) due to accident., Maple St,Ellington,Tolland,CT,06029-3332,US,US/Eastern,KBDL,2022-09-22 07:01:00,68.0,68.0,87.0,29.4,10.0,S,9.0,0.0,Thunder,False,False,True,False,False,False,False,False,False,False,False,False,False,Day,Day,Day,Day,Thursday
A-7637142,Source1,4,2018-01-24 12:48:42,2018-01-24 18:48:42,41.71329,-72.31766,41.716732,-72.324805,0.439,Closed at Co-Mi-Ho Ln - Road closed due to accident., Route 87,Columbia,Tolland,CT,06237-1025,US,US/Eastern,KIJD,2018-01-24 12:52:00,37.9,30.0,51.0,29.88,10.0,WNW,12.7,,Scattered Clouds,False,False,False,False,False,False,False,False,False,False,False,False,False,Day,Day,Day,Day,Wednesday
A-477473,Source2,2,2017-06-22 06:01:18,2017-06-22 06:31:18,41.273357,-73.006592,,,0.0,Restrictions due to accident on Manley Heights Rd near Wellington Dr.,Wellington Dr,Orange,New Haven,CT,06477-3042,US,US/Eastern,KHVN,2017-06-22 05:53:00,60.8,,77.0,29.99,10.0,Calm,,,Scattered Clouds,False,False,False,False,False,False,False,False,False,False,False,False,False,Day,Day,Day,Day,Thursday
A-2298486,Source2,3,2019-02-21 04:05:39,2019-02-21 04:53:00,41.563381,-72.3228,,,1.1299999952316284,Entry ramp to CT-2 Westbound from New London Rd closed due to accident truck involved.,CT-2 W,Colchester,New London,CT,06415,US,US/Eastern,KIJD,2019-02-21 04:00:00,30.9,24.3,92.0,29.91,3.0,North,6.9,0.0,Light Freezing Rain,False,False,False,False,False,False,False,False,False,False,False,False,False,Night,Night,Night,Night,Thursday
A-196829,Source2,2,2016-12-17 12:01:09,2016-12-17 12:46:09,41.133636,-73.456932,,,0.01,Accident on CT-15 Westbound at Exit 38 CT-123 New Canaan Ave.,CT-15 S,Norwalk,Fairfield,CT,06850,US,US/Eastern,KHPN,2016-12-17 11:56:00,32.0,28.7,92.0,29.93,0.8,West,3.5,0.0,Mist,False,False,False,False,True,False,False,False,False,False,False,False,False,Day,Day,Day,Day,Saturday
A-2681575,Source2,3,2018-07-02 08:39:58,2018-07-02 09:23:00,41.123154,-73.31604,,,0.0,Right hand shoulder blocked due to accident on I-95 Southbound before Exit 18.,New Creek Rd,Westport,Fairfield,CT,06880,US,US/Eastern,KBDR,2018-07-02 08:52:00,75.0,,84.0,30.07,6.0,East,11.5,,Haze,False,False,False,False,False,False,False,False,False,False,False,False,False,Day,Day,Day,Day,Monday
A-885865,Source2,3,2021-09-24 07:29:21,2021-09-24 08:14:04,41.766781,-72.653862,,,1.649999976158142,Right lane blocked due to accident on I-84 Westbound between Exit 57 CT-15 and Exit 56 CT-2.,I-84 W,East Hartford,Hartford,CT,06108,US,US/Eastern,KHFD,2021-09-24 07:40:00,66.0,66.0,90.0,29.97,1.0,SW,5.0,0.04,Rain,False,False,False,False,False,False,False,False,False,False,False,False,False,Day,Day,Day,Day,Friday
A-1133547,Source2,4,2021-03-02 14:51:09,2021-03-02 15:50:28,41.23820900000001,-73.02325400000002,,,2.5199999809265137,Two lanes closed due to jackknifed vehicle on I-95 Governor John Davis Lodge Tpke Southbound from exit 41 to exit 40.,I-95 S,Milford,New Haven,CT,06460,US,US/Eastern,KBDR,2021-03-02 14:52:00,34.0,22.0,25.0,30.06,10.0,WNW,23.0,0.0,Fair / Windy,False,False,False,False,False,False,False,False,False,False,False,False,False,Day,Day,Day,Day,Tuesday
A-2291126,Source2,2,2019-02-18 09:03:28,2019-02-18 09:33:16,41.93116,-72.766701,,,0.0,Accident and fuel spillage on CT-189 Hartford Ave near Old Farms Ln.,Hartford Ave,East Granby,Hartford,CT,06026-9520,US,US/Eastern,KBDL,2019-02-18 08:51:00,28.9,21.9,92.0,29.83,1.0,North,6.9,0.0,Light Freezing Drizzle,False,False,False,False,False,False,False,False,False,False,False,False,False,Day,Day,Day,Day,Monday
A-3054085,Source2,3,2018-01-09 07:51:34,2018-01-09 08:26:00,41.089527,-73.453743,,,0.0,Right hand shoulder blocked due to accident on I-95 Southbound at Exit 13 US-1 Post Rd.,I-95 N,Darien,Fairfield,CT,06820,US,US/Eastern,KHPN,2018-01-09 07:56:00,30.0,22.4,79.0,30.1,6.0,West,8.1,,Haze,False,False,False,False,False,False,False,False,False,False,False,False,False,Day,Day,Day,Day,Tuesday
A-1186935,Source2,2,2021-01-20 10:05:18,2021-01-20 15:27:55,41.400867,-72.47251899999998,,,0.0,Left lane closed due to accident on CT-9 Chester Bowles Hwy Northbound at CT-148 Main St.,CT-9 N,Chester,Middlesex,CT,06412,US,US/Eastern,KSNC,2021-01-20 10:15:00,34.0,34.0,87.0,29.39,8.0,CALM,0.0,0.0,N/A Precipitation,False,False,False,False,False,False,False,False,False,False,False,False,False,Day,Day,Day,Day,Wednesday
A-2070454,Source2,3,2019-06-25 14:57:33,2019-06-25 16:12:04,41.27264,-72.970589,,,0.0,Left lane closed due to accident on I-95 Governor John Davis Lodge Tpke Northbound at Exit 42 CT-162 Sawmill Rd.,Governor John Davis Lodge Tpke N,West Haven,New Haven,CT,06516,US,US/Eastern,KHVN,2019-06-25 14:53:00,73.0,73.0,90.0,29.83,1.0,SE,6.0,0.0,Fog,False,False,False,False,True,False,False,False,False,False,False,False,False,Day,Day,Day,Day,Tuesday
A-3866470,Source1,4,2023-02-23 23:30:36,2023-02-24 01:47:39.000000000,41.718732,-72.334685,41.719412,-72.336813,0.119,RT 87 CLOSED IN COLUMBIA between SHARINGTON RD AND WHITNEY RD DUE TO MV VS POLE W/WIRES DOWN. (1 Vehicle). Reported Thursday February 23 at 11:34 pm., Jonathan Trumbull Hwy,Columbia,Capitol,CT,06232-1331,US,US/Eastern,KIJD,2023-02-23 23:26:00,31.0,23.0,100.0,29.71,1.0,NNW,9.0,0.0,Wintry Mix,False,False,False,False,False,False,False,False,False,False,False,False,False,Night,Night,Night,Night,Thursday
A-2683614,Source2,3,2018-07-03 16:59:40,2018-07-03 17:29:19,41.817398,-72.655571,,,3.660000085830689,Accident on I-291 Westbound between Exit 4 US-5 John Fitch Blvd and Exit 3 Deerfield Rd.,I-291 E,Windsor,Hartford,CT,06095,US,US/Eastern,KBDL,2018-07-03 16:51:00,88.0,,70.0,30.14,10.0,South,8.1,0.01,Light Thunderstorms and Rain,False,False,False,False,False,False,False,False,False,False,False,False,False,Day,Day,Day,Day,Tuesday
A-2057392,Source2,3,2019-06-18 20:47:27,2019-06-18 22:17:29,41.733238,-72.623192,,,0.7599999904632568,Right lane closed due to accident on CT-2 Eastbound between Exit 5B Sutton Ave and Exit 5C Maple St.,CT-2 W,East Hartford,Hartford,CT,06118,US,US/Eastern,KHFD,2019-06-18 20:53:00,65.0,65.0,97.0,29.86,6.0,N,3.0,0.06,Light Rain,False,False,False,False,False,False,False,False,False,False,False,False,False,Night,Day,Day,Day,Tuesday
A-4780461,Source1,2,2022-02-25 15:14:21,2022-02-25 17:20:26.000000,41.65276408175633,-72.7703583237039,41.644674081756335,-72.7590383237039,0.809,ConnDOT: Crash (Overturned Motor Vehicle) on RT9 Southbound between Exits 25 and 23. Expect lane closures. Reported Friday February 25 at 3:13 pm.,CT-9,New Britain,Capitol,CT,06051,US,US/Eastern,KHFD,2022-02-25 14:53:00,30.0,25.0,82.0,29.93,6.0,N,5.0,0.0,Haze,False,False,False,False,False,False,False,False,False,False,False,False,False,Day,Day,Day,Day,Friday
A-2787173,Source2,2,2018-06-28 05:42:24,2018-06-28 06:23:00,41.763275,-72.654037,,,0.1500000059604644,Exit ramp from CT-2 Exit 2W Westbound to I-84 Westbound lane blocked due to accident.,CT-2 W,East Hartford,Hartford,CT,06108,US,US/Eastern,KHFD,2018-06-28 05:38:00,70.0,,97.0,29.85,1.8,South,9.2,0.18,Heavy Thunderstorms and Rain,False,False,False,False,True,False,False,False,False,False,False,False,False,Day,Day,Day,Day,Thursday
A-4009145,Source1,2,2022-07-18 14:16:20,2022-07-18 15:54:57,41.020626,-73.62273,41.021793,-73.619201,0.201,Incident on I-95 near I-95 Expect long delays.,I-95 N,Greenwich,Fairfield,CT,06830,US,US/Eastern,KHPN,2022-07-18 14:14:00,75.0,75.0,96.0,29.4,10.0,E,5.0,0.0,Thunder in the Vicinity,False,False,False,False,False,False,False,False,False,False,False,False,False,Day,Day,Day,Day,Monday
A-2787181,Source2,3,2018-06-28 08:17:34,2018-06-28 09:23:00,41.771618,-72.58040600000002,,,0.0,Accident on I-384 Westbound before Exit 1 Cemetery Rd.,I-384 E,East Hartford,Hartford,CT,06118,US,US/Eastern,KHFD,2018-06-28 08:18:00,70.0,,97.0,29.83,1.5,South,11.5,0.1,Thunderstorms and Rain,False,False,False,False,False,False,False,False,False,False,False,False,False,Day,Day,Day,Day,Thursday
A-6531149,Source1,2,2021-01-01 20:17:00,2021-01-01 22:16:22,41.668839,-72.827413,41.670396,-72.83937900000002,0.627,Motor Vehicle Accident (2 Vehicle) on I-84 Westbound between Exits 35 and 33. The right lane is closed. Reported Friday January 1 at 12:17 pm.,I-84 W,Plainville,Hartford,CT,06062,US,US/Eastern,KMMK,2021-01-01 20:21:00,35.0,35.0,61.0,30.15,10.0,VAR,3.0,0.0,N/A Precipitation,False,False,False,False,False,False,False,False,False,False,False,False,False,Night,Night,Night,Night,Friday
A-476922,Source2,3,2017-06-16 22:33:51,2017-06-16 23:33:29,41.138969,-73.28791,,,0.0,Accident on I-95 Southbound at Exit 19 US-1 Post Rd.,Post Rd,Southport,Fairfield,CT,06890,US,US/Eastern,KBDR,2017-06-16 22:43:00,64.9,,93.0,29.94,0.8,ENE,6.9,,Mist,False,False,False,False,False,False,False,False,False,False,False,False,False,Night,Night,Night,Day,Friday
A-1511577,Source2,3,2020-03-04 16:27:26,2020-03-04 17:44:59,41.74324,-72.734589,,,0.0,Right hand shoulder blocked due to accident on I-84 Westbound at Exit 42 Trout Brook Dr.,I-84 E,West Hartford,Hartford,CT,06110,US,US/Eastern,KHFD,2020-03-04 16:53:00,52.0,52.0,27.0,29.7,10.0,WNW,14.0,0.0,Fair,False,False,False,False,False,False,False,False,False,False,False,False,False,Day,Day,Day,Day,Wednesday
A-3475366,Source1,2,2016-11-30 09:10:28,2016-11-30 15:10:28,41.51258,-73.04815,41.53786,-73.04398,1.76,Between Main St/Exit 29 and Leonard St/Exit 30 - Accident.,Ansonia Derby Expy N,Naugatuck,New Haven,CT,06770,US,US/Eastern,KOXC,2016-11-30 08:50:00,50.0,,87.0,29.97,8.0,Calm,,,Patches of Fog,False,False,False,False,False,False,False,False,False,False,False,False,False,Day,Day,Day,Day,Wednesday
A-5006919,Source1,2,2022-04-09 12:28:00,2022-04-09 14:49:15.000000000,41.749832,-72.729281,41.749489,-72.70984,1.002,Crash (1 Vehicle) on I-84 Eastbound between Exits 43 and 44. The right lane is closed. Reported Saturday April 9 at 12:28 pm.,I-84 E,West Hartford,Hartford,CT,06110,US,US/Eastern,KHFD,2022-04-09 12:50:00,52.0,52.0,71.0,29.53,10.0,S,10.0,0.07,Mostly Cloudy,False,False,False,False,False,False,False,False,False,False,False,False,False,Day,Day,Day,Day,Saturday
A-4763270,Source1,2,2022-09-13 09:31:00,2022-09-13 10:48:23,41.615234,-72.896875,41.587999,-72.900487,1.891,ConnDOT: Crash (Multi Vehicle) on I-84 Westbound between Exits 31 and 30. The right lane is closed. Reported Tuesday September 13 at 9:31 am.,I-84 W,Southington,Hartford,CT,06489,US,US/Eastern,KMMK,2022-09-13 09:53:00,73.0,73.0,81.0,29.67,10.0,CALM,0.0,0.0,Cloudy,False,False,False,False,False,False,False,False,False,False,False,False,False,Day,Day,Day,Day,Tuesday
A-7445283,Source1,2,2019-02-12 11:49:47,2019-02-12 12:19:31,41.29443,-72.78475999999998,41.29464,-72.7889,0.215,At US-1/Main St/Exit 55 - Accident.,Governor John Davis Lodge Tpke S,Branford,New Haven,CT,06405,US,US/Eastern,KHVN,2019-02-12 11:53:00,24.1,14.4,81.0,30.38,0.5,NE,9.2,0.03,Snow,False,False,False,False,False,False,False,False,False,False,False,False,False,Day,Day,Day,Day,Tuesday
A-2755855,Source2,1,2018-06-12 16:59:57,2018-06-12 17:29:57,41.165661,-73.39007600000002,,,0.0,Accident on Weatherbell Dr in Norwalk.,Weatherbell Drive Ext,Norwalk,Fairfield,CT,06851-1411,US,US/Eastern,KBDR,2018-06-12 16:52:00,71.1,,49.0,30.16,10.0,SSW,17.3,,Clear,False,False,False,False,False,False,False,False,False,False,False,False,False,Day,Day,Day,Day,Tuesday
A-4225229,Source1,2,2022-10-06 05:23:47,2022-10-06 07:00:02,41.099064,-73.599192,41.091399,-73.617215,1.078,Incident on MERRITT PKWY near MERRITT PKWY Drive with caution.,Merritt Pkwy,Stamford,Western Connecticut,CT,06903,US,US/Eastern,KHPN,2022-10-06 04:56:00,50.0,50.0,100.0,29.46,10.0,CALM,0.0,0.0,Patches of Fog,False,False,False,False,False,False,False,False,False,False,False,False,False,Night,Night,Night,Night,Thursday
A-1313254,Source2,3,2020-09-25 16:00:47,2020-09-25 16:45:31,41.325371,-72.25071,,,0.0,Right lane closed due to accident on I-95 Governor John Davis Lodge Tpke Northbound at exit 72.,Governor John Davis Lodge Tpke S,East Lyme,New London,CT,06333,US,US/Eastern,KGON,2020-09-25 15:56:00,71.0,71.0,75.0,30.07,6.0,S,7.0,0.0,Haze,False,False,False,False,False,False,False,False,False,False,False,False,False,Day,Day,Day,Day,Friday
A-1224380,Source2,2,2020-12-17 14:53:29,2020-12-17 15:37:58,41.232246,-73.220551,,,0.0,Right lane closed due to accident on CT-15 Merritt Pkwy Northbound at Exit 48 CT-111 Main St.,CT-15 N,Trumbull,Fairfield,CT,06611,US,US/Eastern,KBDR,2020-12-17 14:52:00,36.0,25.0,60.0,29.93,10.0,NNE,21.0,0.0,Mostly Cloudy / Windy,False,False,False,False,False,False,False,False,False,False,False,False,False,Day,Day,Day,Day,Thursday
A-3450541,Source1,4,2016-12-15 08:36:43,2016-12-15 14:36:43,41.46616,-72.67895,41.46788,-72.679517,0.122,Closed at Swamp Ln - Road closed due to accident., Main St,Durham,Middlesex,CT,06422-2101,US,US/Eastern,KMMK,2016-12-15 08:51:00,23.0,9.2,63.0,29.81,1.5,NW,17.3,0.0,Light Snow,False,False,True,False,False,False,False,False,False,False,False,True,False,Day,Day,Day,Day,Thursday
A-477304,Source2,3,2017-06-20 19:27:11,2017-06-20 20:11:29,41.026848,-73.605675,,,0.0,Left lane blocked due to accident on I-95 Southbound before Exit 4 Indian Field Rd.,I-95 S,Greenwich,Fairfield,CT,06830,US,US/Eastern,KHPN,2017-06-20 19:56:00,78.8,,39.0,29.92,10.0,Variable,3.5,,Partly Cloudy,False,False,False,False,False,False,False,False,False,False,False,False,False,Day,Day,Day,Day,Tuesday
A-1702655,Source2,2,2019-12-09 06:08:45,2019-12-09 06:56:00,41.570171,-72.20854200000002,,,0.0,Accident on CT-2 Westbound at Exit 22 Scott Hill Rd.,Scott Hill Rd,Lebanon,New London,CT,06249,US,US/Eastern,KIJD,2019-12-09 06:04:00,31.0,31.0,96.0,29.98,2.0,CALM,0.0,0.0,Wintry Mix,False,False,False,False,False,False,False,False,False,False,False,False,False,Night,Night,Day,Day,Monday
A-2607450,Source2,2,2018-09-26 06:16:15,2018-09-26 07:15:23,42.014847,-72.51416800000001,,,0.0,Accident on CT-220 Shaker Rd near Taylor Rd.,Shaker Rd,Enfield,Hartford,CT,06082,US,US/Eastern,KBDL,2018-09-26 05:51:00,61.0,,100.0,30.04,0.5,Calm,,,Mist,False,False,False,False,False,False,False,False,False,False,False,False,False,Night,Day,Day,Day,Wednesday
A-6429912,Source1,2,2021-02-01 15:58:00,2021-02-01 17:43:00.000000,41.02577,-73.608795,41.040804,-73.578586,1.886,Motor Vehicle Accident (2 Vehicle) on I-95 Northbound between Exits 4 and 5. The right lane is closed. Reported Monday February 1 at 7:58 am.,I-95 N,Greenwich,Fairfield,CT,06830,US,US/Eastern,KHPN,2021-02-01 15:56:00,29.0,15.0,92.0,29.22,0.25,NNE,25.0,0.02,Heavy Snow / Windy,False,False,False,False,False,False,False,False,False,False,False,False,False,Day,Day,Day,Day,Monday
A-3773095,Source1,2,2023-02-03 09:49:30,2023-02-03 10:48:30,41.549624,-72.817464,41.54378,-72.793663,1.295,Stationary traffic on I-691 E from CT-322/Exit 4 (I-691) to Center St/Exit 7 (I-691) due to accident.,I-691 E,Meriden,New Haven,CT,06451,US,US/Eastern,KMMK,2023-02-03 09:53:00,20.0,2.0,30.0,29.85,9.0,NNW,26.0,0.0,Light Snow / Windy,False,False,False,False,True,False,False,False,False,False,False,False,False,Day,Day,Day,Day,Friday
A-7334851,Source1,4,2019-10-10 10:42:53,2019-10-10 11:10:15,41.81883,-73.37102,41.81739,-73.37079,0.1,Closed at CT-4/Furnace Brook Rd/Kent Rd - Road closed due to accident., Kent Rd S,Cornwall Bridge,Litchfield,CT,06754-1207,US,US/Eastern,KOXC,2019-10-10 10:51:00,56.0,56.0,53.0,29.46,10.0,NE,22.0,0.0,Mostly Cloudy / Windy,False,False,False,False,False,False,False,False,False,False,False,False,False,Day,Day,Day,Day,Thursday
A-7725237,Source1,4,2019-05-20 18:59:15,2019-05-20 19:29:09,41.286923,-73.08175200000002,41.286361,-73.082764,0.065,Closed at Rocky Rest Rd - Road closed due to accident., River Rd,Shelton,Fairfield,CT,06484-4523,US,US/Eastern,KHVN,2019-05-20 18:53:00,73.0,73.0,84.0,29.68,10.0,CALM,0.0,0.11,Partly Cloudy,False,False,False,False,False,False,False,False,False,False,False,True,False,Day,Day,Day,Day,Monday
A-1408497,Source2,3,2020-08-02 14:31:20,2020-08-02 15:16:02,41.811565,-72.520454,,,0.0,Accident on I-84 Westbound at Exit 63 CT-30 Deming St.,I-84 E,Manchester,Hartford,CT,06042,US,US/Eastern,KHFD,2020-08-02 14:43:00,78.0,78.0,87.0,29.88,8.0,SSE,10.0,0.01,T-Storm,False,False,False,False,False,False,False,False,False,False,False,False,False,Day,Day,Day,Day,Sunday
A-5908536,Source1,4,2021-04-05 14:17:57,2021-04-05 17:00:31,41.177489,-73.316203,41.163449,-73.361051,2.526,Incident on CT-15 SB near EXIT 44 Road closed. Take alternate route.,CT-15 S,Fairfield,Fairfield,CT,06824,US,US/Eastern,KBDR,2021-04-05 13:52:00,64.0,64.0,21.0,29.83,10.0,WNW,22.0,0.0,Fair / Windy,False,False,False,False,False,False,False,False,False,False,False,False,False,Day,Day,Day,Day,Monday
A-6643331,Source1,2,2020-12-17 05:24:00,2020-12-17 07:09:00,41.06521,-73.50635600000003,41.07148,-73.479596,1.46,Motor Vehicle Accident (1 Vehicle) on I-95 Northbound between Exits 10 and 11. The left lane is closed. Reported Wednesday December 16 at 9:24 pm.,Governor John Davis Lodge Tpke,Darien,Western Connecticut,CT,06820,US,US/Eastern,KHPN,2020-12-17 04:56:00,24.0,8.0,88.0,29.26,0.5,NNW,26.0,0.01,Snow / Windy,False,False,False,False,False,False,False,False,False,False,False,False,False,Night,Night,Night,Night,Thursday
A-567042,Source2,1,2022-07-14 08:42:46,2022-07-14 09:12:35,41.47382,-71.955238,,,0.0,Crash on Norwich Westerly Rd near Rainmaker Dr.,Rainmaker Dr,Mashantucket,Southeastern Connecticut,CT,06338,US,US/Eastern,KGON,2022-07-14 08:56:00,74.0,74.0,76.0,29.94,10.0,SE,7.0,0.0,Fair,False,False,False,False,False,False,False,False,False,False,False,True,False,Day,Day,Day,Day,Thursday
A-4618900,Source1,2,2022-08-23 15:10:48,2022-08-23 15:23:48,41.870952,-72.662672,41.87925,-72.66171999999997,0.575,Slow traffic on I-91 N from CT-305/Bloomfield Ave/Exit 37 (I-91 HOV) to End HOV (I-91 HOV) due to accident.,I-91 HOV Ln,Windsor,Capitol,CT,06095,US,US/Eastern,KBDL,2022-08-23 14:51:00,75.0,75.0,82.0,29.59,10.0,SSE,7.0,0.1,Light Rain with Thunder,False,False,False,False,False,False,False,False,False,False,False,False,False,Day,Day,Day,Day,Tuesday
A-326460,Source2,3,2017-01-31 07:06:13,2017-01-31 07:35:35,41.000977,-73.65263399999998,,,0.01,Accident on I-95 Southbound at Exit 2 Byram Shore Rd.,I-95 S,Greenwich,Fairfield,CT,06830,US,US/Eastern,KHPN,2017-01-31 06:56:00,21.0,,68.0,29.97,10.0,Calm,,,Mostly Cloudy,False,False,False,False,False,False,False,False,False,False,False,False,False,Day,Day,Day,Day,Tuesday
A-5439442,Source1,4,2022-01-16 22:48:41,2022-01-17 01:58:06,41.297353,-72.725594,41.296723,-72.704145,1.114,I-95 Northbound CLOSED between Exits 56 and 57 because of Crash (2 Vehicle). Reported Sunday January 16 at 10:49 pm.,Governor John Davis Lodge Tpke N,Guilford,New Haven,CT,06437,US,US/Eastern,KSNC,2022-01-16 22:55:00,32.0,24.0,87.0,29.48,7.0,ENE,10.0,0.0,Wintry Mix,False,False,False,False,False,False,False,False,False,False,False,False,False,Night,Night,Night,Night,Sunday
A-4816353,Source1,2,2022-12-16 11:05:00,2022-12-16 13:13:27.000000000,41.752012,-72.655784,41.738897,-72.66254599999998,0.971,ConnDOT: Crash (2 Vehicle) on RT 15 Southbound between Exits 90 and 86. The right lane is closed. Reported Friday December 16 at 11:04 am.,CT-15 S,Hartford,Hartford,CT,06114,US,US/Eastern,KHFD,2022-12-16 10:53:00,38.0,29.0,93.0,29.7,2.0,N,15.0,0.1,Rain,False,False,False,False,False,False,False,False,False,False,False,False,False,Day,Day,Day,Day,Friday
A-4291951,Source1,2,2022-05-28 13:28:00,2022-05-28 15:47:32,41.541151,-73.02066500000002,41.542337,-73.02314799999998,0.152,Crash (2 Vehicle) on I-84 Westbound between Exits 23 and 22. The left shoulder is closed. Reported Saturday May 28 at 1:28 pm.,I-84,Waterbury,Naugatuck Valley,CT,06706,US,US/Eastern,KOXC,2022-05-28 13:21:00,66.0,66.0,94.0,28.94,2.0,VAR,3.0,0.09,T-Storm,False,False,False,False,False,False,False,False,False,False,False,False,False,Day,Day,Day,Day,Saturday
A-3489868,Source1,3,2016-08-15 15:32:37,2016-08-15 21:32:37,41.28891,-72.8166,41.28351,-72.87018,2.807,Between CT-740/Cedar St/Exit 54 and CT-100/High St/Exit 52 - Accident.,I-95 N,Branford,New Haven,CT,06405,US,US/Eastern,KHVN,2016-08-15 15:53:00,84.9,,65.0,30.14,10.0,Variable,6.9,,Scattered Clouds,False,False,False,False,False,False,False,False,False,False,False,False,False,Day,Day,Day,Day,Monday
A-600344,Source2,1,2022-06-08 06:26:10,2022-06-08 07:12:26,41.767445,-72.66951,,,0.0,Right hand shoulder blocked due to crash on I-84 Eastbound at I-84 Exits 49 50 / Trumbull St.,Constitution Plz,Hartford,Capitol,CT,06103,US,US/Eastern,KHFD,2022-06-08 06:20:00,67.0,67.0,93.0,29.82,5.0,S,3.0,0.0,Cloudy,False,False,False,False,False,False,False,False,False,False,False,False,False,Day,Day,Day,Day,Wednesday
A-3718251,Source1,2,2022-08-07 19:52:00,2022-08-07 21:10:03,41.41653657,-73.28654408,41.41604657,-73.26422408,1.157,ConnDOT: Crash (Overturned Motor Vehicle) on I-84 Eastbound between Exits 10 and 11. The right shoulder is closed. Reported Sunday August 7 at 7:52 pm.,US-6,Newtown,Western Connecticut,CT,06470,US,US/Eastern,KOXC,2022-08-07 19:51:00,73.0,73.0,96.0,29.33,5.0,S,7.0,0.39,Light Rain with Thunder,False,False,False,False,False,False,False,False,False,False,False,False,False,Day,Day,Day,Day,Sunday
A-373704,Source2,3,2017-03-10 07:07:39,2017-03-10 07:36:55,41.767323,-72.618866,,,1.64,Right hand shoulder blocked due to accident on I-84 Eastbound from Exits 54 55 56 CT-2 to Exit 59 I-384.,Wilbur Cross Hwy N,East Hartford,Hartford,CT,06118,US,US/Eastern,KHFD,2017-03-10 07:14:00,30.9,27.5,96.0,29.93,0.5,North,3.5,0.01,Snow,False,False,False,False,False,False,False,False,False,False,False,False,False,Day,Day,Day,Day,Friday
A-4286402,Source1,2,2022-07-21 14:32:21,2022-07-21 18:10:19.000000000,41.750095,-72.706398,41.727895,-72.757589,3.053,Slow traffic on I-84 W - US-6 W from Flatbush Ave/Exit 45 (I-84) to CT-71/New Britain Ave/Exit 40 (I-84) due to accident.,US-6 W,Hartford,Hartford,CT,06106,US,US/Eastern,KHFD,2022-07-21 14:53:00,90.0,90.0,55.0,29.61,10.0,SSW,13.0,0.0,Thunder in the Vicinity,False,False,False,False,False,False,False,False,False,False,False,False,False,Day,Day,Day,Day,Thursday
A-3478837,Source1,4,2016-09-28 01:29:10,2016-09-28 07:29:10,41.5907,-72.129521,41.570882,-72.132209,1.376,Closed at Lebanon Rd - Road closed due to accident., Route 32,North Franklin,New London,CT,06254-1417,US,US/Eastern,KIJD,2016-09-28 01:15:00,57.0,,100.0,30.04,0.2,Calm,,,Fog,False,False,False,False,False,False,False,False,False,False,False,False,False,Night,Night,Night,Night,Wednesday
A-1163629,Source2,3,2021-02-07 13:43:56,2021-02-07 15:28:31,41.494713,-73.160645,,,8.020000457763674,Left lane closed due to jackknifed truck and accident on I-84 Westbound from Exit 17 CT-63 to Exit 16 CT-188 Strongtown Rd.,I-84 E,Southbury,New Haven,CT,06488,US,US/Eastern,KOXC,2021-02-07 13:51:00,26.0,16.0,100.0,29.03,0.25,NNE,10.0,0.0,Heavy Snow,False,False,False,False,False,False,False,False,False,False,False,False,False,Day,Day,Day,Day,Sunday
A-4726071,Source1,2,2022-12-11 16:15:00,2022-12-11 16:48:30.000000000,41.96331,-72.59050400000002,42.035012,-72.588887,4.955,Slow traffic on I-91 N from US-5/King St/Exit 46 (I-91) to US-5/Exit 1 (I-91) due to accident.,I-91,Enfield,Capitol,CT,06082,US,US/Eastern,KBDL,2022-12-11 16:04:00,29.0,20.0,89.0,30.0,0.5,NNE,10.0,0.0,Snow,False,False,False,False,False,False,False,False,False,False,False,False,False,Day,Day,Day,Day,Sunday
A-3562301,Source1,3,2017-02-09 13:02:04,2017-02-09 19:02:04,41.14162,-73.28335,41.13467,-73.29361,0.718,At US-1/Center St/Exit 19 - Accident.,Governor John Davis Lodge Tpke,Southport,Fairfield,CT,06890,US,US/Eastern,KBDR,2017-02-09 12:52:00,28.0,14.3,85.0,29.47,0.2,NNW,21.9,0.04,Heavy Snow,False,False,False,False,False,False,False,False,False,False,False,False,False,Day,Day,Day,Day,Thursday
A-3517148,Source1,4,2016-04-04 15:10:54,2016-04-04 21:10:54,41.54167,-72.97797,41.54167,-72.94818000000002,1.541,Between Austin Rd/Exit 25A and CT-70/Exit 26 - Accident.,I-84 E,Waterbury,New Haven,CT,06705,US,US/Eastern,KOXC,2016-04-04 14:50:00,26.6,16.2,86.0,29.83,3.0,ENE,11.5,,Light Ice Pellets,False,False,False,False,False,False,False,False,False,False,False,False,False,Day,Day,Day,Day,Monday
A-3353406,Source2,3,2017-08-03 01:04:35,2017-08-03 01:34:22,41.891079,-72.648636,,,0.0,Accident on I-91 Northbound at Exit 39&41 Kennedy Rd.,I-91 S,Windsor,Hartford,CT,06095,US,US/Eastern,KBDL,2017-08-03 00:51:00,64.9,,100.0,30.1,2.0,WSW,3.5,,Patches of Fog,False,False,False,False,False,False,False,False,False,False,False,False,False,Night,Night,Night,Night,Thursday
A-2886810,Source2,3,2018-04-16 03:08:05,2018-04-16 03:37:35,41.891079,-72.648636,,,0.0,Accident on I-91 Northbound at Exit 39&41 Kennedy Rd.,I-91 S,Windsor,Hartford,CT,06095,US,US/Eastern,KBDL,2018-04-16 02:51:00,30.9,22.2,100.0,30.25,1.5,North,10.4,0.07,Light Ice Pellets,False,False,False,False,False,False,False,False,False,False,False,False,False,Night,Night,Night,Night,Monday
A-3646664,Source1,4,2017-07-27 11:04:17,2017-07-27 17:04:17,41.25386,-73.14697,41.277011,-73.114602,2.32,Closed between Bridgeport/Huntington/Exit 11 and Old Stratford Rd/Exit 12 - Road closed due to accident.,CT-8 N,Trumbull,Fairfield,CT,06611,US,US/Eastern,KBDR,2017-07-27 10:52:00,73.0,,68.0,30.02,10.0,SW,11.5,,Clear,False,False,False,False,False,False,False,False,False,False,False,False,False,Day,Day,Day,Day,Thursday
A-199106,Source2,3,2017-01-07 13:20:03,2017-01-07 13:49:22,41.633148,-72.686653,,,1.42,Left and Center lane closed due to accident on I-91 Southbound from Exit 23 West St to I-91 Exits 22S.,I-91 S,Rocky Hill,Hartford,CT,06067,US,US/Eastern,KHFD,2017-01-07 12:53:00,19.0,7.5,88.0,30.21,0.5,North,10.4,0.02,Snow,False,False,False,False,False,False,False,False,False,False,False,False,False,Day,Day,Day,Day,Saturday
A-5280250,Source1,2,2023-01-19 15:23:22,2023-01-19 18:49:19.000000000,41.749914,-72.728316,41.749477,-72.706271,1.137,Slow traffic on I-84 E - US-6 E from Trout Brook Dr/Exit 42 (I-84) to Flatbush Ave/Exit 45 (I-84) due to accident.,I-84 E,West Hartford,Hartford,CT,06110,US,US/Eastern,KHFD,2023-01-19 14:53:00,39.0,39.0,86.0,29.91,3.0,CALM,0.0,0.09,Rain,False,False,False,False,False,False,False,False,False,False,False,False,False,Day,Day,Day,Day,Thursday
A-1590453,Source2,4,2020-01-14 08:18:28,2020-01-14 09:36:22,41.625309,-72.693481,,,0.0,Right hand shoulder closed due to accident on I-91 Northbound after Exit 22N / CT-9.,I-91 S,Cromwell,Middlesex,CT,06416,US,US/Eastern,KHFD,2020-01-14 07:58:00,35.0,35.0,96.0,30.35,0.5,SSE,3.0,0.0,Fog,False,False,False,False,False,False,False,False,False,False,False,False,False,Day,Day,Day,Day,Tuesday
A-3520638,Source1,4,2016-05-29 15:56:52,2016-05-29 21:56:52,41.4692,-73.028458,41.469048,-73.027662,0.043,Closed at Candee Rd - Road closed due to accident., New Haven Rd,Naugatuck,New Haven,CT,06770-5016,US,US/Eastern,KOXC,2016-05-29 15:45:00,82.4,,51.0,30.13,10.0,South,15.0,,Scattered Clouds,False,False,False,False,False,False,False,False,False,False,False,False,False,Day,Day,Day,Day,Sunday
A-3518885,Source1,4,2016-05-01 05:00:36,2016-05-01 11:00:36,41.719918,-71.91637,41.721269,-71.91471800000002,0.126,Closed at School St - Road closed due to accident.,Black Hill Rd,Plainfield,Windham,CT,06374,US,US/Eastern,KIJD,2016-05-01 04:52:00,43.0,,76.0,30.23,10.0,Calm,,,Clear,False,False,False,False,False,False,False,False,False,False,False,False,False,Night,Night,Day,Day,Sunday
A-7614928,Source1,4,2018-02-05 17:00:42,2018-02-05 23:00:42,41.724065,-72.302151,41.728357,-72.320288,0.981,Closed at Whitney Rd - Road closed due to accident., Route 6,Columbia,Tolland,CT,06237-1121,US,US/Eastern,KIJD,2018-02-05 16:52:00,28.9,21.1,40.0,30.11,10.0,WNW,8.1,,Clear,False,False,False,False,False,False,False,False,False,False,False,False,False,Day,Day,Day,Day,Monday
A-3447352,Source1,3,2016-12-06 19:55:43,2016-12-07 01:55:43,41.184216,-73.19322700000002,41.184553,-73.193124,0.024,At Main St/Exit 3 - Accident.,Route 8 N,Bridgeport,Fairfield,CT,06604,US,US/Eastern,KBDR,2016-12-06 19:52:00,43.0,37.2,74.0,29.99,3.0,East,10.4,0.09,Rain,False,False,False,False,False,False,False,False,False,False,False,False,False,Night,Night,Night,Night,Tuesday
A-327942,Source2,3,2017-02-09 07:16:09,2017-02-09 07:45:26,41.624386,-72.69390899999998,,,0.01,Left lane closed due to accident on I-91 Southbound at Exit 22N.,I-91 S,Cromwell,Middlesex,CT,06416,US,US/Eastern,KHFD,2017-02-09 07:17:00,28.9,16.5,96.0,29.6,0.2,NNE,18.4,0.02,Heavy Thunderstorms and Snow,False,False,False,False,False,False,False,False,False,False,False,False,False,Day,Day,Day,Day,Thursday
A-679337,Source3,3,2022-03-12 13:05:05,2022-03-12 14:19:27,41.751568,-72.643654,,,1.7000000476837158,Left lane closed due to crash on CT-2 Eastbound from Exits 2 2E 2W 3 I-84 Exits 54 55 56 to Exit 5 Willow St Ext.,CT-2 E,East Hartford,Hartford,CT,06118,US,US/Eastern,KHFD,2022-03-12 13:01:00,33.0,22.0,85.0,29.19,2.0,NW,18.0,0.0,Light Snow and Sleet,False,False,False,False,False,False,False,False,False,False,False,False,False,Day,Day,Day,Day,Saturday
A-1171337,Source2,2,2021-02-01 10:42:15,2021-02-01 11:27:52,41.379341,-71.835564,,,0.0,Accident on Noyes Ave at Liberty St.,Liberty St,Pawcatuck,New London,CT,06379-1640,US,US/Eastern,KWST,2021-02-01 10:53:00,30.0,19.0,96.0,29.87,0.5,NE,16.0,0.0,Snow,False,False,True,False,False,False,False,False,False,False,False,False,False,Day,Day,Day,Day,Monday
A-5316429,Source1,2,2022-11-12 01:32:00,2022-11-12 03:41:28,41.119244,-73.38025,41.109733,-73.403458,1.375,Crash (1 Vehicle) on I-95 Southbound between Exits 17 and 16. The right lane is closed. Reported Saturday November 12 at 1:32 am.,Governor John Davis Lodge Tpke,Westport,Fairfield,CT,06880,US,US/Eastern,KBDR,2022-11-12 01:52:00,68.0,68.0,96.0,29.56,8.0,SSW,21.0,0.0,Cloudy / Windy,False,False,False,False,True,False,False,False,False,False,False,False,False,Night,Night,Night,Night,Saturday
A-6736751,Source1,4,2020-12-20 14:10:21,2020-12-20 16:34:15,41.414154,-73.27381899999997,41.443334,-73.249319,2.382,I-84 Eastbound CLOSED between Exits 11 and 13 because of Truck Accident (Overturned Tractor Tr.). Reported Sunday December 20 at 6:12 am.,I-84 E,Sandy Hook,Fairfield,CT,06482,US,US/Eastern,KOXC,2020-12-20 13:51:00,30.0,30.0,96.0,29.29,0.5,CALM,0.0,0.01,Snow,False,False,False,False,False,False,False,False,False,False,False,False,False,Day,Day,Day,Day,Sunday
A-5458645,Source1,4,2023-01-26 09:34:32,2023-01-26 11:56:32,41.315661,-73.085726,41.319212,-73.083606,0.269,RT 8 Northbound Exit 15 OFFRAMP CLOSED because of a Crash and Police Activity. Reported Thursday January 26 at 9:36 am.,CT-8 N,Derby,New Haven,CT,06418,US,US/Eastern,KHVN,2023-01-26 09:53:00,49.0,43.0,61.0,29.49,10.0,W,17.0,0.0,Fair,False,False,False,False,True,False,False,False,False,False,False,False,False,Day,Day,Day,Day,Thursday
A-7556444,Source1,3,2018-07-03 17:17:28,2018-07-03 23:17:28,41.68066,-72.65335999999998,41.71067,-72.64619,2.106,Between CT-99/Exit 24 and CT-3/Exit 25/Exit 26 - Accident. Roadway reduced to 2 lanes.,I-91 N,Wethersfield,Hartford,CT,06109,US,US/Eastern,KHFD,2018-07-03 17:15:00,78.1,,81.0,30.15,0.5,East,13.8,0.34,Heavy Thunderstorms and Rain,False,False,False,False,True,False,False,False,False,False,False,False,False,Day,Day,Day,Day,Tuesday
A-4752841,Source1,4,2023-02-03 21:58:59,2023-02-04 00:37:32,41.765341,-72.65469300000002,41.764901,-72.647591,0.3670000000000001,I-84 Eastbound CLOSED between Exits 56 and 58 because of Crash (2 Vehicle). Reported Friday February 3 at 9:58 pm.,I-84 E,East Hartford,Hartford,CT,06108,US,US/Eastern,KHFD,2023-02-03 21:53:00,2.0,-21.0,41.0,30.29,10.0,NNW,23.0,0.0,Mostly Cloudy / Windy,False,False,False,False,False,False,False,False,False,False,False,False,False,Night,Night,Night,Night,Friday
A-582478,Source2,1,2022-06-27 08:33:44,2022-06-27 09:03:12,41.540352,-72.793602,,,0.0,Crash on Pratt St at Center St.,Pratt St,Meriden,New Haven,CT,06450-4250,US,US/Eastern,KMMK,2022-06-27 08:29:00,72.0,72.0,78.0,29.83,10.0,S,8.0,0.0,Cloudy,False,False,True,False,False,False,False,False,False,False,False,False,False,Day,Day,Day,Day,Monday
A-6792298,Source1,2,2020-11-30 14:17:00,2020-12-01 03:54:03,41.041399,-73.576996,41.040258,-73.581971,0.271,Stationary traffic on I-95 S from Harvard Ave/West Ave/Exit 6 (I-95) to US-1/Exit 5 (I-95) due to accident.,I-95 S,Riverside,Fairfield,CT,06878,US,US/Eastern,KHPN,2020-11-30 13:56:00,60.0,60.0,93.0,29.0,3.0,SSE,21.0,0.17,Light Rain / Windy,False,False,False,False,False,False,False,False,False,False,False,False,False,Day,Day,Day,Day,Monday
A-1831736,Source2,3,2019-11-20 08:43:46,2019-11-20 09:59:37,41.817753,-72.665787,,,0.0,Left lane blocked due to accident on I-91 Southbound at Exit 35B / I-291.,I-91 S,Windsor,Hartford,CT,06095,US,US/Eastern,KBDL,2019-11-20 08:51:00,41.0,35.0,86.0,29.72,2.0,N,10.0,0.0,Light Drizzle,False,False,False,False,False,False,False,False,False,False,False,False,False,Day,Day,Day,Day,Wednesday
A-543107,Source2,3,2022-08-08 14:37:37,2022-08-08 15:37:13,41.557182,-72.889847,,,3.490000009536743,Left lane closed due to crash on I-691 Westbound between Exit 4 Meriden Waterbury Tpke and Exit 3 CT-10.,I-691 W,Cheshire,New Haven,CT,06410,US,US/Eastern,KMMK,2022-08-08 14:38:00,76.0,76.0,85.0,29.86,1.0,W,5.0,0.92,T-Storm,False,False,False,False,False,False,False,False,False,False,False,False,False,Day,Day,Day,Day,Monday
A-7317571,Source1,3,2019-12-17 18:04:54,2019-12-17 18:33:55,41.77196,-72.59792,41.78005,-72.57014000000002,1.537,Between I-384/Exit 59 and US-6/US-44/Middle Tpke/Exit 60 - Accident. Two lanes blocked.,Wilbur Cross Hwy N,East Hartford,Hartford,CT,06108,US,US/Eastern,KHFD,2019-12-17 17:53:00,31.0,26.0,92.0,29.69,3.0,N,5.0,0.02,Wintry Mix,False,False,False,False,False,False,False,False,False,False,False,False,False,Night,Night,Night,Night,Tuesday
A-2926000,Source2,3,2018-03-05 08:53:24,2018-03-05 09:44:00,41.044624,-73.55841099999998,,,2.0199999809265137,Left lane closed due to accident on I-95 Southbound between Exit 7 State St and Exit 6 Grenhart Rd.,West Ave,Stamford,Fairfield,CT,06902,US,US/Eastern,KHPN,2018-03-05 08:56:00,36.0,25.3,57.0,30.02,10.0,NNW,19.6,,Partly Cloudy,False,False,False,False,False,False,False,False,False,False,False,False,False,Day,Day,Day,Day,Monday
A-3645791,Source1,3,2017-07-24 13:02:47,2017-07-24 19:02:47,41.17902,-73.18119,41.17565,-73.16906,0.672,Between Stratford Ave/Exit 28 and Stratford Ave/Exit 29 - Accident., E Main St,Bridgeport,Fairfield,CT,06608-2716,US,US/Eastern,KBDR,2017-07-24 12:52:00,61.0,,87.0,29.81,10.0,NNE,17.3,0.04,Light Rain,False,False,False,False,False,False,False,False,False,False,False,False,False,Day,Day,Day,Day,Monday
A-5558680,Source1,2,2021-10-26 11:35:51,2021-10-26 15:30:00.000000000,41.140083,-73.364898,41.139352,-73.36540600000002,0.057,Accident on CT-33/Wilton Rd/Riverside Ave (Post Rd/US-1) from Kings Hwy (Post Rd/US-1) to US-1 N - US-1 S., Wright St,Westport,Fairfield,CT,06880,US,US/Eastern,KBDR,2021-10-26 11:29:00,65.0,65.0,93.0,29.38,8.0,ESE,24.0,0.09,Light Rain / Windy,False,False,False,False,False,False,False,False,False,False,False,False,False,Day,Day,Day,Day,Tuesday
A-423412,Source2,2,2017-05-06 17:58:23,2017-05-06 18:30:00,41.237202,-73.176163,,,0.01,Accident on CT-15 Eastbound at Exit 50 CT-127 White Plains Rd.,Merritt Pkwy N,Trumbull,Fairfield,CT,06611,US,US/Eastern,KBDR,2017-05-06 17:52:00,62.1,,70.0,29.42,10.0,South,9.2,,Scattered Clouds,False,False,False,False,True,False,False,False,False,False,False,False,False,Day,Day,Day,Day,Saturday
A-1756837,Source2,3,2019-10-16 22:31:05,2019-10-16 23:14:58,41.293961,-72.783325,,,1.600000023841858,Lane blocked due to accident on I-95 Governor John Davis Lodge Tpke Southbound from Exit 56 Leetes Island Rd to Exit 55 US-1 Main St.,E Main St,Branford,New Haven,CT,06405,US,US/Eastern,KHVN,2019-10-16 22:26:00,63.0,63.0,90.0,29.16,4.0,E,25.0,0.42,Rain / Windy,False,False,False,False,True,False,False,False,False,False,False,False,False,Night,Night,Night,Night,Wednesday
A-5918476,Source1,2,2021-07-09 10:03:00,2021-07-09 11:43:10,41.77189707736124,-72.59974837268544,41.76747707736124,-72.61960837268542,1.068,ConnDOT: Crash (1 Vehicle) on I-84 Westbound between Exits 59 and 58. The left lane is closed. Reported Friday July 9 at 10:03 am.,I-84,East Hartford,Capitol,CT,06118,US,US/Eastern,KHFD,2021-07-09 10:07:00,70.0,70.0,87.0,29.71,1.0,ENE,10.0,0.32,Heavy Rain,False,False,False,False,False,False,False,False,False,False,False,False,False,Day,Day,Day,Day,Friday
A-6298195,Source1,2,2021-03-26 19:53:00,2021-03-26 23:06:13,41.109798,-73.402788,41.111701,-73.396749,0.341,Motor Vehicle Accident (2 Vehicle) on I-95 Northbound between Exits 16 and 17. The left lane is closed. Reported Friday March 26 at 7:53 pm.,Governor John Davis Lodge Tpke,Norwalk,Fairfield,CT,06851,US,US/Eastern,KBDR,2021-03-26 19:52:00,68.0,68.0,39.0,29.71,10.0,W,26.0,0.0,Haze / Windy,False,False,False,False,True,False,False,False,False,False,False,False,False,Night,Night,Day,Day,Friday
A-6815660,Source1,2,2020-09-28 08:53:00,2020-09-28 10:38:00,41.283649,-72.950624,41.283369,-72.939914,0.556,Incident on I-95 NB near EXIT 43 Expect long delays.,Governor John Davis Lodge Tpke,West Haven,South Central Connecticut,CT,06516,US,US/Eastern,KHVN,2020-09-28 08:53:00,71.0,71.0,90.0,29.93,10.0,S,14.0,0.0,Cloudy,False,False,False,False,False,False,False,False,False,False,False,False,False,Day,Day,Day,Day,Monday
A-220854,Source2,2,2016-07-31 18:24:50,2016-07-31 19:03:13,41.237408,-73.178467,,,0.0,Accident on CT-15 Westbound at Exit 50 CT-127 White Plains Rd.,Merritt Pkwy N,Trumbull,Fairfield,CT,06611,US,US/Eastern,KBDR,2016-07-31 18:16:00,75.0,,84.0,30.01,10.0,East,16.1,,Overcast,False,False,False,False,False,False,False,False,False,False,False,False,False,Day,Day,Day,Day,Sunday
A-5989616,Source1,2,2021-10-26 11:28:00,2021-10-26 12:49:55,41.543249,-72.752874,41.535818,-72.76523399999998,0.82,ConnDOT: Crash (1 Vehicle) on I-91 Southbound between Exits 19 and 18. The left lane is closed. Reported Tuesday October 26 at 11:28 am.,I-91 S,Meriden,New Haven,CT,06450,US,US/Eastern,KMMK,2021-10-26 11:14:00,56.0,56.0,90.0,29.35,2.0,NNE,8.0,0.2,Heavy Rain,False,False,False,False,False,False,False,False,False,False,False,False,False,Day,Day,Day,Day,Tuesday
A-7470082,Source1,4,2019-01-26 12:27:27,2019-01-26 12:57:25,41.309131,-72.748009,41.31052,-72.74616999999998,0.135,Closed at Notch Hill Rd - Road closed due to accident., E Main St,Branford,New Haven,CT,06405-2920,US,US/Eastern,KHVN,2019-01-26 12:53:00,32.0,22.5,42.0,30.24,10.0,SSW,12.7,,Scattered Clouds,False,False,False,False,False,False,False,False,False,False,False,False,False,Day,Day,Day,Day,Saturday
A-4157256,Source1,2,2022-02-25 12:10:00,2022-02-25 12:33:30,41.88242,-72.659798,41.842356,-72.665253,2.782,Slow traffic on I-91 S from I-91 HOV (I-91) to CT-178/Park Ave/Exit 36 (I-91) due to accident.,I-91,Windsor,Capitol,CT,06095,US,US/Eastern,KBDL,2022-02-25 12:15:00,27.0,17.0,85.0,29.76,1.0,N,10.0,0.01,Snow and Sleet,False,False,False,False,False,False,False,False,False,False,False,False,False,Day,Day,Day,Day,Friday
A-7173159,Source1,1,2020-04-13 08:11:27,2020-04-13 08:41:27,41.18835,-73.13587,41.18835,-73.13587,0.0,At Honeyspot Rd/South Ave/Exit 31 - Accident.,Governor John Davis Lodge Tpke,Stratford,Fairfield,CT,06615,US,US/Eastern,KBDR,2020-04-13 08:02:00,55.0,55.0,93.0,29.87,3.0,SSE,10.0,0.05,Rain,False,False,False,False,False,False,False,False,False,False,False,False,False,Day,Day,Day,Day,Monday
A-5642164,Source1,4,2021-11-21 21:37:00,2021-11-22 06:45:00,41.55116200427269,-73.03943753207666,41.55126200427269,-73.03728753207666,0.111,Construction on I-84 EB near EXIT 19 Road closed. Take alternate route.,I-84,Waterbury,Naugatuck Valley,CT,06702,US,US/Eastern,KOXC,2021-11-21 21:39:00,48.0,44.0,100.0,29.21,5.0,SSE,10.0,0.01,Light Rain,False,False,False,False,True,False,False,False,False,False,False,False,False,Night,Night,Night,Night,Sunday
A-7700542,Source1,4,2017-08-25 14:20:56,2017-08-25 20:20:56,41.368309,-73.270841,41.366289,-73.27078900000002,0.14,Closed at Kay Ln - Road closed due to accident., S Main St,Newtown,Fairfield,CT,06470-2719,US,US/Eastern,KOXC,2017-08-25 13:51:00,71.1,,51.0,30.14,10.0,NW,10.4,,Scattered Clouds,False,False,False,False,False,False,False,False,False,False,False,False,False,Day,Day,Day,Day,Friday
A-3614295,Source1,4,2017-05-12 15:05:02,2017-05-12 21:05:02,41.24866,-73.07991,41.28614,-73.04262,3.234,Closed between Wheelers Farms Rd/Exit 55 and CT-121/Exit 56 - Road closed due to accident.,CT-15 S,Milford,New Haven,CT,06461,US,US/Eastern,KBDR,2017-05-12 14:52:00,59.0,,55.0,30.03,10.0,SSE,13.8,,Clear,False,False,False,False,False,False,False,False,False,False,False,False,False,Day,Day,Day,Day,Friday
A-2616449,Source2,2,2018-07-31 11:31:52,2018-07-31 12:01:18,41.512417,-72.597679,,,3.049999952316284,Lane blocked due to Truck accident on CT-9 Southbound between Exit 11 Randolph Rd and Exit 10 CT-154 Aircraft Rd.,Aircraft Rd,Middletown,Middlesex,CT,06457,US,US/Eastern,KMMK,2018-07-31 11:53:00,79.0,,62.0,30.13,10.0,WSW,3.5,,Scattered Clouds,False,False,False,False,False,False,False,False,False,False,False,False,False,Day,Day,Day,Day,Tuesday
A-1171317,Source2,3,2021-02-01 17:12:46,2021-02-01 17:42:29,41.108776,-73.405991,,,0.0,Two lanes blocked due to accident on I-95 Governor John Davis Lodge Tpke Southbound at Exit 16 East Ave.,Governor John Davis Lodge Tpke,Norwalk,Fairfield,CT,06851,US,US/Eastern,KBDR,2021-02-01 16:52:00,30.0,15.0,92.0,29.69,0.25,NNE,31.0,0.14,Heavy Snow / Windy,False,False,False,False,False,False,False,False,False,False,False,False,False,Night,Day,Day,Day,Monday
A-710964,Source2,3,2022-02-14 15:09:56,2022-02-14 16:08:14,41.817707,-72.666023,,,0.0,Two lanes blocked due to crash on I-91 Southbound at exit 35B.,I-91 S,Windsor,Hartford,CT,06095,US,US/Eastern,KBDL,2022-02-14 14:51:00,21.0,5.0,21.0,29.9,10.0,NNW,21.0,0.0,Fair / Windy,False,False,False,False,False,False,False,False,False,False,False,False,False,Day,Day,Day,Day,Monday
A-636004,Source2,2,2022-04-27 15:49:52,2022-04-27 16:50:14,41.188488,-73.19368,,,0.0,Right lane blocked due to crash on CT-25 Colonel Henry Mucci Hwy Southbound at Exit 3 / Washington Ave.,CT-25 S,Bridgeport,Fairfield,CT,06604,US,US/Eastern,KBDR,2022-04-27 15:52:00,52.0,52.0,40.0,29.84,10.0,NW,22.0,0.0,Light Rain / Windy,False,False,False,False,False,False,False,False,False,False,False,False,False,Day,Day,Day,Day,Wednesday
A-5510489,Source1,4,2021-12-18 08:47:51,2021-12-18 10:07:03,41.76254,-72.49758100000003,41.774911,-72.463982,1.931,I-384 Eastbound CLOSED between Exits 4 and 5 because of Crash (Overturned Motor Vehicle). Reported Saturday December 18 at 8:48 am.,I-384 E,Manchester,Hartford,CT,06040,US,US/Eastern,KHFD,2021-12-18 08:53:00,39.0,39.0,67.0,30.19,10.0,CALM,0.0,0.01,Light Sleet,False,False,False,False,False,False,False,False,False,False,False,False,False,Day,Day,Day,Day,Saturday
A-4058668,Source1,2,2022-01-16 22:49:00,2022-01-17 00:34:00,41.297206,-72.734082,41.296195,-72.697402,1.905,ConnDOT: I-95 Northbound CLOSED between Exits 56 and 57 because of Crash (2 Vehicle). Reported Sunday January 16 at 10:49 pm.,Governor John Davis Lodge Tpke N,Guilford,New Haven,CT,06437,US,US/Eastern,KSNC,2022-01-16 22:55:00,32.0,24.0,87.0,29.48,7.0,ENE,10.0,0.0,Wintry Mix,False,False,False,False,False,False,False,False,False,False,False,False,False,Night,Night,Night,Night,Sunday
A-7013924,Source1,3,2020-05-07 16:52:50,2020-05-07 17:07:50,41.02577,-73.60935,41.01945,-73.62935999999998,1.131,Between US-1/Exit 5 and Arch St/Exit 3 - Accident. Left lane blocked.,I-95 N,Greenwich,Fairfield,CT,06830,US,US/Eastern,KHPN,2020-05-07 16:56:00,64.0,64.0,17.0,29.23,10.0,W,10.0,0.0,Partly Cloudy,False,False,False,False,True,False,False,False,False,False,False,False,False,Day,Day,Day,Day,Thursday
A-2835323,Source2,3,2018-05-20 09:26:43,2018-05-20 10:11:36,41.669853,-72.841286,,,0.0,Accident on I-84 Westbound at Exit 33 Crooked St.,I-84 E,Plainville,Hartford,CT,06062,US,US/Eastern,KMMK,2018-05-20 09:26:00,61.0,,100.0,29.94,1.0,SSE,4.6,,Mist,False,False,False,False,False,False,False,False,False,False,False,False,False,Day,Day,Day,Day,Sunday
A-1005037,Source2,2,2021-06-14 11:10:51,2021-06-14 11:56:02,41.736008,-72.742897,,,1.0700000524520874,Right hand shoulder blocked due to accident on I-84 Westbound between Exit 42 Trout Brook Dr and Exit 41 Main St.,S Main St,West Hartford,Hartford,CT,06107-3617,US,US/Eastern,KHFD,2021-06-14 10:53:00,64.0,64.0,87.0,29.89,4.0,SSE,7.0,0.04,Heavy T-Storm,False,False,True,False,False,False,False,False,False,False,False,False,False,Day,Day,Day,Day,Monday
A-7064416,Source1,3,2020-06-28 20:06:00,2020-06-28 20:51:00,41.21096,-73.09012,41.21096,-73.09012,0.0,At US-1/Exit 34 - Accident.,I-95 S,Milford,New Haven,CT,06461,US,US/Eastern,KBDR,2020-06-28 20:05:00,74.0,74.0,85.0,29.71,10.0,S,5.0,0.0,Thunder in the Vicinity,False,False,False,False,True,False,False,False,False,False,False,False,False,Day,Day,Day,Day,Sunday
A-375592,Source2,3,2017-03-27 10:31:38,2017-03-27 11:01:21,41.190434,-73.134026,,,2.51,Left lane closed due to accident on I-95 Southbound between Exit 34 US-1 Bridgeport Ave and Exit 32 Broad St.,I-95 N,Stratford,Fairfield,CT,06615,US,US/Eastern,KBDR,2017-03-27 10:35:00,41.0,34.3,93.0,30.1,2.0,ENE,11.5,0.22,Heavy Rain,False,False,False,False,False,False,False,False,False,False,False,False,False,Day,Day,Day,Day,Monday
A-7460541,Source1,4,2019-01-10 14:03:42,2019-01-10 14:33:37,41.38653,-72.43593,41.388001,-72.436334,0.104,Closed at High St - Road closed due to accident., Main St,Deep River,Middlesex,CT,06417-1755,US,US/Eastern,KSNC,2019-01-10 13:55:00,32.0,22.1,48.0,29.61,10.0,NW,13.8,,Mostly Cloudy,False,False,True,False,False,False,False,False,False,False,False,False,False,Day,Day,Day,Day,Thursday
A-4384747,Source1,2,2022-09-05 16:10:29,2022-09-05 18:20:22,41.68224692,-71.90827489,41.66304692,-71.91685489,1.399,ConnDOT: I-395 Southbound CLOSED between Exits 29 and 28 because of Crash (1 Vehicle). Reported Monday September 5 at 4:10 pm.,Governor John Davis Lodge Tpke,Plainfield,Northeastern Connecticut,CT,06374,US,US/Eastern,KIJD,2022-09-05 16:07:00,68.0,68.0,100.0,29.84,1.0,NNE,8.0,0.1,Heavy Rain,False,False,False,False,False,False,False,False,False,False,False,False,False,Day,Day,Day,Day,Monday
A-213474,Source2,1,2016-08-11 12:01:47,2016-08-11 12:31:47,41.820522,-72.83081800000002,,,0.0,Accident on Rosewood Rd near Castlewood Rd.,Castlewood Rd,Avon,Hartford,CT,06001-3703,US,US/Eastern,KHFD,2016-08-11 12:00:00,88.0,,70.0,30.04,10.0,Variable,3.5,,Scattered Clouds,False,False,False,False,False,False,False,False,False,False,False,False,False,Day,Day,Day,Day,Thursday
A-7240615,Source1,2,2020-01-28 08:46:49,2020-01-28 09:16:14,41.80154,-72.656,41.82715,-72.66566,1.838,Between CT-159/Exit 34 and I-291/CT-218/Exit 35 - Accident. Left lane blocked.,I-91 N,Hartford,Hartford,CT,06120,US,US/Eastern,KHFD,2020-01-28 08:53:00,38.0,32.0,60.0,29.76,10.0,WNW,8.0,0.0,Smoke,False,False,False,False,False,False,False,False,False,False,False,False,False,Day,Day,Day,Day,Tuesday
A-543087,Source2,3,2022-08-08 13:33:08,2022-08-08 14:02:35,41.534451,-73.08725,,,8.029999732971191,Left lane closed due to crash on I-84 Eastbound between Exit 16 CT-188 Strongtown Rd and Exit 17 CT-63.,I-84 E,Middlebury,New Haven,CT,06762,US,US/Eastern,KOXC,2022-08-08 13:26:00,90.0,90.0,59.0,29.21,10.0,WSW,15.0,0.0,Thunder,False,False,False,False,False,False,False,False,False,False,False,False,False,Day,Day,Day,Day,Monday
