ID,Source,Severity,Start_Time,End_Time,Start_Lat,Start_Lng,End_Lat,End_Lng,Distance(mi),Description,Street,City,County,State,Zipcode,Country,Timezone,Airport_Code,Weather_Timestamp,Temperature(F),Wind_Chill(F),Humidity(%),Pressure(in),Visibility(mi),Wind_Direction,Wind_Speed(mph),Precipitation(in),Weather_Condition,Amenity,Bump,Crossing,Give_Way,Junction,No_Exit,Railway,Roundabout,Station,Stop,Traffic_Calming,Traffic_Signal,Turning_Loop,Sunrise_Sunset,Civil_Twilight,Nautical_Twilight,Astronomical_Twilight,Day_Of_Week
A-4436965,Source1,4,2022-01-20 16:48:30,2022-01-20 18:51:35,45.644517,-110.572427,45.650184,-110.608541,1.788,I-90 W - US-191 S is closed from US-89/Exit 333 (I-90) to US-10/Exit 330 (I-90) due to accident.,I-90 W,Livingston,Park,MT,59047,US,US/Mountain,KLVM,2022-01-20 16:53:00,33.0,17.0,66.0,25.2,8.0,SSW,41.0,0.0,Cloudy / Windy,False,False,False,False,False,False,False,False,False,False,False,False,False,Day,Day,Day,Day,Thursday
A-5604399,Source1,2,2021-11-19 07:56:30,2021-11-19 08:11:00,46.925643682256094,-114.07249331419908,46.949753682256095,-114.12819331419908,3.111,Slow traffic on I-90 W - MT-200 W - US-93 N from Airway Blvd/Exit 99 (I-90) to US-93/MT-200/Exit 96 (I-90) due to accident.,I-90 W,Missoula,Missoula,MT,59808,US,US/Mountain,KMSO,2021-11-19 07:53:00,31.0,31.0,85.0,26.62,9.0,WSW,3.0,0.01,Wintry Mix,False,False,False,False,False,False,False,False,False,False,False,False,False,Day,Day,Day,Day,Friday
A-4106636,Source1,2,2023-01-06 03:14:28,2023-01-06 04:32:39,45.779688,-109.804439,45.78850300000001,-109.822751,1.072,Incident on I-90 WB near MM 377 Drive with caution.,I-90 W,Greycliff,Sweet Grass,MT,59033,US,US/Mountain,KLVM,2023-01-06 03:25:00,30.0,25.0,88.0,25.18,5.0,WNW,5.0,0.0,Light Snow,False,False,False,False,False,False,False,False,False,False,False,False,False,Night,Night,Night,Night,Friday
A-3959174,Source1,4,2022-04-23 14:09:28,2022-04-24 15:07:51,45.568573,-105.525093,45.573825,-105.531845,0.488,Travelers can expect the following: enforced road closure until further notice.,N State Highway 59,Broadus,Powder River,MT,59317,US,US/Mountain,KW43,2022-04-23 14:15:00,32.0,19.0,87.0,25.32,0.5,NNW,22.0,0.0,Snow / Windy,False,False,False,False,False,False,False,False,False,False,False,False,False,Day,Day,Day,Day,Saturday
A-4027507,Source1,2,2022-02-21 23:41:30,2022-02-22 01:43:31,45.70126891114377,-109.39396977372458,45.68385891114377,-109.45311977372458,3.0980000000000003,Travelers can expect the following: Crash blockage and road blocked with reduced lanes until further notice. westbound driving lane blocked for vehicle recovery emergency responders on scene; reduce speed use caution.,I-90 W,Reed Point,Stillwater,MT,59069,US,US/Mountain,KLVM,2022-02-21 23:53:00,-7.0,-32.0,75.0,25.38,10.0,ENE,21.0,0.0,Partly Cloudy / Windy,False,False,False,False,False,False,False,False,False,False,False,False,False,Night,Night,Night,Night,Monday
A-7615274,Source1,3,2018-02-05 22:28:27,2018-02-06 04:28:27,45.47425,-108.99986,45.47425,-108.99986,0.0,At Columbus - Accident. Single alternate lane traffic., US Highway 212,Joliet,Carbon,MT,59041-9484,US,US/Mountain,KBIL,2018-02-05 22:34:00,9.0,,92.0,30.01,5.0,Calm,,0.01,Light Snow,False,False,False,False,False,False,False,False,False,False,False,False,False,Night,Night,Night,Night,Monday
A-5929421,Source1,2,2021-08-28 15:34:34,2021-08-28 20:09:31,46.304282,-109.016618,46.305862,-109.012811,0.212,Incident on US-12 near MM 143 Expect delays., US Highway 12,Lavina,Golden Valley,MT,59046,US,US/Mountain,KBIL,2021-08-28 15:32:00,60.0,60.0,64.0,26.42,1.0,NNW,22.0,0.05,Heavy Rain / Windy,False,False,False,False,False,False,False,False,False,False,False,False,False,Day,Day,Day,Day,Saturday
A-5875563,Source1,2,2021-12-05 11:31:30,2021-12-05 13:53:00,45.60410857178877,-109.15353655763076,45.64481857178876,-109.24294655763076,5.155,Slow traffic on I-90 W from US-10/Exit 426 (I-90) to MT-78/Exit 408 (I-90) due to accident.,I-90 W,Columbus,Stillwater,MT,59019,US,US/Mountain,KBIL,2021-12-05 11:53:00,25.0,9.0,66.0,26.42,10.0,NW,25.0,0.0,Mostly Cloudy / Windy,False,False,False,False,False,False,False,False,False,False,False,False,False,Day,Day,Day,Day,Sunday
A-4079461,Source1,4,2022-03-05 09:17:58,2022-03-06 10:14:05,45.817717,-108.340648,45.814509,-108.336571,0.296,Construction on I-90 EB near MP 459 Road closed. Take alternate route.,Hogan Rd,Billings,Yellowstone,MT,59101,US,US/Mountain,KBIL,2022-03-05 09:07:00,20.0,20.0,85.0,26.33,7.0,NE,3.0,0.0,Cloudy,False,False,False,False,False,False,False,False,False,False,False,False,False,Day,Day,Day,Day,Saturday
A-4249436,Source1,2,2022-12-04 17:18:30,2022-12-04 19:38:37,45.663332,-110.965682,45.668959,-110.99075,1.271,Incident on I-90 WB near MM 315 Drive with caution.,I-90 W,Bozeman,Gallatin,MT,59715,US,US/Mountain,KBZN,2022-12-04 17:26:00,17.0,9.0,88.0,25.39,0.5,SSW,6.0,0.04,Snow,False,False,False,False,False,False,False,False,False,False,False,False,False,Night,Night,Day,Day,Sunday
A-7301961,Source1,3,2019-12-06 10:45:04,2019-12-06 11:11:05,45.71595900000001,-111.064657,45.71595900000001,-111.064657,0.0,At MT-412/19th Ave/Exit 305 - Accident. Two lanes blocked.,I-90 W,Bozeman,Gallatin,MT,59718,US,US/Mountain,KBZN,2019-12-06 10:56:00,27.0,27.0,75.0,25.61,10.0,CALM,0.0,0.0,Partly Cloudy,False,False,False,False,False,False,False,False,False,False,False,False,False,Day,Day,Day,Day,Friday
A-4074191,Source1,2,2023-01-23 09:04:32,2023-01-23 10:21:12.000000000,46.97399,-104.135861,46.940599,-104.072406,3.779,Incident on I-94 EB near MM 241 Drive with caution.,I-94 E,Wibaux,Wibaux,MT,59353,US,US/Mountain,K20U,2023-01-23 08:55:00,21.0,6.0,93.0,27.21,10.0,W,21.0,0.0,Fair / Windy,False,False,False,False,False,False,False,False,False,False,False,False,False,Day,Day,Day,Day,Monday
A-4768960,Source1,2,2022-04-28 11:10:47,2022-04-29 12:04:36,45.488954,-111.271261,45.491401,-111.272401,0.178,Travelers can expect the following: Crash unknown blockage multiple vehicles until further notice. MULTI CAR CRASH WITH UNKNOWN BLOCKAGEREDUCE SPEEDWATCH FOR EMERGENCY SERVICEEXPECT DELAYS, Gallatin Rd,Gallatin Gateway,Gallatin,MT,59730,US,US/Mountain,KBZN,2022-04-28 10:56:00,41.0,41.0,86.0,25.36,10.0,CALM,0.0,0.0,Partly Cloudy,False,False,False,False,False,False,False,False,False,False,False,False,False,Day,Day,Day,Day,Thursday
A-7466870,Source1,2,2019-01-21 07:25:37,2019-01-21 07:55:31,45.870205,-111.94633799999998,45.87,-111.94937,0.147,At I-90 - Jackknifed articulated truck. Lane blocked.,I-90 W,Cardwell,Jefferson,MT,59721,US,US/Mountain,KBTM,2019-01-21 07:53:00,27.0,16.7,66.0,29.76,10.0,NW,11.5,0.0,Overcast,False,False,False,False,False,False,False,False,False,False,False,False,False,Night,Night,Day,Day,Monday
A-6701652,Source1,2,2020-10-15 00:31:40,2020-10-15 10:10:40,46.47221,-114.083532,46.472167,-114.08874099999998,0.248,Incident on HIGGINS LN near EASTSIDE HWY Expect delays., Higgins Ln,Stevensville,Ravalli,MT,59870-6703,US,US/Mountain,KHMM,2020-10-15 00:22:00,40.0,36.0,97.0,27.0,4.0,NNE,6.0,0.01,Rain,False,False,True,False,False,False,True,False,False,False,False,False,False,Night,Night,Night,Night,Thursday
A-3606372,Source1,4,2017-05-05 13:57:27,2017-05-05 19:57:27,46.95424600000001,-110.755073,46.918603,-110.716714,3.056,Closed between Harley Creek Ln and NF-839 - Road closed due to accident., US Highway 89,Neihart,Cascade,MT,59465,US,US/Mountain,KGFA,2017-05-05 13:58:00,82.6,,22.0,29.73,10.0,WSW,15.0,,Clear,False,False,False,False,False,False,False,False,False,False,False,False,False,Day,Day,Day,Day,Friday
A-3512885,Source1,2,2016-11-11 11:31:26,2016-11-11 17:31:26,45.90506,-112.2394,45.92136,-112.41595,8.561,Between Delmoe Lake Rd/Exit 241 and Homestake Pass/Exit 233 - Accident.,I-90 W,Whitehall,Jefferson,MT,59759,US,US/Mountain,KBTM,2016-11-11 11:53:00,52.0,,49.0,30.25,10.0,Calm,,,Clear,False,False,False,False,False,False,False,False,False,False,False,False,False,Day,Day,Day,Day,Friday
A-7717471,Source1,3,2019-05-03 22:40:27,2019-05-03 23:09:43,47.313888,-115.227086,47.315342,-115.238768,0.556,Between Two Mile Road/Exit 30 and Drexel Rd/Exit 25 - Oil spillage accident. Left lane blocked.,I-90 W,Saint Regis,Mineral,MT,59866,US,US/Mountain,K3TH,2019-05-03 22:53:00,38.0,34.0,68.0,23.89,10.0,NNW,5.0,0.0,Mostly Cloudy,False,False,False,False,False,False,False,False,False,False,False,False,False,Night,Night,Night,Day,Friday
A-3515155,Source1,4,2016-09-08 06:51:46,2016-09-08 12:51:46,46.777852,-113.711601,46.83396,-113.82568,6.643,Closed between Rock Creek Rd/Exit 126 and Exit 113 - Road closed due to accident.,US-12 W,Clinton,Missoula,MT,59825,US,US/Mountain,KMSO,2016-09-08 06:53:00,54.0,,83.0,30.01,10.0,ENE,3.5,0.0,Overcast,False,False,False,False,False,False,False,False,False,False,False,False,False,Night,Day,Day,Day,Thursday
A-3953435,Source1,2,2022-02-20 20:16:41,2022-02-20 21:32:14,48.399109,-114.382869,48.40232,-114.380734,0.243,Incident on BLANCHARD LAKE RD near US-93 Drive with caution.,Blanchard Lake Rd,Whitefish,Flathead,MT,59937,US,US/Mountain,KGPI,2022-02-20 20:21:00,16.0,-4.0,84.0,26.71,0.25,N,28.0,0.01,Blowing Snow / Windy,False,False,False,False,False,False,False,False,False,False,False,False,False,Night,Night,Night,Night,Sunday
A-5683192,Source1,2,2021-08-20 15:04:46,2021-08-20 17:15:19,46.868992,-113.88118,46.86463300000001,-113.970043,4.209,Slow traffic on US-12 W - I-90 W - MT-200 W from Mountain Dr/Exit 113 (I-90) to I-90/Van Buren St/Exit 105 (I-90) due to accident.,I-90 W,Missoula,Missoula,MT,59802,US,US/Mountain,KMSO,2021-08-20 15:08:00,60.0,60.0,64.0,26.67,2.0,N,22.0,0.0,Heavy T-Storm / Windy,False,False,False,False,False,False,False,False,False,False,False,False,False,Day,Day,Day,Day,Friday
A-4540675,Source1,2,2022-06-07 15:20:12,2022-06-07 16:36:36.000000000,46.266519,-106.601025,46.266672,-106.628199,1.298,Incident on I-94 WB near MM 97 Expect delays.,I-94 W,Forsyth,Rosebud,MT,59327,US,US/Mountain,KM46,2022-06-07 15:24:00,56.0,56.0,93.0,27.24,9.0,SE,3.0,0.01,Light Rain with Thunder,False,False,False,False,False,False,False,False,False,False,False,False,False,Day,Day,Day,Day,Tuesday
A-3705249,Source1,2,2022-11-12 01:03:52,2022-11-12 02:29:16,46.483201,-114.126399,46.48527,-114.125932,0.145,Incident on US-93 near MM 64 Drive with caution., US Highway 93 N,Stevensville,Ravalli,MT,59870-6545,US,US/Mountain,KHMM,2022-11-12 01:04:00,7.0,7.0,84.0,26.91,0.75,NNW,3.0,0.0,Fog,False,False,False,False,False,False,False,False,False,False,False,False,False,Night,Night,Night,Night,Saturday
A-7512002,Source1,3,2018-10-01 06:03:15,2018-10-01 06:32:49,45.65106,-110.94229,45.65611,-110.94695,0.415,At Bozeman Trail Rd/Exit 313 - Accident. emergency vehicles at scene.,I-90 W,Bozeman,Gallatin,MT,59715,US,US/Mountain,KBZN,2018-10-01 06:00:00,27.0,,96.0,30.06,0.2,Calm,,,Light Freezing Fog,False,False,False,False,True,False,False,False,False,False,False,False,False,Night,Night,Night,Day,Monday
A-3515764,Source1,3,2016-07-14 09:00:00,2016-07-14 15:00:00,46.745471,-112.014486,46.754811,-112.01516,0.6459999999999999,At Gates of the Mtns Rd/Exit 209 - Accident.,I-15 N,Helena,Lewis and Clark,MT,59602,US,US/Mountain,KHLN,2016-07-14 08:53:00,59.0,,58.0,30.22,10.0,NE,4.6,,Clear,False,False,False,False,False,False,False,False,False,False,False,False,False,Day,Day,Day,Day,Thursday
A-5387980,Source1,2,2022-02-10 12:08:58,2022-02-10 13:26:11.000000000,46.48990273453479,-109.76606726594082,46.46086273453479,-109.7765672659408,2.068,Incident on US-191 near MM 3 Drive with caution.,Lower Nihill Rd,Shawmut,Wheatland,MT,59078,US,US/Mountain,K3HT,2022-02-10 11:54:00,52.0,52.0,41.0,25.56,10.0,WNW,22.0,0.0,Fair / Windy,False,False,False,False,False,False,False,False,False,False,False,False,False,,,,,Thursday
A-5100392,Source1,2,2022-11-09 13:11:14,2022-11-09 14:41:53,47.440173,-114.096959,47.44163,-114.096951,0.101,Incident on US-93 near MM 41 Expect delays., US Highway 93,Charlo,Lake,MT,59824-9707,US,US/Mountain,KMSO,2022-11-09 13:20:00,21.0,13.0,81.0,26.55,0.5,ESE,6.0,0.03,Snow,False,False,False,False,False,False,False,False,False,False,False,False,False,Day,Day,Day,Day,Wednesday
A-4631702,Source1,2,2022-04-12 01:43:37,2022-04-12 02:59:30,45.726435,-110.240245,45.719875,-110.254265,0.8140000000000001,Incident on I-90 WB near MM 356 Drive with caution.,I-90 W,Livingston,Park,MT,59047,US,US/Mountain,KLVM,2022-04-12 01:53:00,24.0,7.0,84.0,24.86,0.5,E,31.0,0.02,Snow / Windy,False,False,False,False,True,False,False,False,False,False,False,False,False,Night,Night,Night,Night,Tuesday
A-4231537,Source1,2,2022-12-20 09:32:07,2022-12-20 10:49:21.000000000,48.451385,-113.81842,48.456648,-113.82378,0.439,Incident on US-2 near MM 163 Expect delays., US Highway 2 E,Kalispell,Flathead,MT,59901,US,US/Mountain,KGPI,2022-12-20 09:47:00,3.0,3.0,84.0,27.01,0.5,VAR,3.0,0.03,Snow,False,False,False,False,False,False,False,False,False,False,False,False,False,Day,Day,Day,Day,Tuesday
A-3563517,Source1,4,2017-02-01 10:30:43,2017-02-01 16:30:43,45.70111,-109.39291,45.6445,-109.24292,8.23,Closed between Springtime Road/Exit 400 and MT-78/Exit 408 - Road closed due to accident.,I-90 E,Columbus,Stillwater,MT,59019,US,US/Mountain,KBIL,2017-02-01 10:53:00,10.0,-3.7,67.0,30.55,10.0,West,10.4,0.0,Scattered Clouds,False,False,False,False,True,False,False,False,False,False,False,False,False,Day,Day,Day,Day,Wednesday
A-5454755,Source1,2,2022-04-29 07:08:43,2022-04-29 08:35:57.000000000,46.290088891762295,-112.09669232315017,46.3132188917623,-112.07775232315016,1.836,Incident on I-15 NB near MM 170 Drive with caution.,I-15 N,Boulder,Jefferson,MT,59632,US,US/Mountain,KHLN,2022-04-29 07:19:00,35.0,29.0,89.0,26.0,2.0,WNW,7.0,0.04,Rain,False,False,False,False,False,False,False,False,False,False,False,False,False,Day,Day,Day,Day,Friday
A-6671387,Source1,2,2020-12-13 19:05:44,2020-12-13 21:47:03.000000000,47.654547,-114.647348,47.659406,-114.647332,0.336,Incident on WEST RD near GARDEN CREEK RD Drive with caution., West Rd,Hot Springs,Sanders,MT,59845,US,US/Mountain,K3TH,2020-12-13 19:04:00,22.0,22.0,82.0,23.8,1.0,VAR,3.0,0.0,Haze,False,False,False,False,False,False,False,False,False,False,False,False,False,Night,Night,Night,Night,Sunday
A-5221325,Source1,2,2022-09-12 08:59:06,2022-09-12 10:17:22,47.534181,-114.070267,47.538398,-114.070295,0.291,Incident on FOOTHILLS DR near CEMETERY RD Drive with caution., N Foothills Dr,Ronan,Lake,MT,59864-9103,US,US/Mountain,KMSO,2022-09-12 08:53:00,50.0,50.0,63.0,26.79,2.0,CALM,0.0,0.0,Haze,False,False,False,False,False,False,False,False,False,False,False,False,False,Day,Day,Day,Day,Monday
A-4912769,Source1,4,2022-08-03 14:20:13,2022-08-04 15:10:04.000000000,45.705292,-109.500095,45.708138,-109.511718,0.594,Construction on I-90 WB near MP 394 Road closed. Take alternate route.,I-90 W,Reed Point,Stillwater,MT,59069,US,US/Mountain,KLVM,2022-08-03 13:53:00,91.0,91.0,15.0,25.3,10.0,W,23.0,0.0,Fair / Windy,False,False,False,False,False,False,False,False,False,False,False,False,False,Day,Day,Day,Day,Wednesday
A-3619581,Source1,4,2017-05-12 17:01:56,2017-05-12 23:01:56,45.804211,-108.574917,45.80207,-108.540679,1.656,Closed at MT-3/N 27th St - Road closed due to accident., US Highway 3,Billings,Yellowstone,MT,59106,US,US/Mountain,KBIL,2017-05-12 16:53:00,82.9,,24.0,29.52,10.0,ESE,16.1,,Mostly Cloudy,False,False,False,False,False,False,False,False,False,False,False,False,False,Day,Day,Day,Day,Friday
A-5273077,Source1,2,2022-07-17 18:48:55,2022-07-17 20:07:16.000000000,47.443237,-111.293626,47.442977,-111.293508,0.019,Incident on EDEN RD near 55TH AVE S Drive with caution.,Eden Rd,Great Falls,Cascade,MT,59405,US,US/Mountain,KGFA,2022-07-17 18:52:00,91.0,91.0,18.0,26.2,10.0,S,21.0,0.0,Light Rain / Windy,False,False,False,False,False,False,False,False,False,False,False,False,False,Day,Day,Day,Day,Sunday
A-5620752,Source1,2,2021-12-20 15:19:02,2021-12-20 16:41:14,45.70330738999508,-110.46384930557986,45.6875973899951,-110.50132930557986,2.109,Incident on I-90 WB near MM 338 Drive with caution.,I-90 W,Livingston,Park,MT,59047,US,US/Mountain,KLVM,2021-12-20 15:05:00,37.0,22.0,73.0,25.08,0.5,SSW,44.0,0.0,Snow / Windy,False,False,False,False,False,False,False,False,False,False,False,False,False,Day,Day,Day,Day,Monday
A-4839698,Source1,2,2022-07-01 17:29:28,2022-07-01 17:42:59,45.792638,-108.471558,45.794901,-108.462044,0.484,Slow traffic on US-212 E - I-90 E from MT-3/S 27th St/Exit 450 (I-90) to I-90 Bus/US-87/Exit 452 (I-90) due to accident.,I-90 E,Billings,Yellowstone,MT,59101,US,US/Mountain,KBIL,2022-07-01 17:53:00,85.0,85.0,25.0,26.25,10.0,ENE,3.0,0.0,Partly Cloudy,False,False,False,False,False,False,False,False,False,False,False,False,False,Day,Day,Day,Day,Friday
A-3511056,Source1,2,2016-12-01 14:02:29,2016-12-01 20:02:29,47.750801,-111.66603,47.803696,-111.665615,3.655,At MT-221/MT-379/Exit 313 - Accident.,I-15 N,Power,Teton,MT,59468,US,US/Mountain,KGTF,2016-12-01 13:53:00,37.9,33.5,57.0,30.03,10.0,SW,5.8,,Overcast,False,False,False,False,False,False,False,False,False,False,False,False,False,Day,Day,Day,Day,Thursday
A-4388012,Source1,2,2022-01-04 15:12:32,2022-01-04 19:41:30.000000000,47.421176,-115.611799,47.420301,-115.628091,0.764,Incident on I-90 WB near MM 22 Drive with caution.,I-90 W,Saint Regis,Mineral,MT,59866,US,US/Mountain,K3TH,2022-01-04 15:23:00,18.0,10.0,88.0,23.99,0.25,VAR,6.0,0.03,Heavy Snow,False,False,False,False,False,False,False,False,False,False,False,False,False,Day,Day,Day,Day,Tuesday
A-7654731,Source1,3,2017-12-30 14:51:15,2017-12-30 20:51:15,45.655734,-109.271497,45.630719,-108.928635,16.652,Between Springtime Road/Exit 400 and Old US-10/Exit 426 - Accident. Roadway reduced to 1 lane.,I-90 E,Columbus,Stillwater,MT,59019,US,US/Mountain,KBIL,2017-12-30 14:53:00,-6.0,-22.6,79.0,30.4,10.0,NE,9.2,,Partly Cloudy,False,False,False,False,False,False,False,False,False,False,False,False,False,Day,Day,Day,Day,Saturday
A-4698613,Source1,4,2022-02-21 18:47:39,2022-02-22 19:41:06,47.418586,-115.618502,47.421082,-115.611613,0.365,Construction on I-90 EB near MP 5 Road closed. Take alternate route.,I-90 E,Saint Regis,Mineral,MT,59866,US,US/Mountain,K3TH,2022-02-21 18:53:00,-2.0,,79.0,23.91,4.0,,,0.0,Haze,False,False,False,False,False,False,False,False,False,False,False,False,False,Night,Night,Day,Day,Monday
A-4193603,Source1,2,2022-08-12 16:08:24,2022-08-12 17:28:06,45.739928000000006,-108.638062,45.740654,-108.638054,0.05,Incident on 48TH ST W near HESPER RD Drive with caution., Amber Ln,Billings,Yellowstone,MT,59106-3783,US,US/Mountain,KBIL,2022-08-12 15:53:00,93.0,93.0,25.0,26.35,10.0,E,14.0,0.0,Thunder,False,False,False,False,False,False,False,False,False,False,False,False,False,Day,Day,Day,Day,Friday
A-5599378,Source1,2,2021-07-28 10:47:22,2021-07-28 15:58:12,48.77822000000001,-104.572533,48.792514,-105.420064,38.596,Incident on MT-5 near MM 41 Drive with caution., W 1st Ave,Plentywood,Sheridan,MT,59254-1555,US,US/Central,KD50,2021-07-28 11:00:00,73.0,73.0,57.0,28.05,9.0,NNE,14.0,,Partly Cloudy,False,False,False,False,False,False,False,False,False,False,False,False,False,Day,Day,Day,Day,Wednesday
A-5188000,Source1,2,2022-07-17 16:16:39,2022-07-17 17:37:14,47.564228,-111.53919,47.561695,-111.538908,0.176,Incident on VAUGHN NORTH FRONTAGE RD near FRONTAGE RD Drive with caution., Vaughn North Frontage Rd,Vaughn,Cascade,MT,59487-9600,US,US/Mountain,KGTF,2022-07-17 16:19:00,99.0,99.0,11.0,26.07,1.0,W,21.0,0.0,Haze / Windy,False,False,False,False,False,False,False,False,False,False,False,False,False,Day,Day,Day,Day,Sunday
A-4924153,Source1,2,2022-05-29 23:35:28,2022-05-30 00:54:09.000000000,45.66851,-108.838257,45.668545,-108.843109,0.234,Incident on OLD HIGHWAY 10 W near HART RD Expect delays., 33rd Ave W,Laurel,Yellowstone,MT,59044-9735,US,US/Mountain,KBIL,2022-05-29 23:53:00,49.0,47.0,93.0,26.03,6.0,N,5.0,0.1,Rain,False,False,False,False,False,False,False,False,False,False,False,False,False,Night,Night,Night,Night,Sunday
A-6285906,Source1,2,2021-08-28 01:17:23,2021-09-13 15:26:36,48.199612,-114.297905,48.19963,-114.298703,0.037,Incident on CONRAD DR near LAWRENCE LN Expect delays., Lawrence Ln,Kalispell,Flathead,MT,59901-4633,US,US/Mountain,KGPI,2021-08-28 00:55:00,51.0,51.0,96.0,26.99,10.0,N,6.0,0.0,Rain,False,False,False,False,False,False,False,False,False,False,False,False,False,Night,Night,Night,Night,Saturday
A-5457954,Source1,2,2022-01-03 14:46:39,2022-01-03 16:05:23,46.535074,-111.97909,46.534793,-111.979066,0.019,Incident on RIDGEVIEW DR near JACKSON CREEK RD Drive with caution., Jackson Creek Rd,Clancy,Jefferson,MT,59634-9721,US,US/Mountain,KHLN,2022-01-03 14:53:00,38.0,29.0,41.0,25.67,10.0,SE,15.0,0.0,Partly Cloudy,False,False,False,False,False,False,False,False,False,False,False,False,False,Day,Day,Day,Day,Monday
A-6478474,Source1,2,2021-01-08 00:10:49,2021-01-08 02:28:49.000000000,46.624178,-111.982642,46.627274,-111.975761,0.39,Incident on YORK RD near OLSEN RD Expect delays., York Rd,Helena,Lewis and Clark,MT,59602-8817,US,US/Mountain,KHLN,2021-01-08 00:31:00,31.0,31.0,92.0,26.31,2.0,CALM,0.0,0.0,Fog,False,False,False,False,False,False,False,False,False,False,False,False,False,Night,Night,Night,Night,Friday
A-4192993,Source1,2,2022-04-11 22:34:37,2022-04-12 00:31:29,45.65777420975847,-110.7671105856382,45.66663420975847,-110.8310505856382,3.148,Travelers can expect the following: Crash blockage slideoff westbound until further notice. WATCH FOR PASSING LANE BLOCKAGE.,I-90 W,Livingston,Park,MT,59047,US,US/Mountain,KLVM,2022-04-11 22:28:00,26.0,9.0,84.0,24.83,0.25,E,33.0,0.01,Heavy Snow / Windy,False,False,False,False,False,False,False,False,False,False,False,False,False,Night,Night,Night,Night,Monday
A-7454277,Source1,4,2019-02-26 12:35:19,2019-02-26 14:34:38,45.70111,-109.39291,45.69919,-109.38482,0.412,At Springtime Road/Exit 400 - Multi-vehicle accident involving vehicle.,I-90 E,Columbus,Stillwater,MT,59019,US,US/Mountain,KBIL,2019-02-26 12:20:00,-2.9,-16.5,75.0,30.19,0.5,NW,6.9,0.02,Snow,False,False,False,False,True,False,False,False,False,False,False,False,False,Day,Day,Day,Day,Tuesday
A-5728835,Source1,2,2021-04-08 14:27:28,2021-04-08 16:45:28,45.89272800000001,-108.457703,45.89089600000001,-108.458374,0.131,Incident on COUNTRY VIEW DR near LORRAINE ST Drive with caution., Lorraine St,Billings,Yellowstone,MT,59105-5323,US,US/Mountain,KBIL,2021-04-08 14:53:00,44.0,33.0,68.0,26.08,10.0,NNW,33.0,0.0,Light Rain / Windy,False,False,False,False,False,False,False,False,False,False,False,False,False,Day,Day,Day,Day,Thursday
A-3829896,Source1,4,2023-01-27 11:13:37,2023-01-28 12:12:14,48.059266,-114.242562,48.059977,-114.242478,0.049,Construction on US-93 NB near MP 101 Road closed. Take alternate route., Spring Creek Rd,Somers,Flathead,MT,59932-9706,US,US/Mountain,KGPI,2023-01-27 11:14:00,32.0,26.0,100.0,26.82,2.0,SSW,6.0,0.0,Light Snow,False,False,False,False,False,False,False,False,False,False,False,False,False,Day,Day,Day,Day,Friday
A-7476491,Source1,2,2018-12-05 09:55:33,2018-12-05 10:24:57,47.185764,-111.81021,47.19203,-111.80297,0.55,At Frontage Rd/Exit 247 - Accident. Roadway reduced to 1 lane. Lane blocked.,I-15 S,Cascade,Cascade,MT,59421,US,US/Mountain,KGTF,2018-12-05 09:53:00,19.9,4.8,74.0,30.41,10.0,North,18.4,0.0,Overcast,False,False,False,False,False,False,False,False,False,False,False,False,False,Day,Day,Day,Day,Wednesday
A-7428936,Source1,3,2019-03-17 20:13:40,2019-03-17 20:41:55,47.008601,-108.01181499999998,47.016068,-108.068608,2.725,At Winnett - Overturned vehicle. Single alternate lane traffic.,State Highway 200,Winnett,Petroleum,MT,59087,US,US/Mountain,KLWT,2019-03-17 19:54:00,33.1,30.0,75.0,30.42,10.0,NNW,3.5,,Clear,False,False,False,False,False,False,False,False,False,False,False,False,False,Night,Night,Day,Day,Sunday
A-3512092,Source1,4,2017-01-17 10:48:06,2017-01-17 16:48:06,46.58706,-111.89245,46.587009,-111.874617,0.847,Closed at MT-284/Spokane Creek Rd - Road closed due to accident., E US Highway 12,East Helena,Lewis And Clark,MT,59635-9779,US,US/Mountain,KHLN,2017-01-17 10:53:00,6.1,-0.9,73.0,30.37,5.0,NE,3.5,,Haze,False,False,False,False,False,False,False,False,False,False,False,False,False,Day,Day,Day,Day,Tuesday
A-6308629,Source1,2,2021-08-07 17:07:42,2021-08-07 18:25:31,48.134583,-114.301298,48.137718,-114.302071,0.22,Incident on AIRPORT RD near SHELTER VALLEY DR Expect delays., Airport Rd,Kalispell,Flathead,MT,59901-7514,US,US/Mountain,KGPI,2021-08-07 16:55:00,80.0,80.0,35.0,26.76,10.0,WSW,14.0,0.0,Smoke,False,False,False,False,False,False,False,False,False,False,False,False,False,Day,Day,Day,Day,Saturday
A-6170097,Source1,2,2021-09-17 07:24:46,2021-09-17 09:05:36,46.430137,-112.728704,46.440366,-112.724354,0.736,Incident on FRONTAGE RD near JAKE CREEK RD Drive with caution., N Frontage Rd,Deer Lodge,Powell,MT,59722,US,US/Mountain,K3DU,2021-09-17 07:53:00,31.0,31.0,76.0,26.73,10.0,WNW,3.0,0.0,Fair,False,False,False,False,False,False,False,False,False,False,False,False,False,Day,Day,Day,Day,Friday
A-7475428,Source1,4,2018-12-04 03:46:02,2018-12-04 04:15:41,48.300518,-113.378931,48.312508,-113.358752,1.244,Closed at Browning - Road closed due to accident., US Highway 2 E,Essex,Flathead,MT,59916-9715,US,US/Mountain,KGPI,2018-12-04 03:55:00,26.1,,92.0,30.4,10.0,Calm,,,Overcast,False,False,False,False,False,False,False,False,False,False,False,False,False,Night,Night,Night,Night,Tuesday
A-6121747,Source1,2,2021-12-11 10:32:59,2021-12-11 11:50:44.000000000,47.48614,-114.966371,47.48462,-114.966201,0.105,Incident on RIVER RD W near SWAMP CREEK RD Drive with caution., River Rd W,Plains,Sanders,MT,59859-9354,US,US/Mountain,K3TH,2021-12-11 10:53:00,25.0,16.0,78.0,23.73,0.0,SSE,9.0,0.11,Heavy Snow,False,False,False,False,False,False,False,False,False,False,False,False,False,Day,Day,Day,Day,Saturday
A-5960615,Source1,2,2021-12-19 02:10:30,2021-12-19 02:24:30,46.947637796178114,-114.12495732253016,46.92575779617811,-114.07341732253016,2.863,Slow traffic on US-93 S - I-90 E - MT-200 E from US-93/MT-200/Exit 96 (I-90) to Airway Blvd/Exit 99 (I-90) due to accident.,I-90 E,Missoula,Missoula,MT,59808,US,US/Mountain,KMSO,2021-12-19 01:53:00,29.0,24.0,89.0,26.48,8.0,VAR,5.0,0.01,Wintry Mix,False,False,False,False,False,False,False,False,False,False,False,False,False,Night,Night,Night,Night,Sunday
A-5459723,Source1,4,2022-08-06 18:30:51,2022-08-07 19:20:34,46.407634,-105.845751,46.408019,-105.844564,0.062,Construction on MT-59 SB near MP 3 Road closed. Take alternate route., N 10th St,Miles City,Custer,MT,59301-3336,US,US/Mountain,KMLS,2022-08-06 18:53:00,56.0,56.0,93.0,27.37,7.0,E,8.0,0.0,Light Rain,False,False,False,False,False,False,False,False,False,False,False,True,False,Day,Day,Day,Day,Saturday
A-4309545,Source1,2,2022-04-23 10:50:46,2022-04-23 12:08:25,45.744613408824215,-107.708448171102,45.74588340882423,-107.828438171102,5.7860000000000005,Incident on I-90 WB near MM 488 Expect delays.,I-90 W,Hardin,Big Horn,MT,59034,US,US/Mountain,KM46,2022-04-23 10:53:00,32.0,19.0,96.0,27.0,0.25,NNW,25.0,0.03,Heavy Snow / Windy,False,False,False,False,False,False,False,False,False,False,False,False,False,Day,Day,Day,Day,Saturday
A-4649564,Source1,2,2022-06-20 18:15:20,2022-06-20 19:34:08,47.081545,-104.781176,47.08304,-104.780496,0.108,Incident on I-94 EB near MM 210 Drive with caution.,I-94 E,Glendive,Dawson,MT,59330,US,US/Mountain,KGDV,2022-06-20 17:56:00,57.0,57.0,93.0,27.36,6.0,W,15.0,0.16,Heavy T-Storm,False,False,False,False,False,False,False,False,False,False,False,False,False,Day,Day,Day,Day,Monday
A-6766209,Source1,2,2020-10-28 01:42:08,2020-10-28 03:21:51,45.69921,-109.383978,45.70012,-109.38583,0.109,Incident on I-90 WB near MM 400 Drive with caution.,I-90 W,Columbus,Stillwater,MT,59019,US,US/Mountain,KBIL,2020-10-28 01:53:00,34.0,22.0,54.0,26.27,10.0,WSW,24.0,0.0,Partly Cloudy / Windy,False,False,False,False,False,False,False,False,False,False,False,False,False,Night,Night,Night,Night,Wednesday
A-5031887,Source1,2,2023-01-28 07:24:05,2023-01-28 08:44:56,45.496073,-112.263499,45.498605,-112.271506,0.425,Incident on MT-287 near MM 38 Drive with caution., MT Highway 287,Twin Bridges,Madison,MT,59754,US,US/Mountain,KDLN,2023-01-28 07:19:00,9.0,-11.0,96.0,24.63,1.0,NE,23.0,0.0,Fog / Windy,False,False,False,False,False,False,False,False,False,False,False,False,False,Night,Day,Day,Day,Saturday
A-7708262,Source1,3,2019-04-12 11:20:38,2019-04-12 11:47:19,46.5064,-111.949838,46.517701,-111.94646000000002,0.797,At MT-518/Exit 187 - Accident. use hard shoulder as lane.,I-15 N,Clancy,Jefferson,MT,59634,US,US/Mountain,KHLN,2019-04-12 10:53:00,40.0,36.0,68.0,25.94,10.0,N,6.0,0.0,Cloudy,False,False,False,False,False,False,False,False,False,False,False,False,False,Day,Day,Day,Day,Friday
A-5379441,Source1,4,2021-12-30 17:20:55,2021-12-31 18:10:04.000000000,47.906773,-113.835171,47.89823300000001,-113.83505,0.59,Construction on MT-83 SB near MP 69 Road closed. Take alternate route.,Bog Rd,Bigfork,Lake,MT,59911,US,US/Mountain,KGPI,2021-12-30 16:55:00,14.0,14.0,71.0,26.54,10.0,CALM,0.0,0.0,Cloudy,False,False,False,False,False,False,False,False,False,False,False,False,False,Night,Day,Day,Day,Thursday
A-4119577,Source1,2,2022-12-21 21:48:26,2022-12-21 23:06:37.000000000,46.97399,-104.135861,46.940668,-104.080183,3.492,Incident on I-94 EB near MM 248 Drive with caution.,I-94 E,Wibaux,Wibaux,MT,59353,US,US/Mountain,K20U,2022-12-21 21:55:00,-24.0,-58.0,76.0,27.5,0.75,WNW,29.0,0.0,Light Drizzle / Windy,False,False,False,False,False,False,False,False,False,False,False,False,False,Night,Night,Night,Night,Wednesday
A-4836132,Source1,2,2022-12-31 10:14:04,2022-12-31 11:30:20,45.671082,-111.18164,45.671108,-111.183148,0.073,Incident on HUFFINE LN near SHEDHORN DR Drive with caution., Huffine Ln,Bozeman,Gallatin,MT,59718-9420,US,US/Mountain,KBZN,2022-12-31 10:11:00,30.0,24.0,96.0,25.19,2.0,SE,6.0,0.0,Light Snow,False,False,False,False,False,False,False,False,True,False,False,False,False,Day,Day,Day,Day,Saturday
A-6678172,Source1,2,2020-10-24 02:45:12,2020-10-24 05:04:07.000000000,46.917575,-112.120016,46.951075,-112.110566,2.357,Incident on I-15 NB near US-287 Drive with caution.,I-15 N,Wolf Creek,Lewis and Clark,MT,59648,US,US/Mountain,KHLN,2020-10-24 02:53:00,15.0,3.0,84.0,26.03,0.5,WNW,9.0,0.07,Snow,False,False,False,False,True,False,False,False,False,False,False,False,False,Night,Night,Night,Night,Saturday
A-6114924,Source1,2,2021-11-02 07:00:00,2021-11-02 08:48:00,45.999021,-112.568383,45.992374,-112.547993,1.081,Slow traffic on I-15 N - I-90 E from I-115/Exit 124 (I-15) to Montana St/Exit 126 (I-90/I-15) due to accident., Santa Claus Rd,Butte,Silver Bow,MT,59701,US,US/Mountain,KBTM,2021-11-02 06:53:00,31.0,31.0,85.0,24.6,10.0,CALM,0.0,0.0,Wintry Mix,False,False,False,False,False,False,False,False,False,False,False,False,False,Night,Night,Night,Day,Tuesday
A-3605953,Source1,4,2017-04-08 21:15:24,2017-04-09 03:15:24,45.96461,-112.47379,45.91959,-112.41241,4.2860000000000005,Closed between Four Mile Rd/Exit 228 and Homestake Pass/Exit 233 - Road closed due to accident.,I-90 E,Butte,Silver Bow,MT,59701,US,US/Mountain,KBTM,2017-04-08 21:09:00,33.1,27.7,85.0,29.72,5.0,North,5.8,0.0,Light Snow,False,False,False,False,True,False,False,False,False,False,False,False,False,Night,Night,Day,Day,Saturday
A-3807874,Source1,4,2022-11-07 15:09:00,2022-11-07 17:45:00,48.196854,-114.115723,48.196686,-114.120944,0.241,Incident on CRESTON HATCHERY RD WB near KAUFFMAN LN Road closed. Take alternate route., Kauffman Ln,Kalispell,Flathead,MT,59901-8245,US,US/Mountain,KGPI,2022-11-07 14:55:00,16.0,1.0,68.0,26.82,9.0,N,16.0,0.01,Blowing Snow,False,False,False,False,False,False,False,False,False,False,False,False,False,Day,Day,Day,Day,Monday
A-3563496,Source1,4,2017-01-31 10:26:43,2017-01-31 16:26:43,46.577372,-111.979028,46.574467,-111.9747,0.287,Closed at Saddle Dr - Road closed due to accident.,I-15 S,Helena,Lewis and Clark,MT,59601,US,US/Mountain,KHLN,2017-01-31 10:32:00,21.0,10.6,81.0,30.06,1.0,WNW,9.2,0.02,Light Snow,False,False,False,False,False,False,False,False,False,False,False,False,False,Day,Day,Day,Day,Tuesday
A-3858935,Source1,2,2022-09-13 20:11:42,2022-09-13 21:28:24.000000000,48.240345,-114.301903,48.24035,-114.301202,0.032,Incident on RESERVE DR near MISSION TRL Drive with caution., W Reserve Dr,Kalispell,Flathead,MT,59901,US,US/Mountain,KGPI,2022-09-13 19:55:00,65.0,65.0,56.0,26.76,5.0,SE,7.0,0.0,Smoke,False,False,False,False,False,False,False,False,False,False,False,False,False,Night,Day,Day,Day,Tuesday
A-5773922,Source1,2,2021-12-18 02:55:30,2021-12-18 08:49:00.000000000,45.644341707011954,-110.5672752851936,45.68852170701196,-110.49934528519356,4.481,Slow traffic on I-90 E - US-191 N from US-89/Exit 333 (I-90) to I-90/Exit 337 (I-90) due to accident.,I-90 E,Livingston,Park,MT,59047,US,US/Mountain,KLVM,2021-12-18 02:53:00,20.0,1.0,60.0,25.41,4.0,WSW,32.0,0.0,Haze / Windy,False,False,False,False,False,False,False,False,False,False,False,False,False,Night,Night,Night,Night,Saturday
A-4658162,Source1,2,2023-01-28 14:45:30,2023-01-28 15:03:00,46.70607,-113.254096,46.696486,-113.225825,1.494,Slow traffic on US-12 E - I-90 E from Frontage Rd/Exit 138 (I-90) to MT-1/Exit 153 (I-90) due to accident.,Interstate 90,Drummond,Granite,MT,59832,US,US/Mountain,K3DU,2023-01-28 14:53:00,15.0,0.0,56.0,26.85,10.0,ESE,15.0,0.0,Mostly Cloudy,False,False,False,False,False,False,False,False,False,False,False,False,False,Day,Day,Day,Day,Saturday
A-7702487,Source1,4,2017-08-30 05:08:21,2017-08-30 11:08:21,46.6721,-113.15369,46.6987,-113.35003,9.486,Closed between MT-1/Exit 153 and Bearmouth Rest Area - Road closed due to accident.,US-12 W,Drummond,Granite,MT,59832,US,US/Mountain,K3DU,2017-08-30 04:53:00,57.0,57.0,62.0,26.69,4.0,CALM,0.0,0.0,Haze,False,False,False,False,False,False,False,False,False,False,False,False,False,Night,Night,Night,Day,Wednesday
A-4500237,Source1,2,2022-12-09 14:47:45,2022-12-09 16:06:41,45.658097,-110.763989,45.661301,-110.746001,0.8959999999999999,Incident on I-90 EB near MM 324 Drive with caution.,I-90 E,Livingston,Park,MT,59047,US,US/Mountain,KLVM,2022-12-09 14:53:00,33.0,21.0,66.0,25.14,7.0,W,21.0,0.0,Light Snow / Windy,False,False,False,False,False,False,False,False,False,False,False,False,False,Day,Day,Day,Day,Friday
A-5572284,Source1,2,2021-08-16 19:01:55,2021-08-17 00:12:02,46.37960800000001,-106.963406,46.37967,-106.977779,0.685,Incident on US-12 near MM 254 Drive with caution.,US-12 E,Forsyth,Rosebud,MT,59327,US,US/Mountain,KM46,2021-08-16 19:03:00,88.0,88.0,24.0,26.97,4.0,NNW,20.0,0.0,Thunder in the Vicinity,False,False,False,False,False,False,False,False,False,False,False,False,False,Day,Day,Day,Day,Monday
A-7671390,Source1,4,2017-10-13 17:28:09,2017-10-13 23:28:09,48.259649,-114.271091,48.258927,-114.271451,0.053,Closed at Whitefish - Road closed due to accident., US Highway 2 E,Kalispell,Flathead,MT,59901-6638,US,US/Mountain,KGPI,2017-10-13 17:28:00,36.0,30.3,100.0,30.07,2.0,NNW,6.9,0.03,Heavy Rain,False,False,False,False,False,False,False,False,False,False,False,False,False,Day,Day,Day,Day,Friday
