ID,Source,Severity,Start_Time,End_Time,Start_Lat,Start_Lng,End_Lat,End_Lng,Distance(mi),Description,Street,City,County,State,Zipcode,Country,Timezone,Airport_Code,Weather_Timestamp,Temperature(F),Wind_Chill(F),Humidity(%),Pressure(in),Visibility(mi),Wind_Direction,Wind_Speed(mph),Precipitation(in),Weather_Condition,Amenity,Bump,Crossing,Give_Way,Junction,No_Exit,Railway,Roundabout,Station,Stop,Traffic_Calming,Traffic_Signal,Turning_Loop,Sunrise_Sunset,Civil_Twilight,Nautical_Twilight,Astronomical_Twilight,Day_Of_Week
A-7250311,Source1,3,2020-02-05 07:36:17,2020-02-05 08:05:10,43.59464000000001,-116.45351,43.59399000000001,-116.44774,0.292,At ID-69/Exit 44 - Accident. Traffic problem.,S Black Cat Rd,Meridian,Ada,ID,83642,US,US/Mountain,KMAN,2020-02-05 07:35:00,30.0,30.0,100.0,27.51,2.0,CALM,0.0,0.0,Fog,False,False,False,False,False,False,False,False,False,False,False,False,False,Night,Day,Day,Day,Wednesday
A-6118839,Source1,2,2021-11-04 14:35:00,2021-11-04 16:36:51,43.606759,-116.19329,43.608543,-116.194637,0.14,Stationary traffic on US-20 W - US-26 W from Beacon St (US-26/US-20) to S Capitol Blvd (US-26/US-20) due to accident., S Broadway Ave,Boise,Ada,ID,83702-7643,US,US/Mountain,KBOI,2021-11-04 14:29:00,55.0,55.0,72.0,26.98,5.0,S,14.0,0.03,Light Rain,False,False,False,False,False,False,False,False,False,False,False,False,False,Day,Day,Day,Day,Thursday
A-857830,Source2,4,2021-10-29 10:31:39,2021-10-29 11:31:23,47.623947,-116.648872,,,8.0,Left lane blocked due to accident on I-90 Eastbound from Exit 17 Mullan Trail Rd to Exit 22 ID-97.,S Highway 97,Coeur D Alene,Kootenai,ID,83814,US,US/Pacific,KCOE,2021-10-29 10:48:00,50.0,50.0,94.0,27.43,10.0,SW,9.0,0.0,Light Rain,False,False,False,False,False,False,False,False,False,False,False,False,False,Day,Day,Day,Day,Friday
A-7216748,Source1,2,2020-01-10 17:40:42,2020-01-10 18:10:21,47.53355,-116.07156,47.53355,-116.07156,0.0,At I-90-BL/Division St/Exit 51 - Accident. Left lane blocked., Silver Valley Rd,Kellogg,Shoshone,ID,83837,US,US/Pacific,KMLP,2020-01-10 17:53:00,21.0,,74.0,23.6,0.25,,,0.1,Heavy Snow,False,False,False,False,False,False,False,False,False,False,False,False,False,Night,Night,Night,Day,Friday
A-7393777,Source1,2,2019-09-22 20:16:27,2019-09-26 20:16:21,47.787871,-116.939047,47.787607,-116.939493,0.028,At Washington/Idaho State Line - Accident. Roadwork., W Highway 53,Rathdrum,Kootenai,ID,83858-7679,US,US/Pacific,KCOE,2019-09-22 19:56:00,59.0,59.0,83.0,27.48,10.0,SSE,9.0,0.03,Rain,False,False,False,False,False,False,False,False,False,False,False,False,False,Night,Night,Night,Day,Sunday
A-3542675,Source1,3,2016-10-06 14:24:16,2016-10-06 20:24:16,44.339696,-116.889499,44.331192,-116.911177,1.222,At US-95 Bl - Accident., Highway 95,Weiser,Washington,ID,83672-5510,US,US/Mountain,KONO,2016-10-06 14:53:00,64.0,,40.0,30.17,10.0,South,6.9,,Mostly Cloudy,False,False,False,False,False,False,False,False,False,False,False,False,False,Day,Day,Day,Day,Thursday
A-3532601,Source1,4,2017-01-22 16:08:24,2017-01-22 22:08:24,43.302266,-115.313176,43.291377,-115.453481,7.096,Closed between Old Highway 68 and Immigrant Rd/Tollgate Rd - Road closed due to accident.,US-20 W,Mountain Home,Elmore,ID,83647,US,US/Mountain,KMUO,2017-01-22 15:58:00,37.2,26.4,81.0,29.67,10.0,East,21.9,,Overcast,False,False,False,False,False,False,False,False,False,False,False,False,False,Day,Day,Day,Day,Sunday
A-2671379,Source2,3,2018-08-27 08:12:14,2018-08-27 08:44:00,47.574718,-116.442299,,,0.0,Left lane blocked due to accident on I-90 Westbound at Exit 34 ID-3.,I-90 W,Cataldo,Kootenai,ID,83810,US,US/Pacific,KCOE,2018-08-27 08:12:00,53.6,,94.0,29.95,9.0,NNE,10.4,,Light Rain,False,False,False,False,False,False,False,False,False,False,False,False,False,Day,Day,Day,Day,Monday
A-3512369,Source1,3,2016-10-22 22:04:35,2016-10-23 04:04:35,43.10871,-114.3648,43.05675,-114.39166000000002,3.837,Between Burmah Rd/Old Highway 93 and Thorn Creek Rd - Accident., N Highway 75,Shoshone,Lincoln,ID,83352,US,US/Mountain,KJER,2016-10-22 21:53:00,50.0,,77.0,29.99,10.0,NNE,6.9,,Clear,False,False,False,False,False,False,False,False,False,False,False,False,False,Night,Night,Night,Night,Saturday
A-7151585,Source1,2,2020-04-02 12:15:14,2020-04-02 12:44:45,43.23816,-111.1018,43.23816,-111.1018,0.0,At US-89 - Accident. Roadway reduced to 1 lane.,US Highway 26,Swan Valley,Bonneville,ID,83449,US,US/Mountain,KDIJ,2020-04-02 11:56:00,29.0,24.0,54.0,23.83,10.0,NNW,5.0,0.0,Cloudy,False,False,False,False,False,False,False,False,False,False,False,False,False,Day,Day,Day,Day,Thursday
A-6309108,Source1,2,2021-12-29 11:56:00,2021-12-29 12:42:30,43.655813,-116.29804,43.650781,-116.28324,0.8170000000000001,Stationary traffic on US-20 W - US-20 E - US-26 E - US-26 W from N Maple Grove Rd (US-26/US-20) to ID-44/N Glenwood St (US-26/US-20) due to accident., W Chinden Blvd,Garden City,Ada,ID,83714,US,US/Mountain,KBOI,2021-12-29 11:53:00,27.0,27.0,92.0,26.7,0.5,CALM,0.0,0.03,Snow,False,False,False,False,False,False,False,False,False,False,False,False,False,Day,Day,Day,Day,Wednesday
A-7220360,Source1,4,2020-01-13 04:34:42,2020-01-13 05:04:37,42.99105,-112.41577,42.99112,-112.41574,0.005,Closed at Ross Fork Rd/Exit 80 - Road closed due to accident. Traffic problem.,I-15 N,Firth,Bannock,ID,83236,US,US/Mountain,KIDA,2020-01-13 04:53:00,25.0,8.0,92.0,24.92,1.0,SW,32.0,0.0,Blowing Snow / Windy,False,False,False,False,False,False,False,False,False,False,False,False,False,Night,Night,Night,Night,Monday
A-7389990,Source1,4,2019-09-18 15:28:48,2019-09-18 15:56:08,42.57621,-114.16539,42.57865,-114.3015,6.9270000000000005,Closed between ID-25/Ridgeway Rd/Exit 194 and ID-50/Exit 182 - Road closed due to accident. Roadwork.,Vietnam Veterans Memorial Hwy,Hazelton,Jerome,ID,83335,US,US/Mountain,KJER,2019-09-18 15:53:00,66.0,66.0,33.0,25.78,10.0,W,23.0,0.0,Cloudy / Windy,False,False,False,False,False,False,False,False,False,False,False,False,False,Day,Day,Day,Day,Wednesday
A-3526265,Source1,2,2016-12-13 07:13:25,2016-12-13 13:13:25,43.593419,-116.441787,43.59335,-116.438768,0.151,At ID-69/Exit 44 - Accident.,Vietnam Veterans Memorial Hwy,Meridian,Ada,ID,83642,US,US/Mountain,KMAN,2016-12-13 07:15:00,19.4,,100.0,30.17,0.2,Calm,,,Light Freezing Fog,False,False,False,False,False,False,False,False,False,False,False,False,False,Night,Night,Day,Day,Tuesday
A-3542242,Source1,4,2016-10-05 03:11:58,2016-10-05 09:11:58,47.995266,-116.677805,47.999821,-116.675151,0.338,Closed at Mara Mdws - Road closed due to accident., Highway 95,Athol,Bonner,ID,83801,US,US/Pacific,KCOE,2016-10-05 03:56:00,45.0,,97.0,30.0,10.0,Calm,,0.09,Light Rain,False,False,False,False,False,False,False,False,False,False,False,False,False,Night,Night,Night,Night,Wednesday
A-4509619,Source1,2,2022-03-15 16:26:00,2022-03-15 17:45:39,43.604885,-116.291914,43.604876,-116.290125,0.09,Incident on FRANKLIN RD EB near MAPLE GROVE Drive with caution., W Franklin Rd,Boise,Ada,ID,83709-0635,US,US/Mountain,KBOI,2022-03-15 16:22:00,50.0,50.0,74.0,27.13,1.0,CALM,0.0,0.02,Rain,False,False,False,False,False,False,False,False,False,False,False,False,False,Day,Day,Day,Day,Tuesday
A-3528604,Source1,2,2016-12-27 19:21:19,2016-12-28 01:21:19,43.63197,-116.35434,43.63382,-116.35427,0.128,At E Ustick Rd - Accident., N Eagle Rd,Meridian,Ada,ID,83646-6252,US,US/Mountain,KMAN,2016-12-27 22:55:00,14.0,6.5,100.0,30.27,5.0,SE,4.6,,Mist,False,False,False,False,False,False,False,False,False,False,False,False,False,Night,Night,Night,Night,Tuesday
A-6394601,Source1,2,2021-02-16 16:13:58,2021-02-16 18:53:01,47.711239,-116.979397,47.713101,-116.954609,1.16,Incident on I-90 EB near PLEASANT VIEW RD Left lane blocked.,I-90 E,Post Falls,Kootenai,ID,83854,US,US/Pacific,KCOE,2021-02-16 16:00:00,27.0,21.0,86.0,27.5,1.0,W,5.0,0.0,Light Snow,False,False,False,False,False,False,False,False,False,False,False,False,False,Day,Day,Day,Day,Tuesday
A-3511409,Source1,2,2016-12-16 16:24:33,2016-12-16 22:24:33,43.2017,-112.36094,43.201709,-112.360933,0.001,At River Rd/Rose-Firth Rd/Exit 98 - Accident.,US-26 E,Blackfoot,Bingham,ID,83221,US,US/Mountain,KPIH,2016-12-16 16:24:00,24.1,6.9,91.0,29.55,0.5,WSW,29.9,0.0,Snow,False,False,False,False,False,False,False,False,False,False,False,False,False,Day,Day,Day,Day,Friday
A-6779812,Source1,2,2020-10-30 12:27:00,2020-10-30 15:08:00,47.605866,-116.50877,47.60257100000001,-116.49885,0.515,Slow traffic on I-90 from ID-97/Exit 22 (I-90) to ID-3/Exit 34 (I-90) due to accident.,I-90 E,Coeur D Alene,Kootenai,ID,83814,US,US/Pacific,KCOE,2020-10-30 12:56:00,56.0,56.0,51.0,27.37,10.0,WSW,22.0,0.0,Fair / Windy,False,False,False,False,False,False,False,False,False,False,False,False,False,Day,Day,Day,Day,Friday
A-6823174,Source1,2,2020-11-22 03:36:22,2020-11-22 06:15:24,42.933722,-114.549754,42.936942,-114.51686399999998,1.679,Incident on US-26 EB near POLELINE RD Road closed. Take alternate route.,US-26 E,Shoshone,Lincoln,ID,83352,US,US/Mountain,KJER,2020-11-22 03:53:00,25.0,11.0,75.0,26.21,10.0,E,21.0,0.0,Fair / Windy,False,False,False,False,False,False,False,False,False,False,False,False,False,Night,Night,Night,Night,Sunday
A-3515524,Source1,2,2016-07-06 17:27:04,2016-07-06 23:27:04,43.28218,-114.30172,43.254,-114.30943,1.985,At Big Wood River Access - Accident., Highway 75,Bellevue,Blaine,ID,83313-5103,US,US/Mountain,KSUN,2016-07-06 17:50:00,68.0,,28.0,30.01,10.0,SSW,13.8,,Scattered Clouds,False,False,False,False,False,False,False,False,False,False,False,False,False,Day,Day,Day,Day,Wednesday
A-2480761,Source2,2,2018-11-26 17:30:14,2018-11-26 17:59:40,45.677425,-116.309181,,,0.0,Accident on US-95 Northbound after Russell Rd.,US Highway 95,White Bird,Idaho,ID,83554,US,US/Pacific,KGIC,2018-11-26 17:35:00,33.8,26.4,93.0,30.11,7.0,ESE,9.2,,Overcast,False,False,False,False,False,False,False,False,False,False,False,False,False,Night,Night,Night,Day,Monday
A-3619919,Source1,4,2017-05-28 06:01:55,2017-05-28 12:01:55,42.59186,-114.461036,42.59186,-114.461036,0.0,Closed at US-93-BR/Blue Lakes Blvd N - Road closed due to accident.,Pole Line Rd,Twin Falls,Twin Falls,ID,83301,US,US/Mountain,KTWF,2017-05-28 05:53:00,45.0,,80.0,30.13,10.0,Calm,,,Clear,False,False,False,False,False,False,False,False,False,False,False,False,False,Night,Day,Day,Day,Sunday
A-2766601,Source2,2,2018-06-17 09:51:21,2018-06-17 10:21:21,43.50692,-116.443459,,,0.0,Accident on Shayla Ave at Cerulean Dr.,N Shayla Ave,Kuna,Ada,ID,83634-5186,US,US/Mountain,KMAN,2018-06-17 09:55:00,53.6,,100.0,29.82,7.0,West,6.9,0.02,Scattered Clouds,False,False,False,False,False,False,False,False,False,False,False,False,False,Day,Day,Day,Day,Sunday
A-3550345,Source1,4,2016-09-06 10:04:20,2016-09-06 16:04:20,46.91897,-116.95151,46.927542,-116.936536,0.922,Closed at ID-6 (North) - Road closed due to accident., Highway 95,Potlatch,Latah,ID,83855-9624,US,US/Pacific,KPUW,2016-09-06 09:53:00,52.0,,77.0,29.99,7.0,SW,4.6,0.04,Light Rain,False,False,False,False,False,False,False,False,False,False,False,False,False,Day,Day,Day,Day,Tuesday
A-3994108,Source1,2,2023-01-19 06:23:00,2023-01-19 09:19:38,43.562319,-116.18908,43.55091,-116.172826,1.133,Incident on I-84 EB near EXIT 50B Drive with caution.,I-84 E,Boise,Ada,ID,83705,US,US/Mountain,KBOI,2023-01-19 06:23:00,31.0,24.0,89.0,27.01,1.0,SW,7.0,0.01,Light Snow,False,False,False,False,False,False,False,False,False,False,False,False,False,Night,Night,Night,Night,Thursday
A-3177198,Source2,2,2017-11-09 06:57:14,2017-11-09 07:28:00,43.677395,-115.972328,,,7.28000020980835,Lane blocked due to accident on ID-21 Southbound from Grimes Creek Rd to Daggett Creek Rd.,Daggett Creek Rd,Boise,Boise,ID,83716-3366,US,US/Mountain,KBOI,2017-11-09 06:53:00,43.0,37.2,51.0,29.9,10.0,South,10.4,0.0,Overcast,False,False,False,False,False,False,False,False,False,False,False,False,False,Night,Night,Day,Day,Thursday
A-3528388,Source1,2,2016-12-24 09:24:44,2016-12-24 15:24:44,42.95844,-115.46948,42.9458,-115.42021,2.64,Between I-84-BL/Bennett Road/Exit 99 and I-84-BL/Exit 114 - Accident.,Vietnam Veterans Memorial Hwy,Hammett,Elmore,ID,83627,US,US/Mountain,KMUO,2016-12-24 09:33:00,28.4,15.8,100.0,29.59,0.2,NW,18.4,,Light Freezing Fog,False,False,False,False,False,False,False,False,False,False,False,False,False,Day,Day,Day,Day,Saturday
A-5877965,Source1,4,2021-12-25 18:33:26,2021-12-25 19:50:05,43.693495988637466,-116.31904721204604,43.70651598863748,-116.31885721204604,0.9,Incident on ID-55 NB near ID-44 Road closed. Take alternate route., Hill Rd,Eagle,Ada,ID,83616-5437,US,US/Mountain,KBOI,2021-12-25 18:25:00,34.0,30.0,89.0,26.54,10.0,NW,5.0,0.0,Cloudy,True,False,True,False,False,False,False,False,False,False,False,True,False,Night,Night,Night,Day,Saturday
A-3527132,Source1,4,2016-12-16 13:27:02,2016-12-16 19:27:02,42.622494,-114.832429,42.608113,-114.830865,0.997,Closed at Main St - Road closed due to accident., Highway 30,Buhl,Twin Falls,ID,83316-5022,US,US/Mountain,KTWF,2016-12-16 13:30:00,26.1,8.8,84.0,29.52,3.0,West,33.4,0.0,Blowing Snow,False,False,False,False,False,False,False,False,False,False,False,False,False,Day,Day,Day,Day,Friday
A-3546092,Source1,3,2016-08-06 00:14:03,2016-08-06 06:14:03,43.59865,-116.54803,43.60118,-116.57797,1.508,Between Franklin Blvd/Exit 36 and ID-55/Nampa Blvd/Exit 35 - Accident.,Vietnam Veterans Memorial Hwy,Nampa,Canyon,ID,83687,US,US/Mountain,KMAN,2016-08-06 00:15:00,69.8,,46.0,29.76,10.0,Calm,,,Partly Cloudy,False,False,False,False,False,False,False,False,False,False,False,False,False,Night,Night,Night,Night,Saturday
A-7696042,Source1,4,2017-08-15 00:41:56,2017-08-15 06:41:56,43.389546,-113.676388,43.489888,-113.537104,9.843,Closed at Blizzard Mountain Rd - Road closed due to accident.,Highway 26-93,Carey,Blaine,ID,83320,US,US/Mountain,KSUN,2017-08-15 00:35:00,50.0,,76.0,29.98,10.0,NW,4.6,,Clear,False,False,False,False,False,False,False,False,False,False,False,False,False,Night,Night,Night,Night,Tuesday
