ID,Source,Severity,Start_Time,End_Time,Start_Lat,Start_Lng,End_Lat,End_Lng,Distance(mi),Description,Street,City,County,State,Zipcode,Country,Timezone,Airport_Code,Weather_Timestamp,Temperature(F),Wind_Chill(F),Humidity(%),Pressure(in),Visibility(mi),Wind_Direction,Wind_Speed(mph),Precipitation(in),Weather_Condition,Amenity,Bump,Crossing,Give_Way,Junction,No_Exit,Railway,Roundabout,Station,Stop,Traffic_Calming,Traffic_Signal,Turning_Loop,Sunrise_Sunset,Civil_Twilight,Nautical_Twilight,Astronomical_Twilight,Day_Of_Week
A-4349598,Source1,4,2023-01-17 08:06:02,2023-01-17 09:21:53.000000000,34.998112,-92.071048,34.995197,-92.071231,0.202,Incident on AR-5 SB near STATE HWY-89 Road closed. Take alternate route., Quail Trl,Cabot,Lonoke,AR,72023-8436,US,US/Central,KLRF,2023-01-17 07:55:00,56.0,56.0,99.0,29.42,2.0,CALM,0.0,0.0,Fog,False,False,False,False,False,False,False,False,False,False,False,False,False,Day,Day,Day,Day,Tuesday
A-6422083,Source1,2,2021-02-22 03:37:39,2021-02-22 05:46:04,34.655534,-92.393766,34.655541,-92.394231,0.026,Incident on MABELVALE WEST RD near NASH LN Expect delays., Mabelvale West Rd,Mabelvale,Pulaski,AR,72103-1649,US,US/Central,KLIT,2021-02-22 03:53:00,38.0,33.0,97.0,29.85,10.0,WNW,6.0,0.0,Patches of Fog,False,False,False,False,False,False,False,False,False,False,False,False,False,Night,Night,Night,Night,Monday
A-7498536,Source1,3,2018-11-08 06:55:29,2018-11-08 07:25:05,35.152570000000004,-90.14338,35.14944000000001,-90.13531,0.505,At Club Rd/Exit 4 - Accident. Center lane blocked.,US-61 S,West Memphis,Crittenden,AR,72301,US,US/Central,KAWM,2018-11-08 06:53:00,48.0,,80.0,30.22,10.0,NNE,12.7,,Overcast,False,False,False,False,True,False,False,False,False,False,False,False,False,Day,Day,Day,Day,Thursday
A-6078148,Source1,2,2021-09-30 12:08:52,2021-09-30 13:25:58,35.928114652462355,-94.19835448220158,35.96230465246235,-94.19522448220158,2.369,Incident on I-49 NB near I-49 Right shoulder closed.,I-49,West Fork,Washington,AR,72774,US,US/Central,KFYV,2021-09-30 11:53:00,81.0,81.0,60.0,28.73,10.0,E,6.0,0.0,Thunder in the Vicinity,False,False,False,False,False,False,False,False,False,False,False,False,False,Day,Day,Day,Day,Thursday
A-7352183,Source1,3,2019-10-23 16:27:16,2019-10-23 16:56:00,35.13297,-90.48126,35.13285,-90.48443,0.179,At AR-149/Exit 260 - Accident. Blocked ahead.,US-63 W,Heth,St. Francis,AR,72346,US,US/Central,KAWM,2019-10-23 16:53:00,70.0,70.0,35.0,29.87,10.0,S,12.0,0.0,Fair,False,False,False,False,False,False,False,False,False,False,False,False,False,Day,Day,Day,Day,Wednesday
A-799390,Source2,2,2021-11-30 07:11:55,2021-11-30 07:57:37,34.791088,-92.06884,,,0.0,Right hand shoulder blocked due to accident on I-40 Eastbound before Exit 165 Kerr Rd.,I-40 W,Scott,Lonoke,AR,72142,US,US/Central,KLIT,2021-11-30 06:53:00,41.0,41.0,89.0,29.85,10.0,CALM,0.0,0.0,Shallow Fog,False,False,False,False,False,False,False,False,False,False,False,False,False,Day,Day,Day,Day,Tuesday
A-4853663,Source1,2,2022-02-17 07:55:02,2022-02-17 08:51:30,35.52826,-93.895044,35.521371,-93.873436,1.305,Stationary traffic on I-40 E from AR-215/Exit 24 (I-40) to AR-23/Exit 35 (I-40) due to accident.,Lone Oak Rd,Ozark,Franklin,AR,72949,US,US/Central,KFSM,2022-02-17 07:53:00,54.0,54.0,93.0,29.19,10.0,W,24.0,0.09,Light Rain / Windy,False,False,False,False,False,False,False,False,False,False,False,False,False,Day,Day,Day,Day,Thursday
A-2056323,Source2,2,2019-06-17 06:30:23,2019-06-17 07:45:56,35.190479,-90.200027,,,0.0,Accident on Par Dr at I-55 Service Rd.,Interstate 55,Marion,Crittenden,AR,72364,US,US/Central,KAWM,2019-06-17 06:53:00,72.0,72.0,87.0,29.69,10.0,S,7.0,0.0,Fair,False,False,False,False,False,False,False,False,False,False,False,False,False,Day,Day,Day,Day,Monday
A-2617716,Source2,3,2018-07-31 11:01:44,2018-07-31 12:16:44,35.105198,-90.586792,,,0.0,Accident on I-40 Eastbound at Exit 247 County Road 419.,I-40 E,Widener,St. Francis,AR,72394,US,US/Central,KAWM,2018-07-31 10:53:00,78.1,,79.0,29.97,6.0,Calm,,,Haze,False,False,False,False,False,False,False,False,False,False,False,False,False,Day,Day,Day,Day,Tuesday
A-7001254,Source1,1,2020-06-04 09:21:17,2020-06-04 10:21:17,35.27572,-90.46921,35.27572,-90.46921,0.0,At AR-149/Barton - Serious accident., US Highway 64,Earle,Crittenden,AR,72331-1125,US,US/Central,KAWM,2020-06-04 08:53:00,74.0,74.0,91.0,29.67,10.0,S,9.0,0.0,Cloudy,False,False,False,False,False,False,False,False,False,False,False,False,False,Day,Day,Day,Day,Thursday
A-7489095,Source1,2,2018-12-22 19:19:46,2018-12-22 19:49:34,33.758126000000004,-92.706343,33.745843,-92.706736,0.8490000000000001,At Camden - Accident. Lane blocked., Highway 9,Bearden,Ouachita,AR,71720-9271,US,US/Central,KCDH,2018-12-22 19:15:00,53.6,,77.0,29.92,10.0,SSE,3.5,,Scattered Clouds,False,False,False,False,False,False,False,False,False,False,False,False,False,Night,Night,Night,Night,Saturday
A-5844349,Source1,2,2021-09-28 12:24:00,2021-09-28 12:47:30.000000000,34.755978000000006,-92.262471,34.734804,-92.26173,1.464,Slow traffic on US-65 S - US-167 S - I-30 W from 15th St/Exit 142 (I-30) to I-630/Exit 139 (I-30) due to accident.,E Broadway St,North Little Rock,Pulaski,AR,72114,US,US/Central,KLIT,2021-09-28 12:53:00,79.0,79.0,77.0,29.69,10.0,CALM,0.0,0.0,Partly Cloudy,False,False,False,False,False,False,False,False,False,False,False,False,False,Day,Day,Day,Day,Tuesday
A-2221354,Source2,3,2019-03-15 22:08:21,2019-03-15 22:37:49,34.679066,-92.354691,,,0.0,Two lanes blocked and shoulder blocked due to accident on I-30 Westbound at University Ave.,I-30 W,Little Rock,Pulaski,AR,72209,US,US/Central,KLIT,2019-03-15 21:53:00,45.0,41.8,37.0,30.39,10.0,NNW,5.8,,Clear,False,False,False,False,False,False,False,False,False,False,False,False,False,Night,Night,Night,Night,Friday
A-4125386,Source1,2,2022-12-13 22:26:30,2022-12-14 00:53:30,34.981722,-90.909934,34.975676,-90.935697,1.517,Slow traffic on I-40 W - US-63 W from AR-261/Exit 233 (I-40) to AR-78/Exit 221 (I-40) due to accident.,I-40,Palestine,St Francis,AR,72372,US,US/Central,KUTA,2022-12-13 22:35:00,63.0,63.0,100.0,29.47,6.0,SE,21.0,0.1,Light Rain / Windy,False,False,False,False,False,False,False,False,False,False,False,False,False,Night,Night,Night,Night,Tuesday
A-7436962,Source1,2,2019-03-02 10:09:44,2019-03-02 10:39:01,35.2072,-91.72877,35.20154,-91.73531,0.5379999999999999,At US-67-BR/AR-367/Exit 42 - Accident. Lane blocked.,US-167 S,Searcy,White,AR,72143,US,US/Central,KSRC,2019-03-02 09:56:00,42.1,39.2,76.0,30.29,10.0,NE,4.6,,Overcast,False,False,False,False,True,False,False,False,False,False,False,False,False,Day,Day,Day,Day,Saturday
A-7443486,Source1,3,2019-02-09 15:25:26,2019-02-09 15:55:02,35.114782,-93.552502,35.114906,-93.553586,0.062,At Magazine - Accident. Lane blocked., W Highway 10,Havana,Yell,AR,72842-9053,US,US/Central,KRUE,2019-02-09 15:53:00,41.0,37.1,36.0,30.54,10.0,ESE,5.8,,Mostly Cloudy,False,False,False,False,False,False,False,False,False,False,False,False,False,Day,Day,Day,Day,Saturday
A-7555331,Source1,4,2018-08-30 17:48:42,2018-08-30 18:18:20,35.078439,-90.655951,35.11678,-90.55293,6.398,Closed at AR-75/Exit 256 - Road closed due to accident.,I-40 E,Widener,St. Francis,AR,72394,US,US/Central,KAWM,2018-08-30 17:53:00,75.9,,87.0,30.02,2.0,West,5.8,0.0,Thunderstorms and Rain,False,False,False,False,False,False,False,False,False,False,False,False,False,Day,Day,Day,Day,Thursday
A-6409328,Source1,2,2021-02-26 09:22:30,2021-02-26 12:46:00,35.035743,-90.750122,35.030123,-90.811352,3.486,Stationary traffic on I-40 W - US-63 W from AR-38/Exit 247 (I-40) to AR-1/Exit 239 (I-40) due to accident.,I-40 W,Forrest City,St. Francis,AR,72335,US,US/Central,KAWM,2021-02-26 09:26:00,50.0,50.0,100.0,29.78,8.0,NW,7.0,0.03,Light Rain,False,False,False,False,False,False,False,False,False,False,False,False,False,Day,Day,Day,Day,Friday
A-2486373,Source2,2,2018-11-29 16:23:15,2018-11-29 16:53:06,36.183483,-94.138603,,,0.0,Accident on Grove Ave at US-71 Bus Thompson St.,W Grove Ave,Springdale,Washington,AR,72764-4438,US,US/Central,KASG,2018-11-29 16:28:00,62.6,,59.0,29.73,10.0,SSW,9.2,,Clear,False,False,False,False,False,False,False,False,False,False,False,False,False,Day,Day,Day,Day,Thursday
A-5561189,Source1,4,2021-11-03 11:05:15,2021-11-03 12:23:00,33.628914,-91.383257,33.630761,-91.384368,0.143,Incident on US-65 NB near STATE HWY-1 Road closed. Take alternate route., Highway 65 N,Mc Gehee,Desha,AR,71654-9437,US,US/Central,KLLQ,2021-11-03 11:16:00,43.0,37.0,97.0,30.07,7.0,ENE,12.0,0.01,Light Rain,False,False,False,False,False,False,False,False,False,False,False,False,False,Day,Day,Day,Day,Wednesday
A-7451170,Source1,4,2019-02-21 22:00:41,2019-02-21 22:30:32,33.738791,-92.620556,33.73002,-92.627617,0.7290000000000001,Closed at Fordyce - Road closed due to accident., Highway 79 N,Bearden,Ouachita,AR,71720,US,US/Central,KCDH,2019-02-21 21:55:00,42.8,38.6,93.0,30.1,8.0,NE,6.9,,Light Drizzle,False,False,False,False,False,False,False,False,False,False,False,False,False,Night,Night,Night,Night,Thursday
A-2386416,Source2,3,2018-12-08 22:00:44,2018-12-08 22:30:19,35.834763,-90.749977,,,0.0,Accident on I-555 Northbound at Exit 47 Washington Ave.,AR-18 W,Jonesboro,Craighead,AR,72401,US,US/Central,KJBR,2018-12-08 21:53:00,30.9,19.8,89.0,30.26,8.0,NNE,16.1,0.0,Light Freezing Rain,False,False,False,False,False,False,False,False,False,False,False,False,False,Night,Night,Night,Night,Saturday
A-7517595,Source1,4,2018-10-10 10:10:42,2018-10-10 10:40:28,36.096682,-94.097204,36.095315,-94.100656,0.215,Closed at N Old Wire Rd/E Bucky Fuller Dr - Road closed due to accident., E Mission Blvd,Fayetteville,Washington,AR,72703-4398,US,US/Central,KASG,2018-10-10 09:48:00,57.2,,100.0,29.9,10.0,West,11.5,,Overcast,False,False,False,False,False,False,False,False,False,False,False,False,False,Day,Day,Day,Day,Wednesday
A-6544384,Source1,2,2021-01-25 15:35:06,2021-01-25 17:33:41.000000000,34.743112,-92.391029,34.74651,-92.391222,0.235,Incident on I-430 NB near EXIT 6B Right shoulder closed.,I-430 N,Little Rock,Pulaski,AR,72205,US,US/Central,KLIT,2021-01-25 15:53:00,74.0,74.0,43.0,29.28,10.0,SW,20.0,0.0,Partly Cloudy,False,False,False,False,False,False,False,False,False,False,False,False,False,Day,Day,Day,Day,Monday
A-4960149,Source1,2,2023-01-30 11:05:15,2023-01-30 12:23:03,35.186529,-92.450639,35.186957,-92.450672,0.03,Incident on AR-25 NB near STATE HWY-285 Road closed. Take alternate route., Patton Rd,Greenbrier,Faulkner,AR,72058,US,US/Central,KLRF,2023-01-30 10:59:00,34.0,29.0,100.0,29.99,7.0,N,6.0,0.0,Light Drizzle,False,False,False,False,False,False,False,False,False,False,False,False,False,Day,Day,Day,Day,Monday
A-5942013,Source1,2,2021-04-24 04:37:00,2021-04-24 06:43:00,34.844103000000004,-92.15366,34.833984,-92.172513,1.277,Stationary traffic on US-67 S - US-167 S from Redmond Rd/Exit 8 (US-67/US-167) to AR-176/Exit 5 (US-167) due to accident.,US-167 S,Jacksonville,Pulaski,AR,72076,US,US/Central,KLRF,2021-04-24 04:47:00,55.0,55.0,100.0,29.41,10.0,WSW,9.0,0.0,Light Drizzle,False,False,False,False,False,False,False,False,False,False,False,False,False,Night,Night,Night,Night,Saturday
A-1478991,Source2,4,2020-05-22 16:38:42,2020-05-22 17:37:25,35.208279,-90.205399,,,13.8100004196167,Lane blocked due to accident on I-55 both ways between Exit 14 and Exit 10 US-64 I-55.,I-55 S,Marion,Crittenden,AR,72364,US,US/Central,KAWM,2020-05-22 16:40:00,67.0,67.0,90.0,29.78,3.0,NNW,10.0,0.04,T-Storm,False,False,False,False,False,False,False,False,False,False,False,False,False,Day,Day,Day,Day,Friday
A-6287663,Source1,4,2021-05-26 14:55:21,2021-05-26 16:54:29,33.417932,-91.404429,33.40558,-91.404773,0.8540000000000001,Incident on AR-293 SB near STATE HWY-144 Road closed. Take alternate route., Highway 293,Lake Village,Chicot,AR,71653-7542,US,US/Central,KGLH,2021-05-26 14:53:00,84.0,84.0,63.0,29.98,10.0,W,7.0,0.0,Fair,False,False,False,False,False,False,False,False,False,False,False,False,False,Day,Day,Day,Day,Wednesday
A-6765909,Source1,2,2020-09-21 17:28:00,2020-09-22 00:55:00,34.674042,-92.416136,34.664827,-92.422351,0.728,Stationary traffic on AR-5 from I-430 (Stagecoach Rd/AR-5) to Otter Creek Pkwy (Stagecoach Rd/AR-5) due to accident., Stagecoach Rd,Little Rock,Pulaski,AR,72210-4722,US,US/Central,KLIT,2020-09-21 17:53:00,72.0,72.0,68.0,29.88,4.0,SSE,6.0,0.0,Smoke,False,False,False,False,False,False,False,False,False,False,False,False,False,Day,Day,Day,Day,Monday
A-5644315,Source1,2,2021-12-20 06:42:45,2021-12-20 08:01:19,34.714989,-92.206277,34.714783000000004,-92.203626,0.151,Incident on I-440 EB near I-440 Left shoulder closed.,E Belt E,Little Rock,Pulaski,AR,72206,US,US/Central,KLIT,2021-12-20 06:53:00,27.0,27.0,96.0,30.01,6.0,CALM,0.0,0.0,Mist,False,False,False,False,False,False,False,False,False,False,False,False,False,Night,Night,Day,Day,Monday
A-4809243,Source1,4,2022-12-22 11:48:49,2022-12-22 13:05:30,35.29378300000001,-94.423748,35.292306,-94.42744,0.232,Incident on US-271 SB near I-540 Road closed. Take alternate route., Highway 253,Fort Smith,Sebastian,AR,72908-8871,US,US/Central,KFSM,2022-12-22 11:48:00,19.0,3.0,74.0,29.61,2.0,NW,22.0,0.0,Light Snow / Windy,False,False,False,False,False,False,False,False,False,False,False,False,False,Day,Day,Day,Day,Thursday
A-6678727,Source1,2,2020-11-23 07:08:49,2020-11-23 09:17:10,34.764698,-92.310228,34.764928999999995,-92.31054,0.024,Incident on OLD CANTRELL RD near REBSAMEN PARK RD Expect delays., Rebsamen Park Rd,Little Rock,Pulaski,AR,72202-1857,US,US/Central,KLIT,2020-11-23 06:53:00,36.0,36.0,97.0,30.12,10.0,N,3.0,0.0,Shallow Fog,False,False,False,False,False,False,False,False,False,False,False,False,False,Day,Day,Day,Day,Monday
A-5503946,Source1,2,2021-03-04 15:50:10,2021-03-04 18:43:44.000000000,35.82118300000001,-89.966289,35.889598,-89.914419,5.547999999999999,Stationary traffic on I-55 N from AR-148/Exit 57 (I-55) to US-61/Exit 63 (I-55) due to accident.,I-55 N,Luxora,Mississippi,AR,72358,US,US/Central,KHKA,2021-03-04 15:53:00,70.0,70.0,33.0,29.8,10.0,NE,5.0,0.0,Fair,False,False,False,False,False,False,False,False,False,False,False,False,False,Day,Day,Day,Day,Thursday
A-7196242,Source1,1,2020-04-24 05:27:36,2020-04-24 06:17:34,35.30327,-90.24939,35.30327,-90.24939,0.0,At AR-50/Exit 17 - Accident.,I-55 N,Crawfordsville,Crittenden,AR,72327,US,US/Central,KAWM,2020-04-24 05:30:00,50.0,50.0,100.0,29.57,1.0,CALM,0.0,0.0,Fog,False,False,False,False,True,False,False,False,False,False,False,False,False,Night,Night,Day,Day,Friday
A-5806541,Source1,4,2021-10-27 15:49:02,2021-10-27 17:05:21,33.95460300000001,-92.035962,33.949182,-92.032444,0.425,Incident on US-63 SB near STATE HWY-114 Road closed. Take alternate route., Highway 63,Rison,Cleveland,AR,71665-9046,US,US/Central,KPBF,2021-10-27 15:47:00,63.0,63.0,82.0,29.33,2.0,ESE,13.0,0.26,Heavy Rain,False,False,False,False,False,False,False,False,False,False,False,False,False,Day,Day,Day,Day,Wednesday
A-4919263,Source1,2,2022-09-05 13:53:25,2022-09-05 15:11:15,35.84927800000001,-94.183222,35.82333,-94.187674,1.81,Incident on I-49 SB near I-49 Road closed. Take alternate route.,I-49,Winslow,Washington,AR,72959,US,US/Central,KFYV,2022-09-05 13:53:00,76.0,76.0,74.0,28.68,10.0,S,7.0,0.0,Thunder,False,False,False,False,False,False,False,False,False,False,False,False,False,Day,Day,Day,Day,Monday
A-4784829,Source1,2,2022-08-09 18:41:39,2022-08-09 19:59:06,35.1567328,-90.12392878,35.153022799999995,-90.05791878,3.738,Incident on I-40 EB near I-40 Right shoulder closed.,I-40,West Memphis,Crittenden,AR,72301,US,US/Central,KAWM,2022-08-09 18:32:00,76.0,76.0,85.0,29.79,10.0,S,21.0,0.0,Thunder / Windy,False,False,False,False,False,False,False,False,False,False,False,False,False,Day,Day,Day,Day,Tuesday
A-5279609,Source1,2,2022-02-08 14:27:13,2022-02-08 15:43:07.000000000,36.167645,-94.404749,36.168843,-94.399865,0.285,Incident on US-412 EB near STATE HWY-59 Right lane blocked. Expect delays.,Highway 412 E,Siloam Springs,Benton,AR,72761,US,US/Central,KSLG,2022-02-08 14:56:00,62.0,62.0,26.0,28.74,10.0,SW,21.0,0.0,Fair / Windy,False,False,False,False,False,False,False,False,False,True,False,False,False,Day,Day,Day,Day,Tuesday
A-7449794,Source1,4,2019-02-19 13:44:57,2019-02-19 14:14:21,33.857042,-92.34669,33.861445,-92.337307,0.618,Closed at AR-189 - Road closed due to accident., Highway 79,Kingsland,Cleveland,AR,71652,US,US/Central,KPBF,2019-02-19 13:50:00,33.8,24.3,100.0,30.14,4.0,NE,13.8,0.06,Light Rain,False,False,False,False,False,False,False,False,False,False,False,False,False,Day,Day,Day,Day,Tuesday
A-7483205,Source1,3,2018-12-13 13:36:16,2018-12-13 14:05:52,34.07087,-92.63642,34.070440000000005,-92.6357,0.051,At AR-48 - Accident. Blocked ahead.,Highway 9,Carthage,Dallas,AR,71725,US,US/Central,KM89,2018-12-13 13:53:00,56.0,56.0,100.0,29.18,3.0,ENE,8.0,0.06,Rain,False,False,False,False,False,False,False,False,False,False,False,False,False,Day,Day,Day,Day,Thursday
A-2265726,Source2,2,2019-02-05 07:02:04,2019-02-05 07:31:47,35.828522,-90.705299,,,0.0,Accident on US-49-BR Main St both ways at Nettleton Ave.,S Main St,Jonesboro,Craighead,AR,72401-4979,US,US/Central,KJBR,2019-02-05 06:53:00,48.0,,100.0,29.99,0.8,ENE,12.7,,Mist,False,False,False,False,False,False,False,False,False,False,False,False,False,Day,Day,Day,Day,Tuesday
A-5433926,Source1,4,2022-08-10 15:37:07,2022-08-10 16:56:37.000000000,33.901201,-91.882967,33.892386,-91.882599,0.609,Incident on AR-530 SB near AR-530 Road closed. Take alternate route.,AR-530,Star City,Lincoln,AR,71667,US,US/Central,KPBF,2022-08-10 15:51:00,82.0,82.0,74.0,29.81,10.0,SSW,9.0,0.0,Thunder in the Vicinity,False,False,False,False,False,False,False,False,False,False,False,False,False,Day,Day,Day,Day,Wednesday
A-4414140,Source1,2,2022-03-11 16:15:12,2022-03-11 17:34:07,34.28653836233957,-92.00113177255628,34.27505836233957,-92.00146177255633,0.7929999999999999,Incident on US-79 SB near STATE HWY-31 Road closed. Take alternate route., US-79-Br Hwy N,White Hall,Jefferson,AR,71602,US,US/Central,KPBF,2022-03-11 16:22:00,37.0,26.0,76.0,29.88,2.0,N,21.0,0.02,Light Snow / Windy,False,False,False,False,False,False,False,False,False,False,False,False,False,Day,Day,Day,Day,Friday
A-724066,Source2,3,2022-02-03 05:56:05,2022-02-03 06:40:39,34.601028,-92.547157,,,0.0,Two lanes blocked due to accident on I-30 Westbound before Exit 118.,US-67,Benton,Saline,AR,72015,US,US/Central,KLIT,2022-02-03 05:53:00,31.0,18.0,82.0,29.74,3.0,N,21.0,0.11,Sleet / Windy,False,False,False,False,False,False,False,False,False,False,False,False,False,Night,Night,Night,Day,Thursday
A-7017378,Source1,1,2020-05-08 07:59:41,2020-05-08 09:19:39,34.67921,-92.35396,34.67921,-92.35396,0.0,At US-67/US-70/University Ave/Exit 132 - Accident.,S University Ave,Little Rock,Pulaski,AR,72209,US,US/Central,KLIT,2020-05-08 07:53:00,58.0,58.0,97.0,29.55,10.0,NW,14.0,0.03,Cloudy,False,False,False,False,False,False,False,False,False,False,False,False,False,Day,Day,Day,Day,Friday
A-627835,Source2,1,2022-05-05 05:54:05,2022-05-05 06:23:33,36.055931,-94.188789,,,0.0,Crash on AR-180 Martin Luther King Blvd at Sang Ave.,W Martin Luther King Blvd,Fayetteville,Washington,AR,72701-6214,US,US/Central,KFYV,2022-05-05 05:53:00,60.0,60.0,90.0,28.62,10.0,SSE,3.0,0.01,Light Rain,False,False,False,False,False,False,False,False,False,False,False,False,False,Night,Day,Day,Day,Thursday
A-2495909,Source2,3,2018-10-03 07:18:39,2018-10-03 07:48:17,35.127705,-90.076111,,,0.0,Left lane blocked due to accident on I-55 Southbound in Memphis.,US-79 N,Marion,Crittenden,AR,72364,US,US/Central,KAWM,2018-10-03 06:53:00,70.0,,100.0,30.06,9.0,South,4.6,,Clear,False,False,False,False,False,False,False,False,False,False,False,False,False,Day,Day,Day,Day,Wednesday
A-5500313,Source1,2,2021-06-10 18:49:05,2021-06-10 19:50:00,34.97953534109602,-92.0338547225378,34.99192534109602,-92.0098647225378,1.605,Stationary traffic on US-67 N - US-167 N from AR-89/Exit 19 (US-67/US-167) to AR-321/Exit 22 (US-67/US-167) due to accident.,US-67,Cabot,Lonoke,AR,72023,US,US/Central,KLRF,2021-06-10 18:45:00,81.0,81.0,79.0,29.54,10.0,S,8.0,0.0,Thunder,False,False,False,False,False,False,False,False,False,False,False,False,False,Day,Day,Day,Day,Thursday
A-4939510,Source1,2,2022-03-05 13:27:50,2022-03-05 14:44:10.000000000,34.841252000000004,-91.452494,34.845132,-91.433922,1.087,Incident on I-40 EB near I-40 Right lane blocked. Expect delays.,I-40,Biscoe,Prairie,AR,72017,US,US/Central,KSGT,2022-03-05 13:56:00,75.0,75.0,51.0,29.75,10.0,S,24.0,0.0,Cloudy / Windy,False,False,False,False,False,False,False,False,False,False,False,False,False,Day,Day,Day,Day,Saturday
A-5498291,Source1,2,2021-05-19 22:33:17,2021-05-20 00:40:49.000000000,34.74335,-92.401269,34.741024,-92.399796,0.181,Incident on CENTERVIEW DR near KANIS RD Drive with caution., Embassy Suites Dr,Little Rock,Pulaski,AR,72211,US,US/Central,KLZK,2021-05-19 22:26:00,70.0,70.0,94.0,29.7,10.0,CALM,0.0,0.0,Light Drizzle,False,False,True,False,False,False,False,False,False,False,False,False,False,Night,Night,Night,Night,Wednesday
A-4821434,Source1,4,2022-02-24 19:55:46,2022-02-24 21:15:26.000000000,33.95357,-92.610677,33.954962,-92.615962,0.318,Incident on AR-8 WB near STATE HWY-9 Road closed. Take alternate route., Highway 8 W,Fordyce,Dallas,AR,71742,US,US/Central,KCDH,2022-02-24 19:55:00,36.0,36.0,100.0,30.1,9.0,NW,3.0,0.0,Cloudy,False,False,False,False,False,False,False,False,False,False,False,False,False,Night,Night,Night,Night,Thursday
A-701583,Source2,3,2022-02-22 08:05:22,2022-02-22 08:48:48,34.734112,-92.170921,,,0.0,Right hand shoulder blocked due to crash on I-440 Westbound at Exit 7 US-165.,E Belt W,North Little Rock,Pulaski,AR,72117,US,US/Central,KLIT,2022-02-22 07:53:00,63.0,63.0,84.0,29.63,4.0,WSW,17.0,0.33,Light Rain with Thunder,False,False,False,False,False,False,False,False,False,False,False,False,False,Day,Day,Day,Day,Tuesday
A-5663912,Source1,4,2021-08-22 14:40:00,2021-08-22 15:58:04.000000000,34.751653999999995,-91.245222,34.757563,-91.245094,0.408,Incident on AR-17 SB near STATE HWY-241 Road closed. Take alternate route.,Highway 17,Clarendon,Monroe,AR,72029,US,US/Central,KSGT,2021-08-22 14:56:00,90.0,90.0,63.0,29.74,10.0,CALM,0.0,0.0,Mostly Cloudy,False,False,False,False,False,False,False,False,False,False,False,False,False,,,,,Sunday
A-6657772,Source1,2,2020-11-15 01:43:00,2020-11-15 03:10:31,34.743546,-92.299771,34.741304,-92.282749,0.979,Stationary traffic on I-630 E from Woodrow St/W 3rd St/Exit 3 (I-630) to Chester St/Exit 2 (I-630) due to accident.,I-630 E,Little Rock,Pulaski,AR,72202,US,US/Central,KLIT,2020-11-15 01:41:00,69.0,69.0,87.0,29.5,1.0,SW,36.0,0.18,Heavy Rain / Windy,False,False,False,False,False,False,False,False,False,False,False,False,False,Night,Night,Night,Night,Sunday
A-7614203,Source1,2,2018-02-02 13:38:35,2018-02-02 19:38:35,34.893988,-92.096844,34.94569,-92.0678,3.933,At AR-5/Exit 16 - Accident.,US-67 N,Jacksonville,Pulaski,AR,72076,US,US/Central,KLRF,2018-02-02 13:56:00,39.2,33.0,27.0,30.56,10.0,NE,9.2,,Clear,False,False,False,False,False,False,False,False,False,False,False,False,False,Day,Day,Day,Day,Friday
A-7489097,Source1,4,2018-12-22 21:18:16,2018-12-22 21:48:01,33.57148,-92.848088,33.571090000000005,-92.845309,0.162,Closed at US-79/US-79-BR/California Ave SW - Road closed due to accident., Highway 278 Byp,Camden,Ouachita,AR,71701-4552,US,US/Central,KCDH,2018-12-22 21:15:00,51.8,,88.0,29.94,10.0,Calm,,,Overcast,False,False,False,False,False,False,False,False,False,False,False,False,False,Night,Night,Night,Night,Saturday
A-3913380,Source1,4,2022-11-06 06:32:45,2022-11-06 07:50:09.000000000,33.821814,-92.435301,33.823461,-92.431239,0.259,Incident on US-79 NB near STATE HWY-8 Road closed. Take alternate route., Highway 79 167 Byp,Fordyce,Dallas,AR,71742-1730,US,US/Central,KCDH,2022-11-06 06:35:00,45.0,45.0,100.0,29.82,2.0,CALM,0.0,0.0,Fog,False,False,False,False,False,False,False,False,False,False,False,False,False,Night,Day,Day,Day,Sunday
A-7541484,Source1,4,2018-09-26 15:34:57,2018-09-26 16:04:43,36.339677,-93.486942,36.338657,-93.47208,0.83,Closed at AR-103/CR-613 - Road closed due to accident., Highway 62 E,Green Forest,Carroll,AR,72638-2832,US,US/Central,KHRO,2018-09-26 15:53:00,63.0,,52.0,30.18,10.0,North,4.6,,Partly Cloudy,False,False,False,False,False,False,False,False,False,False,False,False,False,Day,Day,Day,Day,Wednesday
A-5358070,Source1,2,2022-02-23 12:56:53,2022-02-23 14:14:46,34.857248067689625,-92.13354706720288,34.84686806768963,-92.14939706720288,1.15,Incident on US-67 SB near EXIT 6 Left shoulder closed.,US-67,Jacksonville,Pulaski,AR,72076,US,US/Central,KLRF,2022-02-23 12:56:00,28.0,23.0,88.0,30.03,2.0,N,5.0,0.03,Snow and Sleet,False,False,False,False,False,False,False,False,False,False,False,False,False,Day,Day,Day,Day,Wednesday
A-1181729,Source2,3,2021-01-25 06:22:39,2021-01-25 06:55:00,36.338779,-94.182579,,,0.0,Lane blocked and left hand shoulder blocked due to accident on I-49 Southbound near AR-12 Walnut St.,I-49 S,Bentonville,Benton,AR,72712,US,US/Central,KVBT,2021-01-25 06:11:00,46.0,46.0,100.0,28.24,10.0,VAR,3.0,0.01,Light Rain,False,False,False,False,True,False,False,False,False,False,False,False,False,Night,Night,Night,Day,Monday
A-4474972,Source1,4,2022-08-22 15:18:45,2022-08-23 01:19:58,35.023622,-90.821435,35.054764,-90.691767,7.645,Incident on I-40 EB near I-40 Road closed. Take alternate route.,I-40 E,Forrest City,St. Francis,AR,72335,US,US/Central,KAWM,2022-08-22 14:53:00,86.0,86.0,67.0,29.73,10.0,NE,7.0,0.01,Partly Cloudy,False,False,False,False,True,False,False,False,False,False,False,False,False,Day,Day,Day,Day,Monday
A-5372753,Source1,2,2022-03-04 07:11:58,2022-03-04 08:28:28,34.750546,-92.391432,34.762284,-92.39073,0.812,Incident on I-430 NB near EXIT 6B Expect long delays.,I-430 N,Little Rock,Pulaski,AR,72205,US,US/Central,KLIT,2022-03-04 06:53:00,45.0,45.0,90.0,29.94,7.0,CALM,0.0,0.0,Partly Cloudy,False,False,False,False,False,False,False,False,False,False,False,False,False,Day,Day,Day,Day,Friday
A-5224481,Source1,4,2022-02-03 07:48:44,2022-02-03 10:52:47.000000000,34.791609048677486,-92.0563852782628,34.80135904867748,-91.9992252782628,3.312,Incident on I-40 EB near I-40 Road closed. Take alternate route.,I-40,Scott,Lonoke,AR,72142,US,US/Central,KLIT,2022-02-03 07:49:00,32.0,22.0,75.0,29.79,4.0,NNE,14.0,0.03,Sleet,False,False,False,False,False,False,False,False,False,False,False,False,False,Day,Day,Day,Day,Thursday
A-670346,Source2,3,2022-03-21 05:26:51,2022-03-21 05:54:51,34.705234999999995,-92.29245,,,0.0,Outside lane blocked and right hand shoulder blocked due to crash on I-30 Westbound after Exit 138.,I-30,Little Rock,Pulaski,AR,72206,US,US/Central,KLIT,2022-03-21 05:53:00,47.0,47.0,77.0,29.81,10.0,E,3.0,0.0,Cloudy,False,False,False,False,False,False,False,False,False,False,False,False,False,Night,Night,Night,Night,Monday
A-5392535,Source1,4,2022-03-08 13:30:39,2022-03-08 14:47:25.000000000,36.416418,-94.414115,36.41761,-94.412243,0.133,Incident on AR-72 WB near STATE HWY-59 Road closed. Take alternate route., W Highway 72,Gravette,Benton,AR,72736,US,US/Central,KXNA,2022-03-08 13:53:00,41.0,41.0,55.0,28.67,10.0,CALM,0.0,0.0,Mostly Cloudy,False,False,False,False,False,False,False,False,False,False,False,False,False,Day,Day,Day,Day,Tuesday
