ID,Source,Severity,Start_Time,End_Time,Start_Lat,Start_Lng,End_Lat,End_Lng,Distance(mi),Description,Street,City,County,State,Zipcode,Country,Timezone,Airport_Code,Weather_Timestamp,Temperature(F),Wind_Chill(F),Humidity(%),Pressure(in),Visibility(mi),Wind_Direction,Wind_Speed(mph),Precipitation(in),Weather_Condition,Amenity,Bump,Crossing,Give_Way,Junction,No_Exit,Railway,Roundabout,Station,Stop,Traffic_Calming,Traffic_Signal,Turning_Loop,Sunrise_Sunset,Civil_Twilight,Nautical_Twilight,Astronomical_Twilight,Day_Of_Week
A-6807687,Source1,2,2020-12-30 01:49:22,2020-12-30 03:08:03,43.608991,-96.475696,43.608816,-96.496168,1.024,Incident on I-90 WB near MN-23 Drive with caution.,I-90 W,Valley Springs,Minnehaha,SD,57068,US,US/Central,KLYV,2020-12-30 01:55:00,27.0,13.0,80.0,28.35,7.0,NW,21.0,0.0,Fair / Windy,False,False,False,False,False,False,False,False,False,False,False,False,False,Night,Night,Night,Night,Wednesday
A-2085928,Source2,3,2019-05-06 12:31:50,2019-05-06 13:01:14,43.913002,-100.313156,,,0.0,Accident on I-90 Westbound at Exit 212 SD-53.,SD-53,Vivian,Lyman,SD,57576,US,US/Central,KPIR,2019-05-06 12:15:00,39.0,33.0,89.0,28.32,8.0,ENE,9.0,0.02,Light Rain,False,False,False,False,False,False,False,False,False,False,False,False,False,Day,Day,Day,Day,Monday
A-6592020,Source1,2,2020-10-08 15:51:51,2020-10-08 17:13:06,43.514824,-96.789669,43.514823,-96.789923,0.013,Incident on W 41ST ST near S CATHY AVE Drive with caution., S Cathy Ave,Sioux Falls,Minnehaha,SD,57106-2704,US,US/Central,KFSD,2020-10-08 15:56:00,77.0,77.0,24.0,28.4,10.0,SSE,22.0,0.0,Fair / Windy,False,False,False,False,False,False,False,False,False,False,False,False,False,Day,Day,Day,Day,Thursday
A-6642059,Source1,2,2020-09-28 20:36:51,2020-09-28 23:42:41,43.543851,-96.773042,43.54385900000001,-96.769969,0.154,Incident on W 12TH ST near I-29 Drive with caution., W 12th St,Sioux Falls,Minnehaha,SD,57106,US,US/Central,KFSD,2020-09-28 20:56:00,50.0,50.0,68.0,28.53,10.0,WNW,6.0,0.0,Partly Cloudy,False,False,False,False,False,False,False,False,False,False,False,False,False,Night,Night,Night,Day,Monday
A-7630943,Source1,2,2018-01-10 13:32:55,2018-01-10 19:32:55,43.608725,-96.737364,43.608725,-96.737364,0.0,At SD-115/Cliff Ave/Exit 399 - Accident involving 2 heavy trucks. Roadway reduced to 1 lane.,I-90 E,Sioux Falls,Minnehaha,SD,57104,US,US/Central,KFSD,2018-01-10 13:56:00,37.0,29.3,96.0,29.45,2.5,South,11.5,,Overcast,False,False,False,False,False,False,False,False,False,False,False,False,False,Day,Day,Day,Day,Wednesday
