ID,Source,Severity,Start_Time,End_Time,Start_Lat,Start_Lng,End_Lat,End_Lng,Distance(mi),Description,Street,City,County,State,Zipcode,Country,Timezone,Airport_Code,Weather_Timestamp,Temperature(F),Wind_Chill(F),Humidity(%),Pressure(in),Visibility(mi),Wind_Direction,Wind_Speed(mph),Precipitation(in),Weather_Condition,Amenity,Bump,Crossing,Give_Way,Junction,No_Exit,Railway,Roundabout,Station,Stop,Traffic_Calming,Traffic_Signal,Turning_Loop,Sunrise_Sunset,Civil_Twilight,Nautical_Twilight,Astronomical_Twilight,Day_Of_Week
A-7498434,Source1,4,2018-11-08 08:20:59,2018-11-08 08:50:29,40.81949,-98.388,40.82102,-98.372602,0.812,Closed at US-34/US-281/Exit 312 - Road closed due to accident. Accident.,I-80 E,Grand Island,Hall,NE,68803,US,US/Central,KGRI,2018-11-08 08:08:00,27.0,20.5,96.0,30.34,0.5,SE,5.8,0.01,Snow,False,False,False,False,False,False,False,False,False,False,False,False,False,Day,Day,Day,Day,Thursday
A-7444006,Source1,4,2019-02-10 06:40:47,2019-02-10 07:10:16,40.64102000000001,-98.95142,40.674156,-98.95157,2.289,Closed at Kilgore Rd - Road closed due to accident.,V Rd,Kearney,Kearney,NE,68847,US,US/Central,KEAR,2019-02-10 06:57:00,26.1,16.2,78.0,30.09,10.0,NNE,10.4,,Overcast,False,False,False,False,False,False,False,False,False,True,False,False,False,Night,Night,Day,Day,Sunday
A-164686,Source2,2,2016-08-09 08:02:32,2016-08-09 08:47:32,41.234222,-96.032784,,,0.0,Nourthbound lane blocked due to accident on 78th St Northbound at NE-38 Center Rd.,W Center Rd,Omaha,Douglas,NE,68124,US,US/Central,KMLE,2016-08-09 07:55:00,72.0,,96.0,29.94,2.0,SSE,5.8,,Overcast,False,False,False,False,False,False,False,False,False,False,False,False,False,Day,Day,Day,Day,Tuesday
A-7695025,Source1,4,2017-08-13 17:45:41,2017-08-13 23:45:41,40.825006,-98.348667,40.82101,-98.25897,4.698,Closed at NE-2/Exit 318 - Road closed due to accident.,I-80 E,Doniphan,Hall,NE,68832,US,US/Central,KHSI,2017-08-13 17:53:00,82.9,,56.0,29.81,10.0,South,6.9,,Partly Cloudy,False,False,False,False,False,False,False,False,False,False,False,False,False,Day,Day,Day,Day,Sunday
A-7593441,Source1,4,2018-04-13 17:07:17,2018-04-13 23:07:17,41.00828,-96.31065,41.02784000000001,-96.29579,1.558,Closed between NE-66/Exit 426 and Sarpy/Cass County Line - Road closed due to accident.,I-80 E,Ashland,Cass,NE,68003,US,US/Central,KMLE,2018-04-13 17:15:00,66.9,,57.0,29.3,10.0,NNE,9.2,,Scattered Clouds,False,False,False,False,True,False,False,False,False,False,False,False,False,Day,Day,Day,Day,Friday
A-2065374,Source2,3,2019-06-21 04:12:22,2019-06-21 04:57:33,41.11777100000001,-96.215347,,,0.0,Car VS Deer accident on I-80 Eastbound in Gretna. On the median.,Capehart Rd,Gretna,Sarpy,NE,68028,US,US/Central,KMLE,2019-06-21 04:15:00,75.0,75.0,81.0,28.66,10.0,WSW,12.0,0.0,T-Storm,False,False,False,False,False,False,False,False,False,False,False,False,False,Night,Night,Night,Day,Friday
A-3987776,Source1,2,2022-12-13 06:08:00,2022-12-13 07:53:30,41.104421,-101.48141,41.119109,-101.689453,10.878,Slow traffic on I-80 W from L 51C/Exit 145 (I-80) to US-26/NE-61/Exit 126 (I-80) due to accident.,I-80,Paxton,Keith,NE,69155,US,US/Mountain,KOGA,2022-12-13 06:15:00,28.0,16.0,95.0,26.05,3.0,N,15.0,0.0,Wintry Mix,False,False,False,False,False,False,False,False,False,False,False,False,False,Night,Night,Day,Day,Tuesday
A-7504925,Source1,4,2018-11-19 08:32:34,2018-11-19 09:01:56,41.23917,-95.95362,41.23917,-95.95362,0.0,Closed at NE-38/Martha St/Exit 1 - Road closed due to accident. Emergency vehicle.,I-480 N,Omaha,Douglas,NE,68105,US,US/Central,KOMA,2018-11-19 08:52:00,30.0,24.1,75.0,30.12,10.0,North,5.8,,Mostly Cloudy,False,False,False,False,False,False,False,False,False,False,False,False,False,Day,Day,Day,Day,Monday
A-2543315,Source2,3,2018-10-25 07:10:30,2018-10-25 07:55:10,41.224289,-96.086113,,,0.0,Accident on I-80 Eastbound at Exits 445 446 I-680.,I-80 W,Omaha,Douglas,NE,68144,US,US/Central,KMLE,2018-10-25 07:15:00,46.9,,88.0,30.06,10.0,SE,4.6,,Drizzle,False,False,False,False,False,False,False,False,False,False,False,False,False,Night,Night,Day,Day,Thursday
A-2337887,Source2,2,2019-01-15 06:28:35,2019-01-15 06:58:26,41.43507,-97.358017,,,0.0,Accident on 19th St at 25th Ave.,25th Ave,Columbus,Platte,NE,68601-4347,US,US/Central,KOLU,2019-01-15 06:56:00,27.0,21.6,96.0,30.17,0.5,SSW,4.6,0.0,Light Freezing Fog,False,False,False,False,False,False,False,False,False,False,False,False,False,Night,Night,Night,Day,Tuesday
A-1181509,Source2,2,2021-01-25 16:05:42,2021-01-25 17:11:00,41.148251,-95.90834,,,0.0,Accident on Kay Lynn Dr at St Andrews Rd.,Saint Andrews Rd,Bellevue,Sarpy,NE,68005-3157,US,US/Central,KOFF,2021-01-25 15:56:00,26.0,12.0,85.0,28.59,0.12,NE,18.0,0.0,Heavy Snow,False,False,False,False,False,False,False,False,False,False,False,False,False,Day,Day,Day,Day,Monday
A-6407821,Source1,2,2021-02-07 15:51:30,2021-02-07 22:07:30,41.09586,-100.669154,41.100306,-100.695586,1.41,Stationary traffic on I-80 W from NE-56A/Exit 190 (I-80) to NE-56G/Exit 179 (I-80) due to accident.,I-80 W,North Platte,Lincoln,NE,69101,US,US/Central,KLBF,2021-02-07 15:53:00,4.0,-11.0,73.0,27.03,8.0,E,10.0,0.0,Light Snow,False,False,False,False,False,False,False,False,False,False,False,False,False,Day,Day,Day,Day,Sunday
A-3305236,Source2,2,2017-09-13 06:33:55,2017-09-13 07:33:18,41.439655,-97.35556,,,0.0,Accident on 23rd Ave at 24th St.,23rd Ave,Columbus,Platte,NE,68601-2629,US,US/Central,KOLU,2017-09-13 06:30:00,51.8,,100.0,29.83,0.5,Calm,,,Fog,False,False,False,False,False,False,False,False,False,False,False,False,False,Night,Night,Day,Day,Wednesday
A-3862572,Source1,2,2022-12-29 17:52:30,2022-12-29 18:26:30,42.177622,-97.184762,42.235354,-97.171437,4.047,Slow traffic on NE-57 - NE-35 - NE-98 from 852nd Rd (NE-35) to NE-15/Main St (NE-35) due to accident.,NE-35,Winside,Wayne,NE,68790,US,US/Central,KLCG,2022-12-29 17:55:00,28.0,17.0,91.0,28.3,1.0,NNW,15.0,0.0,Snow,False,False,False,False,False,False,False,False,False,False,False,False,False,,,,,Thursday
A-2294245,Source2,3,2019-02-19 19:56:53,2019-02-19 20:41:24,41.223797,-96.024139,,,0.0,Left lane blocked due to accident on I-80 Westbound at Exit 449 72nd St.,I-80 E,Omaha,Douglas,NE,68124,US,US/Central,KMLE,2019-02-19 19:55:00,22.1,13.7,89.0,30.13,0.8,East,6.9,,Snow,False,False,False,False,False,False,False,False,False,False,False,False,False,Night,Night,Night,Night,Tuesday
A-166766,Source2,2,2016-05-29 10:21:46,2016-05-29 11:10:00,41.134411,-95.900345,,,0.0,Accident on 24th Ave at Jackson St.,Jackson St,Bellevue,Sarpy,NE,68005-5137,US,US/Central,KOFF,2016-05-29 09:58:00,68.9,,68.0,30.09,10.0,SSE,5.8,,Scattered Clouds,False,False,True,False,False,False,False,False,False,False,False,False,False,Day,Day,Day,Day,Sunday
A-4983792,Source1,2,2022-09-21 13:15:00,2022-09-21 15:57:43.000000000,40.524962,-99.625232,40.517578,-99.606305,1.117,Incident on NE-23 EB near MP 146 Road closed. Take alternate route.,NE-23,Bertrand,Phelps,NE,68927,US,US/Central,KHDE,2022-09-21 13:15:00,52.0,52.0,86.0,27.78,10.0,NE,23.0,0.03,Rain / Windy,False,False,False,False,False,False,False,False,False,False,False,False,False,,,,,Wednesday
A-1906001,Source2,3,2019-09-11 07:33:24,2019-09-11 08:39:10,41.252308,-95.953705,,,0.0,Left hand shoulder blocked due to accident on I-480 Northbound at Leavenworth St.,Leavenworth St,Omaha,Douglas,NE,68105,US,US/Central,KOMA,2019-09-11 07:34:00,69.0,69.0,90.0,28.98,10.0,N,9.0,0.0,Cloudy,False,False,False,False,False,False,False,False,False,False,False,False,False,Day,Day,Day,Day,Wednesday
A-7028596,Source1,4,2020-05-14 06:07:31,2020-05-14 06:37:31,41.21736,-95.95345,41.22313,-95.95166,0.409,Closed between US-275/NE-92/L St and I-80/I-480/Exit 452 - Road closed due to accident.,US-75 N,Omaha,Douglas,NE,68107,US,US/Central,KOFF,2020-05-14 05:56:00,58.0,58.0,98.0,28.69,2.0,NNW,3.0,0.0,Fog,False,False,False,False,False,False,False,False,False,False,False,False,False,Day,Day,Day,Day,Thursday
A-7008377,Source1,2,2020-05-02 16:41:37,2020-05-02 17:11:06,41.22837,-100.69637,41.16237,-100.75729,5.5520000000000005,Between NE-70/NE-92 and US-30/Rodeo Rd/W 12th St - Accident., N Twin Lks,North Platte,Lincoln,NE,69101-9509,US,US/Central,KLBF,2020-05-02 16:53:00,65.0,65.0,48.0,27.18,10.0,ENE,9.0,0.0,Partly Cloudy,False,False,False,False,False,False,False,False,False,False,False,False,False,Day,Day,Day,Day,Saturday
A-2488004,Source2,2,2018-09-30 12:02:48,2018-09-30 12:32:25,41.259624,-96.004478,,,0.0,Accident on US-6 Dodge St Eastbound at Elmwood Park Rd.,Elmwood Park Rd,Omaha,Douglas,NE,68132,US,US/Central,KOMA,2018-09-30 11:52:00,51.1,,89.0,30.21,2.5,NNE,9.2,0.01,Light Drizzle,False,False,True,False,False,False,False,False,False,False,False,False,False,Day,Day,Day,Day,Sunday
A-2442862,Source2,2,2018-11-08 10:43:34,2018-11-08 11:13:18,41.147114,-96.2342,,,0.0,Accident on 204th St Eastbound at NE-370.,S 204th St,Gretna,Sarpy,NE,68028,US,US/Central,KMLE,2018-11-08 10:35:00,31.6,,80.0,30.4,4.0,Calm,,,Light Freezing Rain,False,False,False,False,False,False,False,False,False,False,False,True,False,Day,Day,Day,Day,Thursday
A-652763,Source2,2,2022-04-12 15:45:18,2022-04-12 16:13:04,40.820717,-97.912178,,,0.0,Lane blocked due to crash on I-80 Eastbound at Exit 338 / NE-41D-LINK / W Rd.,I-80,Aurora,Hamilton,NE,68818,US,US/Central,KAUH,2022-04-12 15:55:00,90.0,90.0,13.0,27.31,10.0,SSW,33.0,0.0,Fair / Windy,False,False,False,False,False,False,False,False,False,False,False,False,False,Day,Day,Day,Day,Tuesday
A-3141802,Source2,2,2017-12-20 11:40:27,2017-12-20 12:10:12,41.212311,-96.101433,,,0.0,Accident on 120th St Eastbound at US-275 L St.,L St,Omaha,Douglas,NE,68137,US,US/Central,KMLE,2017-12-20 11:35:00,38.8,31.2,35.0,30.03,10.0,SE,12.7,,Clear,False,False,False,False,False,False,False,False,False,False,False,True,False,Day,Day,Day,Day,Wednesday
A-1350923,Source2,4,2020-10-21 10:22:07,2020-10-21 11:44:23,41.185135,-96.108948,,,3.630000114440918,Right hand shoulder blocked due to earlier accident on I-80 Eastbound between NE-50 and Giles Rd. All lanes have been re-opened.,I-80 E,La Vista,Sarpy,NE,68128,US,US/Central,KMLE,2020-10-21 20:15:00,47.0,47.0,90.0,28.94,2.0,ESE,3.0,0.0,Drizzle,False,False,False,False,False,False,False,False,False,False,False,False,False,Day,Day,Day,Day,Wednesday
A-624741,Source2,2,2022-05-12 17:24:52,2022-05-12 18:08:47,41.138966,-96.004425,,,3.2899999618530287,Lane blocked due to crash on NE-370 between 72nd St and 60th St.,Highway 370,Papillion,Sarpy,NE,68133,US,US/Central,KOFF,2022-05-12 16:56:00,95.0,95.0,34.0,28.59,8.0,S,26.0,0.0,Fair / Windy,False,False,False,False,False,False,False,False,False,False,False,False,False,Day,Day,Day,Day,Thursday
A-7049847,Source1,1,2020-06-22 07:42:32,2020-06-22 07:57:32,41.34396,-95.98254,41.34396,-95.98254,0.0,At NE-36/McKinley St - Accident.,McKinley St,Omaha,Douglas,NE,68152,US,US/Central,KOMA,2020-06-22 07:52:00,68.0,68.0,90.0,28.77,10.0,NNW,16.0,0.0,Light Rain,False,False,False,False,False,False,False,False,False,False,False,True,False,Day,Day,Day,Day,Monday
A-166347,Source2,2,2016-05-09 17:27:31,2016-05-09 18:13:42,41.233829,-96.138611,,,0.01,Accident on NE-38 Center Rd Eastbound at 144th St.,S 144th St,Omaha,Douglas,NE,68144,US,US/Central,KMLE,2016-05-09 17:35:00,69.1,,82.0,29.57,10.0,Calm,,,Thunderstorm,False,False,True,False,False,False,False,False,False,False,False,True,False,Day,Day,Day,Day,Monday
A-6708042,Source1,2,2020-12-29 17:52:53,2020-12-30 18:37:56,40.822273,-97.949698,40.822288,-97.977889,1.474,Construction on I-80 WB near NE-41D Left lane blocked.,I-80 W,Hampton,Hamilton,NE,68843,US,US/Central,KAUH,2020-12-29 17:55:00,28.0,22.0,96.0,27.99,2.0,NNW,5.0,0.0,Fog,False,False,False,False,False,False,False,False,False,False,False,False,False,Night,Night,Day,Day,Tuesday
A-1108021,Source2,2,2021-03-24 08:08:33,2021-03-24 11:28:47,41.223896,-96.042587,,,1.5700000524520874,Right hand shoulder closed due to accident on I-80 Westbound between 72nd St and 84th St.,I-80 W,Omaha,Douglas,NE,68124,US,US/Central,KMLE,2021-03-24 08:15:00,42.0,35.0,79.0,28.63,10.0,NW,12.0,0.0,Cloudy,False,False,False,False,False,False,False,False,False,False,False,False,False,Day,Day,Day,Day,Wednesday
A-1119218,Source2,4,2021-03-15 07:39:12,2021-03-15 10:00:00,40.821335,-96.929909,,,14.449999809265137,Earlier accident on I-80 Eastbound between NE-15 and NE-103. All lanes have been re-opened.,I-80 W,Pleasant Dale,Seward,NE,68423,US,US/Central,KLNK,2021-03-15 07:51:00,43.0,37.0,87.0,28.58,2.0,E,9.0,0.0,Fog,False,False,False,False,False,False,False,False,False,False,False,False,False,Day,Day,Day,Day,Monday
A-3401948,Source2,2,2017-08-25 08:05:07,2017-08-25 08:34:48,41.281433,-95.956543,,,0.0,Accident on 30th St at Lake St.,Lake St,Omaha,Douglas,NE,68111-3700,US,US/Central,KOMA,2017-08-25 07:52:00,64.0,,87.0,30.11,5.0,SSE,11.5,0.27,Thunderstorms and Rain,False,False,True,False,False,False,False,False,False,False,False,True,False,Day,Day,Day,Day,Friday
A-3092821,Source2,1,2018-01-29 06:52:47,2018-01-29 07:22:36,41.32143,-95.954025,,,0.0,Accident on 28th Ave at Ida St.,N 28th Ave,Omaha,Douglas,NE,68112,US,US/Central,KOMA,2018-01-29 06:52:00,9.0,-4.2,84.0,30.7,10.0,NNW,9.2,,Clear,False,False,False,False,False,False,False,False,False,False,False,False,False,Night,Night,Day,Day,Monday
A-5199162,Source1,2,2022-08-15 07:00:00,2022-08-15 08:55:38.000000000,41.223616,-95.979223,41.226468,-95.963999,0.815,Incident on I-80 near 60TH ST Drive with caution.,I-80 E,Omaha,Douglas,NE,68105,US,US/Central,KOMA,2022-08-15 06:52:00,68.0,68.0,87.0,28.99,10.0,ENE,7.0,0.0,Light Rain with Thunder,False,False,False,False,False,False,False,False,False,False,False,False,False,Day,Day,Day,Day,Monday
A-3434586,Source1,4,2016-09-14 13:48:04,2016-09-14 19:48:04,42.691269,-103.881436,42.69126,-103.88267,0.063,Closed at NE-29/Main St - Road closed due to accident., 5th St,Harrison,Sioux,NE,69346,US,US/Mountain,KCDR,2016-09-14 13:53:00,68.0,,50.0,30.04,10.0,South,18.4,,Clear,False,False,False,False,False,False,False,False,False,False,False,False,False,Day,Day,Day,Day,Wednesday
A-6076807,Source1,4,2021-05-27 03:47:00,2021-05-27 06:15:31,40.81606507281868,-96.76076531364076,40.82173507281868,-96.75246531364078,0.585,I-80 E is closed from US-6/Exit 396 (I-80) to US-77/Exit 397 (I-80) due to accident.,I-80,Lincoln,Lancaster,NE,68528,US,US/Central,KLNK,2021-05-27 03:41:00,65.0,65.0,90.0,28.59,6.0,SE,21.0,0.15,Rain / Windy,False,False,False,False,False,False,False,False,False,False,False,False,False,Night,Night,Night,Night,Thursday
A-7358709,Source1,2,2019-10-28 07:30:00,2019-10-28 08:45:00,41.21903,-95.95349,41.22135,-95.95263,0.166,At F St - Accident.,US-75 N,Omaha,Douglas,NE,68107,US,US/Central,KOFF,2019-10-28 07:56:00,32.0,26.0,60.0,29.1,10.0,NW,7.0,0.0,Fair,False,False,False,False,False,False,False,False,False,False,False,False,False,Night,Day,Day,Day,Monday
A-166353,Source2,2,2016-05-09 18:52:33,2016-05-09 19:22:33,41.161915,-95.947678,,,0.0,Accident on 25th St at Meisinger Rd.,Meisinger Rd,Bellevue,Sarpy,NE,68123-2521,US,US/Central,KOFF,2016-05-09 18:58:00,62.2,,86.0,29.57,6.0,NNE,4.6,0.12,Heavy Thunderstorms and Rain,False,False,False,False,False,False,False,False,False,False,False,False,False,Day,Day,Day,Day,Monday
A-2270639,Source2,2,2019-02-07 06:32:39,2019-02-07 07:01:43,41.226063,-95.952522,,,0.0,Accident on I-80 Eastbound at Exits 452 453 US-75 Kennedy Fwy.,I-80 E,Omaha,Douglas,NE,68107,US,US/Central,KOFF,2019-02-07 06:36:00,5.0,-16.2,100.0,30.11,3.0,West,21.9,,Blowing Snow,False,False,False,False,True,False,False,False,False,False,False,False,False,Night,Night,Day,Day,Thursday
A-4441631,Source1,2,2022-02-22 01:30:00,2022-02-22 03:40:38,41.227388,-95.95668,41.22684,-95.940475,0.843,Incident on I-80 EB near I-480 Drive with caution.,I-80 E,Omaha,Douglas,NE,68105,US,US/Central,KOMA,2022-02-22 01:20:00,24.0,8.0,84.0,28.79,3.0,N,24.0,0.0,Wintry Mix / Windy,False,False,False,False,False,False,False,False,False,False,False,False,False,Night,Night,Night,Night,Tuesday
A-3299435,Source2,3,2017-09-11 11:33:27,2017-09-11 12:02:52,41.234238,-96.086388,,,0.0,Left lane closed due to accident on I-680 Southbound at Exit 1 NE-38 Center Rd.,W Center Rd,Omaha,Douglas,NE,68144,US,US/Central,KMLE,2017-09-11 11:35:00,77.5,,53.0,30.19,10.0,South,8.1,,Clear,False,False,False,False,False,False,False,False,False,False,False,False,False,Day,Day,Day,Day,Monday
A-3369012,Source2,3,2017-08-10 11:20:47,2017-08-10 11:48:56,41.341534,-96.023766,,,0.0,Left lane closed due to accident on I-680 Westbound at Exit 9 72nd St.,I-680 W,Omaha,Douglas,NE,68152,US,US/Central,KOMA,2017-08-10 11:24:00,70.0,,84.0,30.07,1.2,NNE,5.8,0.2,Thunderstorms and Rain,False,False,False,False,False,False,False,False,False,False,False,False,False,Day,Day,Day,Day,Thursday
A-5395898,Source1,2,2022-05-02 07:48:30,2022-05-02 09:18:00,41.181504,-104.051171,41.191831,-103.886718,8.581,Slow traffic on I-80 E from NE--WY State Border (I-80) to NE-53C/Exit 8 (I-80) due to accident.,I-80 E,Bushnell,Kimball,NE,69128,US,US/Central,KIBM,2022-05-02 07:55:00,32.0,26.0,99.0,25.01,0.5,NNE,6.0,0.01,Snow,False,False,False,False,False,False,False,False,False,False,False,False,False,Day,Day,Day,Day,Monday
A-2691645,Source2,3,2018-07-07 11:08:46,2018-07-07 11:38:22,41.229736,-95.93325,,,0.0,Accident on I-80 Westbound at Exit 454 / 13th St.,S 13th St,Omaha,Douglas,NE,68108,US,US/Central,KOMA,2018-07-07 10:52:00,80.1,,64.0,30.24,10.0,South,15.0,,Clear,False,False,False,False,False,False,False,False,False,False,False,False,False,Day,Day,Day,Day,Saturday
A-567904,Source2,1,2022-07-13 06:52:57,2022-07-13 08:09:01,40.813541,-96.682343,,,0.0,Crash on US-34 O St Westbound at 27th St.,O St,Lincoln,Lancaster,NE,68510-1339,US,US/Central,KLNK,2022-07-13 06:54:00,66.0,66.0,84.0,28.8,10.0,CALM,0.0,0.0,Mostly Cloudy,True,False,True,False,False,False,False,False,False,False,False,True,False,Day,Day,Day,Day,Wednesday
A-1398471,Source2,2,2020-07-24 21:09:31,2020-07-24 22:10:55,41.259762,-95.961594,,,0.0,Accident on 33rd St Eastbound at US-6 Dodge St.,Dodge St,Omaha,Douglas,NE,68131-3416,US,US/Central,KOMA,2020-07-24 20:52:00,86.0,86.0,70.0,28.88,10.0,SSE,17.0,0.0,Mostly Cloudy,False,False,True,False,False,True,False,False,True,False,False,True,False,Night,Day,Day,Day,Friday
A-2145754,Source2,3,2019-04-03 17:09:43,2019-04-03 17:39:26,41.22868,-95.935219,,,0.2800000011920929,Accident on exit ramp from I-80 Eastbound at Exit 454 to S 13Th St.,I-80 E,Omaha,Douglas,NE,68108,US,US/Central,KOMA,2019-04-03 16:52:00,49.0,42.0,77.0,29.01,10.0,E,22.0,0.04,Light Rain / Windy,False,False,False,False,False,False,False,False,False,False,False,False,False,Day,Day,Day,Day,Wednesday
A-165010,Source2,3,2016-08-20 18:46:31,2016-08-20 19:31:31,41.226082,-95.966286,,,0.0,Right lane blocked due to accident on I-80 Eastbound near Exit 451 42nd St.,I-80 E,Omaha,Douglas,NE,68105,US,US/Central,KOMA,2016-08-20 18:52:00,73.0,,55.0,29.89,10.0,NW,6.9,,Partly Cloudy,False,False,False,False,False,False,False,False,False,False,False,False,False,Day,Day,Day,Day,Saturday
A-1979306,Source2,3,2019-07-21 07:45:00,2019-07-21 10:00:48,40.841835,-96.737587,,,0.0,Left lane blocked due to accident on I-80 Eastbound at Exit 399 12th St.,I-80 W,Lincoln,Lancaster,NE,68521,US,US/Central,KLNK,2019-07-21 07:37:00,69.0,69.0,93.0,28.76,4.0,SW,5.0,0.34,T-Storm,False,False,False,False,False,False,False,False,False,False,False,False,False,Day,Day,Day,Day,Sunday
A-7239628,Source1,2,2020-01-27 11:45:00,2020-01-27 13:00:00,41.26363,-96.23439,41.26363,-96.23439,0.0,At W Dodge Rd - Accident., N 204th St,Elkhorn,Douglas,NE,68022,US,US/Central,KMLE,2020-01-27 11:35:00,37.0,30.0,83.0,28.97,7.0,NW,8.0,0.0,Cloudy,False,False,False,False,False,False,False,False,False,False,False,False,False,Day,Day,Day,Day,Monday
A-5737133,Source1,2,2021-07-11 06:55:21,2021-07-12 07:40:36,40.821637,-97.349082,40.82163900000001,-97.354466,0.282,Construction on I-80 WB near NE-80F Road closed. Take alternate route.,County Road 462,Beaver Crossing,Seward,NE,68313,US,US/Central,KJYR,2021-07-11 06:55:00,61.0,61.0,94.0,28.31,9.0,N,9.0,0.0,Fair,False,False,False,False,False,False,False,False,False,False,False,False,False,Day,Day,Day,Day,Sunday
A-3977957,Source1,2,2022-12-02 17:38:30,2022-12-02 18:01:00.000000000,41.137513,-95.954147,41.139437,-95.942587,0.616,Stationary traffic on NE-370 from S 36th St (NE-370) to US-75 (NE-370) due to accident., NE-370,Bellevue,Sarpy,NE,68123,US,US/Central,KOFF,2022-12-02 17:55:00,31.0,15.0,57.0,28.81,10.0,NW,32.0,0.0,Fair / Windy,False,False,False,False,False,False,False,False,False,False,False,False,False,Night,Night,Day,Day,Friday
A-4902891,Source1,4,2022-04-06 10:43:06,2022-04-06 12:03:50,41.002313,-102.233028,40.991794,-102.252721,1.258,Between US 385 and County Road 36.3 (near Julesburg) from Mile Point 58.7 to Mile Point 59.82. Road closed expect delays due to a crash. Between County Road 36.3 and US 385 (near Julesburg) from Mile Point 59.82 to Mile Point 58.7. Road closed expect delays due to a crash.,US-138,Big Springs,Deuel,NE,69122,US,US/Mountain,KOGA,2022-04-06 10:35:00,47.0,36.0,31.0,26.54,10.0,NW,46.0,0.0,Cloudy / Windy,False,False,False,False,False,False,False,False,False,False,False,False,False,Day,Day,Day,Day,Wednesday
A-164835,Source2,2,2016-08-15 09:41:27,2016-08-15 10:11:27,41.234238,-96.078247,,,0.0,Accident on NE-38 Center Rd at 106th St.,S 106th St,Omaha,Douglas,NE,68124,US,US/Central,KMLE,2016-08-15 09:35:00,72.7,,78.0,30.06,10.0,SE,3.5,,Clear,False,False,False,False,False,False,False,False,False,False,False,False,False,Day,Day,Day,Day,Monday
A-544950,Source2,1,2022-08-05 12:19:16,2022-08-05 13:05:23,41.240372,-95.954323,,,0.9200000166893004,Exit ramp from I-480 Southbound at Exit 1A to Ed Creighton Ave Eastbound partially blocked due to crash.,1A,Omaha,Douglas,NE,68105,US,US/Central,KOMA,2022-08-05 11:52:00,87.0,87.0,59.0,28.95,10.0,SSE,16.0,0.0,Fair,False,False,False,False,False,False,False,False,False,False,False,False,False,Day,Day,Day,Day,Friday
A-3286692,Source2,2,2017-09-05 07:42:31,2017-09-05 08:12:13,41.176212,-96.023674,,,0.0,Multi-vehicle accident on 72nd St at Giles Rd.,Giles Rd,Papillion,Sarpy,NE,68046,US,US/Central,KMLE,2017-09-05 07:35:00,55.0,,71.0,30.17,10.0,NW,6.9,,Clear,False,False,True,False,False,False,False,False,False,False,False,True,False,Day,Day,Day,Day,Tuesday
A-1178194,Source2,3,2021-01-27 07:38:35,2021-01-27 10:16:05,41.223896,-96.042587,,,0.0,Left hand shoulder blocked and left lane blocked due to accident on I-80 Eastbound at Exit 448 84th St.,I-80 W,Omaha,Douglas,NE,68124,US,US/Central,KMLE,2021-01-27 07:35:00,17.0,17.0,81.0,29.23,4.0,CALM,0.0,0.0,N/A Precipitation,False,False,False,False,False,False,False,False,False,False,False,False,False,Night,Day,Day,Day,Wednesday
A-1144536,Source2,3,2021-02-21 09:29:42,2021-02-21 11:18:33,41.224365,-96.085472,,,0.0,Right lane closed and right hand shoulder closed due to accident on I-80 Westbound at Exit 446 / I-680.,I-80 W,Omaha,Douglas,NE,68144,US,US/Central,KMLE,2021-02-21 09:35:00,34.0,34.0,93.0,28.7,0.75,CALM,0.0,0.07,Light Snow,False,False,False,False,False,False,False,False,False,False,False,False,False,Day,Day,Day,Day,Sunday
A-165088,Source2,2,2016-08-23 18:56:10,2016-08-23 19:26:10,41.292297,-96.004715,,,0.0,Accident on 60th St at Pratt St.,Pratt St,Omaha,Douglas,NE,68104,US,US/Central,KOMA,2016-08-23 18:52:00,80.1,,81.0,29.78,10.0,SE,11.5,0.09,Light Thunderstorms and Rain,False,False,False,False,False,False,False,False,False,False,False,False,False,Day,Day,Day,Day,Tuesday
A-5154386,Source1,2,2022-09-10 10:15:30,2022-09-10 10:28:30.000000000,41.194616,-96.096406,41.20307800000001,-96.09443,0.594,Slow traffic on I-80 E from S 126th St (I-80) to L St (I-80) due to accident.,I-80,Omaha,Douglas,NE,68137,US,US/Central,KMLE,2022-09-10 10:15:00,55.0,55.0,93.0,29.05,7.0,CALM,0.0,0.01,Rain,False,False,False,False,False,False,False,False,False,False,False,False,False,Day,Day,Day,Day,Saturday
A-2656777,Source2,2,2018-08-20 08:37:26,2018-08-20 09:06:40,41.229736,-95.93325,,,0.0,Left lane blocked due to accident on I-80 Westbound at Exit 454 13th St.,S 13th St,Omaha,Douglas,NE,68108,US,US/Central,KOMA,2018-08-20 08:41:00,66.0,,90.0,29.71,0.8,NNW,21.9,0.53,Heavy Rain,False,False,False,False,False,False,False,False,False,False,False,False,False,Day,Day,Day,Day,Monday
A-1192402,Source2,3,2021-01-15 10:08:54,2021-01-15 11:13:59,41.250008,-96.084267,,,0.0,Right lane blocked due to accident on I-680 Westbound at Pacific St.,I-680 S,Omaha,Douglas,NE,68154,US,US/Central,KMLE,2021-01-15 10:15:00,32.0,18.0,78.0,28.53,2.0,NNW,28.0,0.0,N/A Precipitation,False,False,False,False,False,False,False,False,False,False,False,False,False,Day,Day,Day,Day,Friday
A-5145595,Source1,2,2022-05-24 19:30:00,2022-05-24 20:47:18,41.22684,-95.940475,41.227359,-95.939067,0.081,Incident on I-80 near 13TH ST Drive with caution.,I-80,Omaha,Douglas,NE,68108,US,US/Central,KOMA,2022-05-24 19:52:00,51.0,51.0,89.0,28.9,4.0,NNE,16.0,0.14,Rain,False,False,False,False,True,False,False,False,False,False,False,False,False,Day,Day,Day,Day,Tuesday
A-2873644,Source2,3,2018-04-09 07:43:59,2018-04-09 08:13:03,41.32222700000001,-96.06926,,,0.0,Multi-vehicle accident on I-680 Southbound around Exit 6 NE-133 Blair High Rd.,I-680 W,Omaha,Douglas,NE,68122,US,US/Central,KBTA,2018-04-09 07:35:00,33.1,26.1,96.0,30.08,0.5,North,8.1,,Fog,False,False,False,False,False,False,False,False,False,False,False,False,False,Day,Day,Day,Day,Monday
A-3794254,Source1,2,2022-03-05 13:35:42,2022-03-05 15:34:41,40.97515225390922,-100.294049977778,40.94209225390922,-100.224389977778,4.293,Incident on I-80 near MP 199 Right lane blocked. Expect delays.,I-80,Brady,Lincoln,NE,69123,US,US/Central,KLBF,2022-03-05 13:33:00,29.0,17.0,89.0,26.9,0.25,NNW,17.0,0.09,Heavy Snow,False,False,False,False,False,False,False,False,False,False,False,False,False,Day,Day,Day,Day,Saturday
A-3428152,Source1,4,2017-01-04 19:16:46,2017-01-05 01:16:46,41.45228,-96.2246,41.438279,-96.232519,1.051,Closed between US-30 and Arlington - Road closed due to accident., US Highway 30,Kennard,Washington,NE,68034,US,US/Central,KBTA,2017-01-04 19:15:00,9.5,-0.3,83.0,30.16,3.0,NNW,5.8,,Light Snow,False,False,False,False,False,False,False,False,False,False,False,False,False,Night,Night,Night,Night,Wednesday
A-6533589,Source1,4,2021-01-15 22:55:25,2021-01-17 00:20:32,41.831349,-96.463081,41.587849,-96.502298,16.945,Construction on US-77 SB near NICKERSON RD Road closed. Take alternate route., Charde Ave,Oakland,Burt,NE,68045,US,US/Central,KTQE,2021-01-15 22:54:00,30.0,18.0,79.0,28.81,10.0,NNW,18.0,0.0,Cloudy,False,False,False,False,False,False,False,False,False,False,False,False,False,Night,Night,Night,Night,Friday
A-7068553,Source1,3,2020-06-05 17:23:25,2020-06-05 18:09:41,41.22375,-96.0307,41.22374,-96.02783,0.149,At 72nd St/Exit 449 - Accident. Center lane blocked. Hard shoulder blocked.,I-80 E,Omaha,Douglas,NE,68124,US,US/Central,KMLE,2020-06-05 17:15:00,95.0,95.0,29.0,28.76,10.0,SSE,9.0,0.0,Fair,False,False,False,False,False,False,False,False,False,False,False,False,False,Day,Day,Day,Day,Friday
A-1460979,Source2,2,2020-05-05 16:50:10,2020-05-05 17:49:50,41.26475900000001,-95.961502,,,0.0,Accident on 33rd St at California St.,N 33rd St,Omaha,Douglas,NE,68131-2030,US,US/Central,KOMA,2020-05-05 16:52:00,58.0,58.0,58.0,29.0,7.0,NNW,26.0,0.0,Blowing Dust / Windy,True,False,True,False,False,False,False,False,False,False,False,True,False,Day,Day,Day,Day,Tuesday
A-7108065,Source1,2,2020-03-09 04:30:00,2020-03-09 06:19:58,41.22396,-96.08249,41.22396,-96.08249,0.0,At I-680/Exit 445/Exit 446 - Accident.,I-80 E,Omaha,Douglas,NE,68144,US,US/Central,KMLE,2020-03-09 04:35:00,41.0,36.0,85.0,28.81,5.0,N,8.0,0.0,Light Drizzle,False,False,False,False,False,False,False,False,False,False,False,False,False,Night,Night,Night,Night,Monday
A-3401946,Source2,3,2017-08-25 07:59:20,2017-08-25 08:28:47,41.24876,-96.084991,,,0.0,Multi-vehicle accident on I-680 Southbound at Exit 2 Pacific St.,Pacific St,Omaha,Douglas,NE,68154,US,US/Central,KMLE,2017-08-25 07:55:00,64.6,,94.0,30.11,7.0,SE,9.2,0.1,Thunderstorms and Rain,False,False,False,False,False,False,False,False,False,False,False,False,False,Day,Day,Day,Day,Friday
A-7220233,Source1,2,2020-01-13 17:30:00,2020-01-13 18:00:00,41.22248,-96.05015,41.22248,-96.05015,0.0,At 84th St/Exit 448 - Accident.,I-80 E,Omaha,Douglas,NE,68124,US,US/Central,KMLE,2020-01-13 17:35:00,35.0,28.0,92.0,28.83,1.0,SSE,8.0,0.0,Fog,False,False,False,False,False,False,False,False,False,False,False,False,False,Night,Day,Day,Day,Monday
A-165912,Source2,3,2016-04-14 14:04:42,2016-04-14 14:34:42,41.137608,-95.956985,,,0.01,Accident on NE-370 Eastbound at Golden Blvd.,Highway 370,Bellevue,Sarpy,NE,68123,US,US/Central,KOFF,2016-04-14 13:58:00,72.3,,26.0,30.01,6.0,SSE,15.0,,Smoke,False,False,True,False,False,False,False,False,False,False,False,True,False,Day,Day,Day,Day,Thursday
A-7180650,Source1,3,2020-04-16 16:49:30,2020-04-16 18:13:42,41.02784000000001,-96.29579,41.09243,-96.2574,4.89,At NE-31/Exit 432 - Accident. Right lane blocked. Hard shoulder closed. Traffic problem.,I-80 E,Gretna,Sarpy,NE,68028,US,US/Central,KMLE,2020-04-16 16:55:00,33.0,33.0,91.0,29.07,0.5,NE,3.0,0.06,Light Snow,False,False,False,False,False,False,False,False,False,False,False,False,False,Day,Day,Day,Day,Thursday
A-2145751,Source2,2,2019-04-03 16:49:57,2019-04-03 17:49:47,41.267948,-95.949432,,,0.0,Accident on 25th Ave at Cuming St.,Cuming St,Omaha,Douglas,NE,68178,US,US/Central,KOMA,2019-04-03 16:52:00,49.0,42.0,77.0,29.01,10.0,E,22.0,0.04,Light Rain / Windy,False,False,True,False,False,False,False,False,False,False,False,True,False,Day,Day,Day,Day,Wednesday
A-323745,Source2,2,2017-02-06 17:04:56,2017-02-06 17:35:59,41.261417,-95.985664,,,0.0,Accident on 48th St at Davenport St.,Davenport St,Omaha,Douglas,NE,68132-3109,US,US/Central,KOMA,2017-02-06 16:52:00,46.0,43.9,71.0,29.58,6.0,South,4.6,,Haze,False,False,True,False,False,False,False,False,False,True,False,False,False,Day,Day,Day,Day,Monday
A-3623754,Source1,4,2017-06-01 17:07:10,2017-06-01 23:07:10,41.47995,-96.14773,41.487668,-96.1482,0.534,Closed at County Road P28 - Road closed due to accident., State Highway 133,Blair,Washington,NE,68008,US,US/Central,KBTA,2017-06-01 17:15:00,83.8,,42.0,29.97,10.0,SSE,8.1,,Scattered Clouds,False,False,False,False,False,False,False,False,False,False,False,False,False,Day,Day,Day,Day,Thursday
A-1767479,Source2,3,2019-10-21 20:25:56,2019-10-21 21:24:45,41.226086,-95.94973,,,0.0,Left lane blocked due to accident on I-80 Westbound at Exit 453 24th St.,I-80 W,Omaha,Douglas,NE,68105,US,US/Central,KOMA,2019-10-21 20:52:00,47.0,38.0,77.0,28.6,10.0,WNW,29.0,0.0,Cloudy / Windy,False,False,False,False,False,False,False,False,False,False,False,False,False,Night,Night,Night,Night,Monday
A-3020055,Source2,2,2018-02-19 06:36:36,2018-02-19 07:21:17,41.197315,-95.948097,,,0.0,Accident on 25th St at Z St.,S 25th St,Omaha,Douglas,NE,68107-4409,US,US/Central,KOFF,2018-02-19 06:37:00,28.4,19.1,93.0,29.74,6.0,NNW,10.4,,Light Freezing Rain,False,False,False,False,False,False,False,False,False,False,False,False,False,Night,Night,Day,Day,Monday
A-6979651,Source1,1,2020-05-25 14:55:43,2020-05-25 15:10:43,41.22625,-95.95183,41.22625,-95.95183,0.0,At S 24th St - Accident.,I-80 W,Omaha,Douglas,NE,68107,US,US/Central,KOFF,2020-05-25 14:56:00,69.0,69.0,88.0,28.74,8.0,WNW,6.0,0.02,Light Drizzle,False,False,False,False,False,False,False,False,False,False,False,False,False,Day,Day,Day,Day,Monday
A-1885872,Source2,3,2019-09-29 08:31:47,2019-09-29 10:01:08,41.229153,-95.933205,,,0.0,Accident on I-80 Eastbound at Exit 454 13th St.,S 13th St,Omaha,Douglas,NE,68108,US,US/Central,KOMA,2019-09-29 08:37:00,65.0,65.0,97.0,28.92,2.0,SSE,21.0,0.33,Heavy T-Storm / Windy,False,False,False,False,False,False,False,False,False,False,False,False,False,Day,Day,Day,Day,Sunday
A-7233220,Source1,2,2020-01-22 00:00:00,2020-01-22 06:49:58,41.23652,-95.95372,41.23652,-95.95372,0.0,At NE-38/Martha St/Exit 1 - Accident.,I-480 N,Omaha,Douglas,NE,68105,US,US/Central,KOMA,2020-01-22 00:09:00,31.0,20.0,85.0,28.98,6.0,S,15.0,0.01,Light Freezing Rain,False,False,False,False,False,False,False,False,False,False,False,False,False,Night,Night,Night,Night,Wednesday
A-7075519,Source1,2,2020-06-09 20:15:00,2020-06-10 00:04:58,41.22419,-96.08556,41.22419,-96.08556,0.0,At I-680/Exit 445/Exit 446 - Accident.,I-80 W,Omaha,Douglas,NE,68144,US,US/Central,KMLE,2020-06-09 20:15:00,64.0,64.0,88.0,28.37,4.0,NW,29.0,0.12,Heavy T-Storm / Windy,False,False,False,False,False,False,False,False,False,False,False,False,False,Day,Day,Day,Day,Tuesday
