ID,Source,Severity,Start_Time,End_Time,Start_Lat,Start_Lng,End_Lat,End_Lng,Distance(mi),Description,Street,City,County,State,Zipcode,Country,Timezone,Airport_Code,Weather_Timestamp,Temperature(F),Wind_Chill(F),Humidity(%),Pressure(in),Visibility(mi),Wind_Direction,Wind_Speed(mph),Precipitation(in),Weather_Condition,Amenity,Bump,Crossing,Give_Way,Junction,No_Exit,Railway,Roundabout,Station,Stop,Traffic_Calming,Traffic_Signal,Turning_Loop,Sunrise_Sunset,Civil_Twilight,Nautical_Twilight,Astronomical_Twilight,Day_Of_Week
A-659816,Source2,3,2022-04-06 12:08:11,2022-04-06 13:08:21,32.354763,-90.733604,,,0.0,Left lane blocked due to crash on I-20 Westbound at Exit 11 / Tiffintown Rd.,I-20 E,Vicksburg,Warren,MS,39180,US,US/Central,KVKS,2022-04-06 12:02:00,83.0,83.0,65.0,29.61,9.0,VAR,7.0,0.0,Mostly Cloudy,False,False,False,False,False,False,False,False,False,False,False,False,False,Day,Day,Day,Day,Wednesday
A-2664843,Source2,2,2018-08-23 17:32:05,2018-08-23 18:16:46,30.518353,-89.179695,,,0.0,Right hand shoulder blocked due to accident on MS-53 Northbound after Red Bird Hill Rd.,Highway 53,Gulfport,Harrison,MS,39503-9205,US,US/Central,KGPT,2018-08-23 17:53:00,88.0,,57.0,29.97,10.0,Variable,4.6,,Scattered Clouds,False,False,False,False,False,False,False,False,False,False,False,False,False,Day,Day,Day,Day,Thursday
A-6341706,Source1,2,2021-02-15 07:52:00,2021-02-15 16:09:37,32.274795770491245,-89.94533657984758,32.278585770491254,-89.9525765798476,0.4970000000000001,Incident on I-20 WB near US-80 Road closed. Take alternate route.,I-20,Brandon,Rankin,MS,39042,US,US/Central,KJAN,2021-02-15 07:54:00,26.0,14.0,88.0,29.69,0.5,W,16.0,0.11,Wintry Mix,False,False,False,False,True,False,False,False,False,False,False,False,False,Day,Day,Day,Day,Monday
A-1152922,Source2,4,2021-02-15 06:17:25,2021-02-15 09:22:51,32.271023,-90.210083,,,0.0,Main roadway closed due to accident on I-55 Northbound at US-51.,I-55 N,Jackson,Hinds,MS,39204,US,US/Central,KHKS,2021-02-15 14:53:00,19.0,6.0,68.0,29.65,9.0,NW,13.0,0.0,Light Snow,False,False,False,False,False,False,False,False,False,False,False,False,False,Night,Day,Day,Day,Monday
A-7489090,Source1,2,2018-12-22 11:28:01,2018-12-22 11:57:46,31.24792,-89.32881,31.23761,-89.32311999999997,0.7879999999999999,At US-98/Exit 59 - Accident. Right lane blocked.,I-59 S,Hattiesburg,Forrest,MS,39401,US,US/Central,KHBG,2018-12-22 11:53:00,59.0,,41.0,30.14,10.0,South,8.1,,Clear,False,False,False,False,True,False,False,False,False,False,False,False,False,Day,Day,Day,Day,Saturday
A-1041298,Source2,3,2021-05-18 08:06:13,2021-05-18 09:50:56,32.398205,-90.145653,,,0.0,Left lane blocked due to accident on I-55 Southbound at Exit 103 Frontage Rd.,I-55 S,Jackson,Hinds,MS,39211,US,US/Central,KJAN,2021-05-18 08:12:00,72.0,72.0,78.0,29.7,10.0,SE,10.0,0.0,Cloudy,False,False,False,False,False,False,False,False,False,False,False,False,False,Day,Day,Day,Day,Tuesday
A-1846290,Source2,4,2019-11-26 23:02:59,2019-11-27 00:13:07,32.303290999999994,-90.166092,,,0.8799999952316284,2 left lane blocked due to accident on I-55 Southbound from Exit 96C Fortification St to Exit 96B High St.,I-55 N,Jackson,Hinds,MS,39202,US,US/Central,KHKS,2019-11-26 22:53:00,71.0,71.0,87.0,29.45,10.0,S,13.0,0.0,Light Rain,False,False,False,False,False,False,False,False,False,False,False,False,False,Night,Night,Night,Night,Tuesday
A-2039580,Source2,3,2019-06-07 09:22:04,2019-06-07 10:39:06,31.873732,-90.411186,,,0.0,Accident on I-55 Southbound at Exit 61 MS-28.,Highway 28,Hazlehurst,Copiah,MS,39083,US,US/Central,K1R7,2019-06-07 09:15:00,72.0,72.0,94.0,29.28,9.0,CALM,0.0,,Thunder,False,False,False,False,False,False,False,False,False,False,False,False,False,Day,Day,Day,Day,Friday
A-4187521,Source1,2,2022-08-04 12:43:05,2022-08-04 13:21:12.000000000,32.215565000000005,-90.152855,32.221134,-90.155857,0.423,Stationary traffic on US-49 N from Cleary Rd (US-49) to Old MS-49 (US-49) due to accident.,US-49,Richland,Rankin,MS,39218,US,US/Central,KJAN,2022-08-04 12:54:00,88.0,88.0,59.0,29.71,10.0,CALM,0.0,0.0,Thunder in the Vicinity,False,False,False,False,False,False,False,False,False,False,False,False,False,Day,Day,Day,Day,Thursday
A-3598784,Source1,4,2017-04-11 14:55:55,2017-04-11 20:55:55,31.84547,-89.792813,31.844522,-89.79904599999998,0.3720000000000001,Closed at Chadwick Ln - Road closed due to accident., Simpson Highway 28 W,Magee,Simpson,MS,39111-5147,US,US/Central,KPIB,2017-04-11 14:55:00,78.8,,44.0,30.2,10.0,NE,3.5,,Scattered Clouds,False,False,False,False,False,False,False,False,False,False,False,False,False,Day,Day,Day,Day,Tuesday
A-7259978,Source1,4,2020-02-12 15:18:55,2020-02-12 15:48:15,34.21718,-90.53111,34.2061,-90.53064,0.7659999999999999,Closed at MS-6 - Road closed due to accident.,US-49 S,Lyon,Coahoma,MS,38645,US,US/Central,KCKM,2020-02-12 15:15:00,48.0,48.0,100.0,29.54,2.0,CALM,0.0,0.0,Fog,False,False,False,False,False,False,False,False,False,False,False,False,False,Day,Day,Day,Day,Wednesday
A-6435822,Source1,2,2021-02-13 13:44:35,2021-02-13 14:03:32,32.29732632621623,-90.24810433344724,32.29474632621623,-90.24928433344722,0.191,Slow traffic on US-49 S - I-220 S from US-80/Exit 1 (I-220) to I-20 (I-220) due to accident.,US-49,Jackson,Hinds,MS,39209,US,US/Central,KHKS,2021-02-13 13:53:00,30.0,23.0,82.0,29.74,3.0,NNW,7.0,0.0,Haze,False,False,False,False,False,False,False,False,False,False,False,False,False,Day,Day,Day,Day,Saturday
A-4067609,Source1,4,2022-08-23 09:13:02,2022-08-23 10:31:14.000000000,32.752658000000004,-90.929449,32.749152,-90.929536,0.242,Incident on US-61 SB near BLANTON RD Road closed. Take alternate route.,Cary Blanton Rd,Cary,Sharkey,MS,39054,US,US/Central,KTVR,2022-08-23 08:53:00,74.0,74.0,97.0,29.86,10.0,ENE,3.0,0.19,Heavy Rain,False,False,False,False,False,False,False,False,False,False,False,False,False,,,,,Tuesday
A-1094836,Source2,4,2021-04-05 14:19:50,2021-04-05 15:53:42,32.348576,-90.154221,,,1.7000000476837158,Accident on I-55 Northbound between Exit 98B MS-25 Lakeland Dr and Exits 99 100 Frontage Rd.,I-55 N,Jackson,Hinds,MS,39211,US,US/Central,KJAN,2021-04-05 13:54:00,77.0,77.0,36.0,29.8,10.0,SSE,8.0,0.0,Mostly Cloudy,False,False,False,False,False,False,False,False,False,False,False,False,False,Day,Day,Day,Day,Monday
A-5266502,Source1,4,2022-06-15 23:02:43,2022-06-16 00:22:55,30.363392,-89.406644,30.364739,-89.402264,0.277,Incident on I-10 EB near MS-43 Road closed. Take alternate route.,I-10 E,Bay Saint Louis,Hancock,MS,39520,US,US/Central,KHSA,2022-06-15 22:53:00,81.0,81.0,85.0,30.0,10.0,CALM,0.0,0.0,Haze,False,False,False,False,False,False,False,False,False,False,False,False,False,Night,Night,Night,Night,Wednesday
A-1050597,Source2,4,2021-05-11 05:25:21,2021-05-11 09:27:59,31.969418,-90.380272,,,5.349999904632568,Accident on I-55 Southbound from Exit 72 MS-27 to Exit 68 Pat Harrison Dr.,S Pat Harrison Dr,Crystal Springs,Copiah,MS,39059,US,US/Central,KM16,2021-05-11 05:35:00,64.0,64.0,100.0,29.73,0.75,VAR,5.0,0.0,Fog,False,False,False,False,False,False,False,False,False,False,False,False,False,Night,Night,Day,Day,Tuesday
A-7327682,Source1,4,2019-10-04 20:50:21,2019-10-04 21:18:10,31.50252,-89.28096,31.50702,-89.28096,0.311,Closed at McDuffie Rd - Road closed due to accident., Highway 11 Moselle,Moselle,Jones,MS,39459-9310,US,US/Central,KPIB,2019-10-04 20:56:00,71.0,71.0,100.0,29.76,9.0,WNW,5.0,0.18,T-Storm,False,False,False,False,False,False,False,False,False,False,False,False,False,Night,Night,Night,Night,Friday
A-5120322,Source1,2,2022-12-22 17:56:08,2022-12-22 19:16:14,34.904127,-89.99105,34.919195,-89.99192099999998,1.042,Incident on I-55 NB near PLEASANT HILL RD Right lane blocked. Expect delays.,I-55 N,Nesbit,DeSoto,MS,38651,US,US/Central,KMEM,2022-12-22 17:54:00,21.0,4.0,92.0,29.62,2.0,NNW,26.0,0.0,Blowing Snow / Windy,False,False,False,False,False,False,False,False,False,False,False,False,False,Night,Night,Night,Day,Thursday
A-4401455,Source1,2,2022-02-12 12:51:20,2022-02-12 15:36:20.000000000,32.345784,-90.839655,32.34375,-90.84267,0.225,Incident on I-20 WB near CLAY ST Road closed. Take alternate route.,US-61,Vicksburg,Warren,MS,39180,US,US/Central,KVKS,2022-02-12 12:53:00,61.0,61.0,41.0,30.15,10.0,N,23.0,0.0,Fair / Windy,False,False,False,False,True,False,False,False,False,False,False,False,False,Day,Day,Day,Day,Saturday
A-4475397,Source1,4,2022-05-26 08:33:16,2022-05-26 09:51:51,30.547622,-88.495272,30.549134,-88.493848,0.135,Incident on MS-613 NB near BEECHNUT LN Road closed. Take alternate route., Highway 613,Moss Point,Jackson,MS,39562-6817,US,US/Central,KPQL,2022-05-26 08:25:00,72.0,72.0,97.0,29.96,2.0,VAR,5.0,0.42,Heavy Rain,False,False,False,False,False,False,False,False,False,False,False,False,False,Day,Day,Day,Day,Thursday
A-7151478,Source1,1,2020-04-02 14:15:37,2020-04-02 14:45:37,34.99186,-90.0023,34.99186,-90.0023,0.0,At I-55/I-69 - Accident. Right lane blocked.,I-55 N,Southaven,DeSoto,MS,38671,US,US/Central,KMEM,2020-04-02 13:54:00,69.0,69.0,35.0,29.7,10.0,CALM,0.0,0.0,Partly Cloudy,False,False,False,False,False,False,False,False,False,False,False,False,False,Day,Day,Day,Day,Thursday
A-2706233,Source2,3,2018-07-16 13:35:13,2018-07-16 14:19:55,30.454397,-88.843063,,,0.0,Left hand shoulder blocked due to accident on I-10 Eastbound at Exit 50 Tucker Rd.,Tucker Rd,Biloxi,Jackson,MS,39532,US,US/Central,KBIX,2018-07-16 13:27:00,80.6,,79.0,30.07,0.4,East,3.5,,Heavy Thunderstorms and Rain,False,False,False,False,False,False,False,False,False,False,False,False,False,Day,Day,Day,Day,Monday
A-6020148,Source1,2,2021-12-06 11:03:25,2021-12-06 12:43:25,32.198493,-90.247864,32.209901,-90.235753,1.06,Incident on I-55 NB near SIWELL RD Expect long delays.,I-55 N,Byram,Hinds,MS,39272,US,US/Central,KHKS,2021-12-06 11:11:00,62.0,62.0,96.0,29.67,1.0,WSW,9.0,0.0,Heavy T-Storm,False,False,False,False,False,False,False,False,False,False,False,False,False,Day,Day,Day,Day,Monday
A-6565081,Source1,4,2021-02-18 06:08:00,2021-02-18 09:18:32,32.407082319105115,-90.14652371363572,32.41898231910511,-90.14589371363572,0.823,Incident on I-55 NB near I-220 Road closed. Take alternate route.,I-55,Ridgeland,Madison,MS,39157,US,US/Central,KHKS,2021-02-18 05:53:00,30.0,22.0,88.0,29.75,1.0,NNW,9.0,0.0,Fog,False,False,False,False,True,False,False,False,False,False,False,False,False,Night,Night,Day,Day,Thursday
A-2178079,Source2,2,2019-04-19 06:17:56,2019-04-19 08:22:09,34.361561,-89.53208199999996,,,0.0,Accident on Gertrude Ford Blvd both ways around Manning Way.,Manning Way,Oxford,Lafayette,MS,38655,US,US/Central,KUOX,2019-04-19 06:15:00,46.0,40.0,93.0,29.2,3.0,NNW,15.0,0.0,Light Drizzle,False,False,False,False,False,False,False,False,False,False,False,False,False,Night,Day,Day,Day,Friday
A-1659582,Source2,3,2020-02-20 16:02:03,2020-02-20 17:16:42,32.354763,-90.733604,,,0.0,Left hand shoulder blocked due to accident on I-20 Eastbound after Exit 11 Tiffintown Rd.,I-20 E,Vicksburg,Warren,MS,39180,US,US/Central,KVKS,2020-02-20 15:53:00,46.0,38.0,73.0,30.29,10.0,N,23.0,0.0,Cloudy / Windy,False,False,False,False,False,False,False,False,False,False,False,False,False,Day,Day,Day,Day,Thursday
A-3425003,Source1,4,2016-12-02 14:44:30,2016-12-02 20:44:30,33.111093,-90.506712,33.100729,-90.498859,0.848,Closed at West St - Road closed due to accident.,US Highway 49,Silver City,Humphreys,MS,39166,US,US/Central,KGWO,2016-12-02 14:53:00,63.0,,22.0,30.23,10.0,Variable,4.6,,Clear,False,False,False,False,False,False,False,False,False,False,False,False,False,Day,Day,Day,Day,Friday
A-721508,Source2,3,2022-02-04 14:13:27,2022-02-04 14:43:07,30.469893,-88.41081199999998,,,0.0,Left lane blocked due to accident on I-10 Eastbound at Exit 75 Franklin Creek Rd.,I-10,Moss Point,Jackson,MS,39562,US,US/Central,KPQL,2022-02-04 13:53:00,41.0,34.0,89.0,30.25,10.0,NNW,12.0,0.0,Light Rain,False,False,False,False,False,False,False,False,False,False,False,False,False,Day,Day,Day,Day,Friday
A-7599582,Source1,4,2018-02-28 08:05:49,2018-02-28 14:05:49,34.305887,-89.51993900000002,34.311137,-89.519739,0.363,Closed at MS-6 - Road closed due to accident.,Villages Blvd,Oxford,Lafayette,MS,38655,US,US/Central,KUOX,2018-02-28 08:15:00,62.6,,100.0,29.97,9.0,SSW,6.9,,Overcast,False,False,False,False,False,False,False,False,False,False,False,False,False,Day,Day,Day,Day,Wednesday
A-1676289,Source2,2,2020-01-02 07:52:19,2020-01-02 08:22:02,31.260342,-89.33749399999998,,,0.0,Accident on I-59 Northbound at US-11 Veterans Memorial Dr.,I-59 S,Hattiesburg,Forrest,MS,39402,US,US/Central,KHBG,2020-01-02 07:53:00,65.0,65.0,93.0,29.64,1.0,SSE,14.0,0.5,Heavy Rain,False,False,False,False,False,False,False,False,False,False,False,False,False,Day,Day,Day,Day,Thursday
A-3483379,Source1,4,2016-10-13 12:52:57,2016-10-13 18:52:57,30.368176,-89.09293000000002,30.36712,-89.09293000000002,0.073,Closed at 13th St - Road closed due to accident., 25th Ave,Gulfport,Harrison,MS,39501-1934,US,US/Central,KGPT,2016-10-13 12:53:00,81.0,,56.0,30.15,10.0,SE,9.2,,Scattered Clouds,False,False,True,False,False,False,False,False,False,False,False,True,False,Day,Day,Day,Day,Thursday
A-3782339,Source1,2,2022-04-16 20:05:34,2022-04-16 21:50:34,30.46805977806821,-88.41516852336686,30.47432977806821,-88.40014852336685,0.994,Incident on I-10 EB near MS STATE LINE Expect delays.,I-10,Moss Point,Jackson,MS,39562,US,US/Central,KPQL,2022-04-16 19:53:00,68.0,68.0,93.0,29.98,4.0,NE,12.0,0.13,Heavy Rain,False,False,False,False,True,False,False,False,False,False,False,False,False,Night,Night,Day,Day,Saturday
A-3880859,Source1,2,2022-01-28 11:24:30,2022-01-28 12:27:30,32.265704,-90.138459,32.266112,-90.11395,1.432,Stationary traffic on I-20 E from US-49/Exit 47 (I-20) to MS-475/Exit 52 (I-20) due to accident.,I-20 E,Pearl,Rankin,MS,39208,US,US/Central,KJAN,2022-01-28 10:54:00,47.0,39.0,46.0,29.98,10.0,N,21.0,0.0,Partly Cloudy / Windy,False,False,False,False,False,False,False,False,False,False,False,False,False,Day,Day,Day,Day,Friday
A-2383359,Source2,2,2018-12-06 06:39:21,2018-12-06 07:09:13,30.914419,-89.172958,,,0.0,Accident on US-49 Northbound at Fruitland Park Rd.,Fruitland Park Rd,Wiggins,Forrest,MS,39577,US,US/Central,KHBG,2018-12-06 06:53:00,28.0,,92.0,30.43,10.0,Calm,,,Clear,False,False,False,False,False,False,False,False,False,False,False,False,False,Night,Day,Day,Day,Thursday
A-2294805,Source2,3,2019-02-19 15:55:39,2019-02-19 16:40:24,32.344009,-88.796288,,,0.0,Accident on I-20 Eastbound after Exit 129 US-80.,I-20 W,Meridian,Lauderdale,MS,39307,US,US/Central,KMEI,2019-02-19 15:58:00,48.0,,89.0,30.11,3.0,NE,8.1,0.05,Rain,False,False,False,False,False,False,False,False,False,False,False,False,False,Day,Day,Day,Day,Tuesday
A-3278769,Source2,3,2017-08-31 07:33:39,2017-08-31 08:03:14,32.254116,-90.211304,,,0.0,Right lane blocked due to accident on I-55 Northbound at Exit 90B Daniel Lake Blvd.,US-51 N,Jackson,Hinds,MS,39212,US,US/Central,KHKS,2017-08-31 07:53:00,75.0,,94.0,29.68,9.0,SE,18.4,0.0,Overcast,False,False,False,False,True,False,False,False,False,False,False,False,False,Day,Day,Day,Day,Thursday
A-4923755,Source1,2,2022-09-17 08:57:30,2022-09-17 10:14:30.000000000,30.449737,-88.754133,30.456911,-88.800687,2.817,Stationary traffic on I-10 W from MS-57/Exit 57 (I-10) to MS-609/Exit 50 (I-10) due to accident.,I-10,Vancleave,Jackson,MS,39565,US,US/Central,KPQL,2022-09-17 08:53:00,79.0,79.0,74.0,30.05,10.0,ENE,8.0,0.0,Fair,False,False,False,False,False,False,False,False,False,False,False,False,False,Day,Day,Day,Day,Saturday
A-3428577,Source1,4,2017-01-07 10:27:03,2017-01-07 16:27:03,32.01288,-90.95536,32.02151,-90.949874,0.677,Closed at Port Gibson - Road closed due to accident.,Highway 61 N,Port Gibson,Claiborne,MS,39150,US,US/Central,KVKS,2017-01-07 10:35:00,26.6,16.2,51.0,30.66,10.0,North,11.5,,Clear,False,False,False,False,False,False,False,False,False,False,False,False,False,Day,Day,Day,Day,Saturday
A-3966870,Source1,4,2022-03-16 09:04:59,2022-03-16 10:49:59,34.774263,-89.96465400000002,34.779822,-89.965456,0.387,Incident on I-55 NB near MS-306 Road closed. Take alternate route.,I-55 N,Hernando,DeSoto,MS,38632,US,US/Central,KMEM,2022-03-16 09:04:00,56.0,56.0,90.0,29.64,2.0,NE,9.0,0.0,Light Rain,False,False,False,False,False,False,False,False,False,False,False,False,False,Day,Day,Day,Day,Wednesday
A-2417462,Source2,3,2018-12-27 13:27:27,2018-12-27 14:11:56,32.273994,-90.164032,,,0.0,Left hand shoulder blocked due to accident on I-55 Southbound at I-20 .,I-20 E,Pearl,Rankin,MS,39208,US,US/Central,KJAN,2018-12-27 13:13:00,57.0,,96.0,29.89,2.0,ENE,6.9,0.28,Heavy Thunderstorms and Rain,False,False,False,False,False,False,False,False,False,False,False,False,False,Day,Day,Day,Day,Thursday
A-6331745,Source1,2,2021-06-21 19:41:35,2021-06-21 21:26:35,32.36275076850718,-90.23083090739142,32.386510768507186,-90.19647090739136,2.591,Incident on I-220 NB near WATKINS DR Left lane blocked.,I-220,Jackson,Hinds,MS,39213,US,US/Central,KHKS,2021-06-21 19:46:00,79.0,79.0,84.0,29.54,10.0,SE,6.0,0.0,Thunder in the Vicinity,False,False,False,False,False,False,False,False,False,False,False,False,False,Day,Day,Day,Day,Monday
A-7352184,Source1,2,2019-10-23 12:43:01,2019-10-23 13:10:34,34.92875,-89.9935,34.93847,-89.99511,0.6779999999999999,At Church Rd/Exit 287 - Accident. Left lane blocked.,I-55 N,Southaven,DeSoto,MS,38672,US,US/Central,KMEM,2019-10-23 12:54:00,69.0,69.0,33.0,29.81,10.0,SSW,10.0,0.0,Fair,False,False,False,False,False,False,False,False,False,False,False,False,False,Day,Day,Day,Day,Wednesday
A-3070516,Source2,3,2018-01-16 09:53:52,2018-01-16 10:23:35,32.343506,-90.843033,,,0.0,Left lane blocked due to accident on I-20 Westbound at Exits 4A 4B Clay St.,Clay St,Vicksburg,Warren,MS,39183,US,US/Central,KVKS,2018-01-16 09:55:00,24.8,11.9,86.0,30.68,1.8,North,16.1,,Haze,False,False,False,False,False,False,False,False,False,False,False,False,False,Day,Day,Day,Day,Tuesday
A-5889741,Source1,2,2021-09-14 22:27:47,2021-09-15 00:12:47,32.28378653510912,-90.17089962916292,32.27663653510912,-90.17824962916292,0.655,Incident on I-55 SB near I-20 Right shoulder closed.,I-55,Flowood,Rankin,MS,39232,US,US/Central,KJAN,2021-09-14 22:54:00,72.0,72.0,91.0,29.64,7.0,ESE,6.0,0.02,Light Rain,False,False,False,False,False,False,False,False,False,False,False,False,False,Night,Night,Night,Night,Tuesday
