ID,Source,Severity,Start_Time,End_Time,Start_Lat,Start_Lng,End_Lat,End_Lng,Distance(mi),Description,Street,City,County,State,Zipcode,Country,Timezone,Airport_Code,Weather_Timestamp,Temperature(F),Wind_Chill(F),Humidity(%),Pressure(in),Visibility(mi),Wind_Direction,Wind_Speed(mph),Precipitation(in),Weather_Condition,Amenity,Bump,Crossing,Give_Way,Junction,No_Exit,Railway,Roundabout,Station,Stop,Traffic_Calming,Traffic_Signal,Turning_Loop,Sunrise_Sunset,Civil_Twilight,Nautical_Twilight,Astronomical_Twilight,Day_of_Week
A-5473211,Source1,2,2021-08-18 18:14:30,2021-08-18 18:24:30.000000000,38.35971,-81.639188,38.358234,-81.632226,0.391,Slow traffic on I-64 E from Virginia St/Exit 58 (I-64) to I-77/Exit 59 (I-64) due to accident.,I-64 E,Charleston,Kanawha,WV,25302,US,US/Eastern,KCRW,2021-08-18 17:54:00,78.0,78.0,79.0,29.05,7.0,W,14.0,0.0,Mostly Cloudy,False,False,False,False,False,False,False,False,False,False,False,False,False,Day,Day,Day,Day,Wednesday
A-5778660,Source1,2,2021-03-04 03:38:00,2021-03-04 05:00:09.000000,38.42082,-81.796126,38.42115,-81.797076,0.056,Incident on CROSS LANES DR near GLASS DR Drive with caution., Cross Lanes Dr,Charleston,Kanawha,WV,25313-1338,US,US/Eastern,KCRW,2021-03-04 03:54:00,37.0,37.0,76.0,28.96,10.0,WSW,3.0,0.0,Fair,False,False,False,False,False,False,False,False,False,False,False,False,False,Night,Night,Night,Night,Thursday
A-4117830,Source1,2,2022-03-10 09:33:30,2022-03-10 11:21:30.000000,38.41816,-81.801218,38.455216,-81.874672,4.729,Stationary traffic on I-64 W from WV-622/New Goff Mountain Rd/Exit 47 (I-64) to US-35/Exit 40 (I-64) due to accident.,I-64,Nitro,Kanawha,WV,25143,US,US/Eastern,KCRW,2022-03-10 09:35:00,35.0,31.0,96.0,29.07,6.0,VAR,5.0,0.0,Mostly Cloudy,False,False,False,False,False,False,False,False,False,False,False,False,False,Day,Day,Day,Day,Thursday
A-4522753,Source1,2,2022-11-04 12:34:09,2022-11-04 13:52:10.000000000,39.396514,-78.027757,39.377172,-78.035306,1.396,Incident on I-81 SB near I-81 Drive with caution.,I-81 S,Inwood,Berkeley,WV,25428,US,US/Eastern,KMRB,2022-11-04 12:53:00,67.0,67.0,61.0,29.72,10.0,SSE,7.0,0.0,Fair,False,False,False,False,False,False,False,False,False,False,False,False,False,Day,Day,Day,Day,Friday
A-4357025,Source1,2,2022-09-30 14:50:00,2022-09-30 16:08:13.000000000,38.358559,-81.64611,38.358223,-81.645824,0.028,Incident on VIRGINIA ST near TENNESSEE AVE Expect delays., Tennessee Ave,Charleston,Kanawha,WV,25302-2324,US,US/Eastern,KCRW,2022-09-30 14:54:00,60.0,60.0,64.0,29.05,10.0,VAR,7.0,0.0,Cloudy,False,False,True,False,False,False,False,False,False,False,False,True,False,Day,Day,Day,Day,Friday
A-4307354,Source1,2,2023-01-22 09:16:30,2023-01-22 11:06:00.000000000,38.477184,-81.468746,38.414243,-81.55167900000002,6.249,Stationary traffic on I-79 S from US-119/Bufflick Rd/Exit 19 (I-79) to WV-114/Exit 5 (I-79) due to accident.,I-79 S,Elkview,Kanawha,WV,25071,US,US/Eastern,KCRW,2023-01-22 08:54:00,31.0,26.0,92.0,28.81,10.0,N,5.0,0.01,Light Rain,False,False,False,False,False,False,False,False,False,False,False,False,False,Day,Day,Day,Day,Sunday
A-4604104,Source1,2,2023-02-11 21:45:40,2023-02-11 23:55:32.000000000,39.423409,-77.98847099999998,39.425662,-77.98770400000002,0.161,Vehicle Crash on US 11 (Winchester Ave &amp; Taurus Dr)., Winchester Pike,Martinsburg,Berkeley,WV,25405-5789,US,US/Eastern,KMRB,2023-02-11 21:53:00,35.0,35.0,57.0,29.66,10.0,CALM,0.0,0.0,Fair,False,False,False,False,False,False,False,False,False,False,False,False,False,Night,Night,Night,Night,Saturday
A-4419770,Source1,2,2022-07-11 19:56:00,2022-07-11 20:09:00.000000000,39.357987,-78.050137,39.345302,-78.059762,1.016,Slow traffic on I-81 S from WV-51/Exit 5 (I-81) to WV--VA State Border (I-81) due to accident.,I-81 S,Inwood,Berkeley,WV,25428,US,US/Eastern,KMRB,2022-07-11 19:53:00,77.0,77.0,56.0,29.27,10.0,SSE,7.0,0.0,Fair,False,False,False,False,False,False,False,False,False,False,False,False,False,Day,Day,Day,Day,Monday
A-4403450,Source1,2,2022-10-01 16:23:30,2022-10-01 20:45:00.000000000,38.436304,-81.520818,38.441333,-81.520791,0.347,Incident on I-79 NB near MM 7 Road closed. Take alternate route.,I-79 N,Charleston,Kanawha,WV,25302,US,US/Eastern,KCRW,2022-10-01 15:54:00,52.0,52.0,100.0,28.87,6.0,NNW,5.0,0.03,Light Rain,False,False,False,False,False,False,False,False,False,False,False,False,False,Day,Day,Day,Day,Saturday
A-4556550,Source1,2,2022-07-01 22:23:00,2022-07-02 00:26:42.000000,38.397954,-81.57002299999998,38.39876,-81.57141899999998,0.094,Vehicle Crash on US-119 NB at John Wesley Drive., Pennsylvania Ave,Charleston,Kanawha,WV,25302-4631,US,US/Eastern,KCRW,2022-07-01 21:54:00,77.0,77.0,84.0,28.97,10.0,CALM,0.0,0.0,Mostly Cloudy,False,False,False,False,False,False,False,False,False,True,False,False,False,Night,Night,Night,Day,Friday
A-4470939,Source1,2,2023-02-08 12:35:38,2023-02-08 14:44:28.000000,39.523792,-77.978392,39.524166,-77.978445,0.026,Vehicle Crash on WV-9 (2600 Hedgesville Road)., Hedgesville Rd,Martinsburg,Berkeley,WV,25403-2352,US,US/Eastern,KMRB,2023-02-08 12:53:00,59.0,59.0,35.0,29.62,10.0,NW,12.0,0.0,Fair,False,False,False,False,False,False,False,False,False,False,False,False,False,Day,Day,Day,Day,Wednesday
A-4400810,Source1,2,2023-02-06 15:45:00,2023-02-06 22:01:44.000000000,38.137889,-81.44855799999998,38.132986,-81.423899,1.382,Vehicle Crash on I-77S at Mile Marker 78.0. The southbound 2 left lanes are closed.,I-77,Eskdale,Kanawha,WV,25075,US,US/Eastern,KCRW,2023-02-06 15:54:00,44.0,44.0,53.0,29.17,10.0,SSE,3.0,0.0,Fair,False,False,False,False,False,False,False,False,False,False,False,False,False,Day,Day,Day,Day,Monday
A-4950321,Source1,2,2022-12-21 00:52:30,2022-12-21 01:57:00.000000000,38.423987,-82.30454,38.426158,-82.316027,0.64,Slow traffic on I-64 W from US-60/Exit 18 (I-64) to US-60/15th St/Exit 15 (I-64) due to accident.,I-64 W,Huntington,Cabell,WV,25705,US,US/Eastern,KHTS,2022-12-21 00:51:00,27.0,27.0,81.0,29.52,10.0,N,3.0,0.0,Fair,False,False,False,False,False,False,False,False,False,False,False,False,False,Night,Night,Night,Night,Wednesday
A-3892146,Source1,2,2022-11-24 17:07:11,2022-11-24 18:22:11.000000000,39.440693,-77.977048,39.440851,-77.978255,0.065,Incident on APPLE HARVEST DR near APPLE HARVEST DR Drive with caution.,Apple Harvest Dr,Martinsburg,Berkeley,WV,25401,US,US/Eastern,KMRB,2022-11-24 16:53:00,52.0,52.0,37.0,29.62,10.0,SE,6.0,0.0,Fair,False,False,False,False,False,False,False,False,False,False,False,False,False,Night,Day,Day,Day,Thursday
A-3652294,Source1,2,2023-03-24 14:22:32,2023-03-24 16:34:38.000000000,38.359088,-81.641256,38.357641,-81.644094,0.183,Vehicle Crash on I-64W at Mile Marker 58.0.,I-64 W,Charleston,Kanawha,WV,25302,US,US/Eastern,KCRW,2023-03-24 13:54:00,59.0,59.0,93.0,28.86,10.0,CALM,0.0,0.04,Light Rain,False,False,True,False,False,False,False,False,False,False,False,False,False,Day,Day,Day,Day,Friday
A-3926257,Source1,2,2022-09-20 18:46:00,2022-09-20 21:02:39.000000000,38.348356,-81.634883,38.34897,-81.633861,0.07,Incident on DICKINSON ST near VIRGINIA ST Expect delays., Virginia St E,Charleston,Kanawha,WV,25301,US,US/Eastern,KCRW,2022-09-20 18:54:00,78.0,78.0,58.0,28.98,10.0,ESE,3.0,0.0,Fair,False,False,True,False,False,False,False,False,False,False,False,True,False,Day,Day,Day,Day,Tuesday
A-3652725,Source1,2,2023-03-21 13:33:44,2023-03-21 15:52:53.000000000,39.543218,-77.912774,39.545836,-77.911287,0.197,Vehicle Crash on I-81N at Mile Marker 20.3. The northbound right lane is closed.,I-81,Falling Waters,Berkeley,WV,25419,US,US/Eastern,KHGR,2023-03-21 13:53:00,56.0,56.0,18.0,29.63,10.0,SSW,8.0,0.0,Fair,False,False,False,False,False,False,False,False,False,False,False,False,False,Day,Day,Day,Day,Tuesday
A-3905262,Source1,2,2023-02-14 09:25:00,2023-02-14 12:38:30.000000000,38.415162,-82.272949,38.41385,-82.348004,4.064,Stationary traffic on I-64 W from Mall Rd/Exit 20 (I-64) to US-60/15th St/Exit 15 (I-64) due to accident.,I-64 W,Barboursville,Cabell,WV,25504,US,US/Eastern,KHTS,2023-02-14 09:51:00,46.0,44.0,51.0,29.19,10.0,SE,5.0,0.0,Fair,False,False,False,False,False,False,False,False,False,False,False,False,False,Day,Day,Day,Day,Tuesday
A-3726101,Source1,2,2022-01-03 18:37:30,2022-01-03 19:41:30.000000000,38.382848,-81.761894,38.398745,-81.776483,1.3530000000000002,Stationary traffic on I-64 W from WV-25/10th St/Roxalana Rd/Exit 53 (I-64) to WV-622/New Goff Mountain Rd/Exit 47 (I-64) due to accident.,I-64,Dunbar,Kanawha,WV,25064,US,US/Eastern,KCRW,2022-01-03 18:54:00,30.0,25.0,66.0,29.3,10.0,SSW,5.0,0.0,Mostly Cloudy,False,False,False,False,False,False,False,False,False,False,False,False,False,Night,Night,Night,Day,Monday
A-3871169,Source1,2,2022-10-15 06:27:30,2022-10-15 08:37:20.000000000,38.389682,-81.833474,38.389455,-81.833617,0.017,Vehicle Crash on US-60 EB at WV 25 SPUR.,Center St,Saint Albans,Kanawha,WV,25177,US,US/Eastern,KCRW,2022-10-15 06:54:00,55.0,55.0,49.0,28.83,10.0,CALM,0.0,0.0,Fair,False,False,True,False,False,False,False,False,False,False,False,False,False,Night,Night,Night,Day,Saturday
A-3665202,Source1,2,2023-03-29 10:33:30,2023-03-29 10:46:00.000000000,38.364742,-81.680757,38.361436,-81.667608,0.748,Slow traffic on I-64 E from Montrose Dr/Exit 56 (I-64) to US-119/Exit 58 (I-64) due to accident.,I-64 E,South Charleston,Kanawha,WV,25303,US,US/Eastern,KCRW,2023-03-29 10:54:00,48.0,46.0,50.0,29.21,10.0,VAR,5.0,0.0,Fair,False,False,False,False,False,False,False,False,False,False,False,False,False,Day,Day,Day,Day,Wednesday
A-3676067,Source1,2,2023-03-29 11:41:18,2023-03-29 13:49:42.000000000,38.194173,-81.476712,38.188622,-81.477137,0.384,Vehicle Crash on I-77S at Mile Marker 83.0.,I-64 E,Belle,Kanawha,WV,25015,US,US/Eastern,KCRW,2023-03-29 11:54:00,49.0,49.0,44.0,29.19,10.0,VAR,3.0,0.0,Partly Cloudy,False,False,False,False,False,False,False,False,False,False,False,False,False,Day,Day,Day,Day,Wednesday
A-3666854,Source1,2,2023-02-28 10:53:51,2023-02-28 13:18:17.000000000,38.414143,-81.795473,38.414123,-81.79610600000002,0.034,Vehicle Crash on WV-622 ( 334 Goff Mountain Rd)., Goff Mountain Rd,Charleston,Kanawha,WV,25313,US,US/Eastern,KCRW,2023-02-28 10:54:00,54.0,54.0,59.0,28.8,10.0,W,7.0,0.0,Mostly Cloudy,False,False,False,False,False,False,False,False,False,False,False,False,False,Day,Day,Day,Day,Tuesday
A-3866571,Source1,2,2023-02-23 21:10:53,2023-02-23 23:23:10.000000000,38.40615,-81.54136700000002,38.406212,-81.540314,0.057,Vehicle Crash on US-119N at WV 114. The northbound road is closed. The southbound road is closed., Pennsylvania Ave,Charleston,Kanawha,WV,25302-4700,US,US/Eastern,KCRW,2023-02-23 20:54:00,65.0,65.0,56.0,28.97,10.0,SW,3.0,0.0,Light Rain,False,False,False,True,False,False,False,False,False,True,False,False,False,Night,Night,Night,Night,Thursday
A-3675126,Source1,2,2023-03-22 14:09:43,2023-03-22 16:23:03.000000000,38.3852,-81.716243,38.383985,-81.716348,0.084,Vehicle Crash on WV-62 (4239 Washington St.)., Hildebrand Dr,Charleston,Kanawha,WV,25313-2537,US,US/Eastern,KCRW,2023-03-22 13:54:00,51.0,51.0,68.0,29.2,9.0,S,9.0,0.0,Light Rain,False,False,False,False,False,False,False,False,False,False,False,False,False,Day,Day,Day,Day,Wednesday
A-3926950,Source1,2,2022-11-04 14:46:45,2022-11-04 17:08:57.000000000,38.373103,-81.707728,38.374138,-81.708512,0.083,Vehicle Crash on WV-62 at Mile Marker 0.05., Washington St W,Charleston,Kanawha,WV,25313-2419,US,US/Eastern,KCRW,2022-11-04 14:54:00,76.0,76.0,37.0,29.11,10.0,S,12.0,0.0,Fair,False,False,False,False,False,False,False,False,False,False,False,False,False,Day,Day,Day,Day,Friday
A-5523493,Source1,2,2021-09-02 17:08:39,2021-09-02 20:45:00.000000000,38.425898,-82.312012,38.423834,-82.30465,0.423,Incident on I-64 EB near MM 16 Road closed. Take alternate route.,I-64 E,Huntington,Cabell,WV,25705,US,US/Eastern,KHTS,2021-09-02 16:51:00,77.0,77.0,45.0,29.17,10.0,N,9.0,0.0,Fair,False,False,False,False,False,False,False,False,False,False,False,False,False,Day,Day,Day,Day,Thursday
A-4945711,Source1,2,2022-12-06 10:45:54,2022-12-06 12:53:27.000000000,39.32078900000001,-77.990874,39.322772,-77.995366,0.276,Vehicle Crash on WV 51 (3400 Middleway Pike)., Alton Way,Bunker Hill,Berkeley,WV,25413,US,US/Eastern,KMRB,2022-12-06 10:53:00,42.0,42.0,89.0,29.6,10.0,ESE,3.0,0.0,Cloudy,False,False,False,False,False,False,False,False,False,False,False,False,False,Day,Day,Day,Day,Tuesday
A-5522932,Source1,2,2021-08-06 13:50:00,2021-08-06 16:37:37.000000000,38.31970095616188,-81.56583666762559,38.31565095616188,-81.55328666762558,0.736,Vehicle Crash on I-77 SB at Mile Marker 98.0.,I-64,Charleston,Kanawha,WV,25306,US,US/Eastern,KCRW,2021-08-06 13:54:00,87.0,87.0,40.0,29.1,10.0,VAR,6.0,0.0,Partly Cloudy,False,False,False,False,True,False,False,False,False,False,False,False,False,Day,Day,Day,Day,Friday
A-5803452,Source1,2,2021-08-31 14:26:00,2021-08-31 16:28:54.000000000,38.34570765477015,-81.65471434554264,38.35091765477015,-81.64944434554266,0.459,Vehicle Crash on Eastbound US-119 EB SPUR at US 119 CONN.,US-119,Charleston,Kanawha,WV,25314,US,US/Eastern,KCRW,2021-08-31 14:54:00,76.0,76.0,76.0,28.77,10.0,CALM,0.0,0.0,Cloudy,False,False,False,False,True,False,False,False,False,False,False,False,False,Day,Day,Day,Day,Tuesday
A-5287957,Source1,2,2022-09-20 14:01:30,2022-09-20 16:10:03.000000000,38.399827,-81.784474,38.398252,-81.774443,0.5539999999999999,Vehicle Crash on I-64 EB at Mile Marker 49.0.,I-64 E,Charleston,Kanawha,WV,25313,US,US/Eastern,KCRW,2022-09-20 13:54:00,83.0,83.0,47.0,29.0,10.0,VAR,3.0,0.0,Partly Cloudy,False,False,False,False,False,False,False,False,False,False,False,False,False,Day,Day,Day,Day,Tuesday
A-5378809,Source1,2,2022-06-11 18:34:12,2022-06-11 20:45:00.000000000,38.364742,-81.680757,38.364521,-81.678978,0.098,Incident on I-64 EB near MM 55 Drive with caution.,I-64 E,South Charleston,Kanawha,WV,25303,US,US/Eastern,KCRW,2022-06-11 18:54:00,75.0,75.0,60.0,28.84,10.0,CALM,0.0,0.0,Mostly Cloudy,False,False,False,False,False,False,False,False,False,False,False,False,False,Day,Day,Day,Day,Saturday
A-5364736,Source1,2,2022-01-09 23:15:01,2022-01-10 19:45:00.000000000,38.372215,-81.66425799999998,38.372631,-81.663921,0.034,Incident on US-60 EB near WV-25 Road closed. Take alternate route., Patrick St,Charleston,Kanawha,WV,25387-1929,US,US/Eastern,KCRW,2022-01-09 22:54:00,33.0,24.0,64.0,29.32,10.0,NW,12.0,0.0,Mostly Cloudy,False,False,True,False,False,False,False,False,False,False,False,True,False,Night,Night,Night,Night,Sunday
A-5069367,Source1,2,2022-05-04 17:02:30,2022-05-04 18:26:30.000000000,37.743862867175366,-81.20813727340122,37.72705286717537,-81.19046727340123,1.51,Slow traffic on I-77 S from I-64/I-77 Split (I-64/I-77) to I-64/I-77 (Beckley) (I-64/I-77) due to accident.,I-77,Beckley,Raleigh,WV,25801,US,US/Eastern,KBKW,2022-05-04 16:51:00,69.0,69.0,54.0,27.42,10.0,NNW,12.0,0.0,Fair,False,False,False,False,True,False,False,False,False,False,False,False,False,Day,Day,Day,Day,Wednesday
A-6544009,Source1,2,2021-02-11 12:51:00,2021-02-11 14:51:52.000000000,38.375159,-81.78058,38.375047,-81.780126,0.026,Incident on MACCORKLE AVE near KANAWHA TER Drive with caution., Maccorkle Ave SW,Saint Albans,Kanawha,WV,25177-2250,US,US/Eastern,KCRW,2021-02-11 12:54:00,29.0,22.0,89.0,29.13,8.0,N,7.0,0.0,Cloudy,False,False,False,False,False,False,False,False,False,False,False,False,False,Day,Day,Day,Day,Thursday
A-4874564,Source1,2,2022-03-12 03:58:30,2022-03-12 06:00:41.000000000,38.4553134439542,-81.50062680205582,38.43116344395421,-81.53084680205582,2.336,Vehicle Crash on I-79 SB at Mile Marker 8.0.,I-79,Elkview,Kanawha,WV,25071,US,US/Eastern,KCRW,2022-03-12 03:54:00,27.0,17.0,96.0,28.8,0.5,WNW,12.0,0.13,Snow,False,False,False,False,False,False,False,False,False,False,False,False,False,Night,Night,Night,Night,Saturday
A-5289449,Source1,2,2022-01-03 13:23:14,2022-01-03 19:45:00.000000000,38.41424345951836,-81.55167460402704,38.39749345951836,-81.59284460402701,2.512,Incident on I-79 SB near MM 4 Drive with caution.,I-79,Charleston,Kanawha,WV,25312,US,US/Eastern,KCRW,2022-01-03 12:54:00,29.0,20.0,69.0,29.19,10.0,NNW,9.0,0.0,Cloudy,False,False,False,False,False,False,False,False,False,False,False,False,False,Day,Day,Day,Day,Monday
A-5926887,Source1,2,2021-11-05 15:44:00,2021-11-05 17:45:52.000000,38.417921,-82.285075,38.421872,-82.297768,0.7390000000000001,Vehicle Crash on I-64 WB at Mile Marker 19.0.,I-64 W,Barboursville,Cabell,WV,25504,US,US/Eastern,KHTS,2021-11-05 15:51:00,52.0,52.0,35.0,29.44,10.0,VAR,5.0,0.0,Fair,False,False,False,False,True,False,False,False,False,False,False,False,False,Day,Day,Day,Day,Friday
A-5204730,Source1,2,2022-02-25 16:12:00,2022-02-25 18:18:12.000000000,39.062356,-81.57773900000002,39.056659,-81.59423699999998,0.969,Vehicle Crash on I-77 SB at Mile Marker 160.0.,I-77 S,Rockport,Wood,WV,26169,US,US/Eastern,KPKB,2022-02-25 16:07:00,34.0,26.0,64.0,29.45,10.0,W,10.0,0.0,Cloudy,False,False,False,False,False,False,False,False,False,False,False,False,False,Day,Day,Day,Day,Friday
A-5436119,Source1,2,2022-02-26 03:01:00,2022-02-26 07:01:24.000000,38.354957,-81.631725,38.35067100000001,-81.62060799999998,0.6709999999999999,Vehicle Crash on I-77 SB at Mile Marker 100.6.,Court St,Charleston,Kanawha,WV,25301,US,US/Eastern,KCRW,2022-02-26 02:54:00,30.0,23.0,69.0,29.42,10.0,NW,7.0,0.0,Cloudy,False,False,False,False,False,False,False,False,False,False,False,False,False,Night,Night,Night,Night,Saturday
