ID,Source,Severity,Start_Time,End_Time,Start_Lat,Start_Lng,End_Lat,End_Lng,Distance(mi),Description,Street,City,County,State,Zipcode,Country,Timezone,Airport_Code,Weather_Timestamp,Temperature(F),Wind_Chill(F),Humidity(%),Pressure(in),Visibility(mi),Wind_Direction,Wind_Speed(mph),Precipitation(in),Weather_Condition,Amenity,Bump,Crossing,Give_Way,Junction,No_Exit,Railway,Roundabout,Station,Stop,Traffic_Calming,Traffic_Signal,Turning_Loop,Sunrise_Sunset,Civil_Twilight,Nautical_Twilight,Astronomical_Twilight,Day_Of_Week
A-7488279,Source1,4,2018-12-21 07:53:36,2018-12-21 12:52:22,43.88744000000001,-70.33841,43.92402,-70.33700999999999,2.528,Closed at New Gloucester Toll Plaza - Road closed due to accident.,I-95 N,Gray,Cumberland,ME,04039,US,US/Eastern,KLEW,2018-12-21 07:56:00,33.1,27.7,96.0,29.89,0.5,NNE,5.8,0.01,Rain,False,False,False,False,False,False,False,False,False,False,False,False,False,Day,Day,Day,Day,Friday
A-7734960,Source1,2,2019-06-07 16:11:33,2019-06-07 19:31:14,43.73577,-70.22815,43.747362,-70.220088,0.8959999999999999,At US-1/Exit 15 - Accident.,I-295 N,Falmouth,Cumberland,ME,04105,US,US/Eastern,KPWM,2019-06-07 15:51:00,66.0,66.0,43.0,29.82,10.0,SSE,8.0,0.0,Fair,False,False,False,False,False,False,False,False,False,False,False,False,False,Day,Day,Day,Day,Friday
A-3455001,Source1,2,2016-12-29 16:46:05,2016-12-29 22:46:05,43.538129,-70.44158,43.58914,-70.38752,4.444,Between I-195/Exit 5 and Haigis Pky/Exit 42 - Accident.,I-95 N,Saco,York,ME,04072,US,US/Eastern,KPWM,2016-12-29 16:45:00,28.4,22.2,93.0,29.65,5.0,North,5.8,0.06,Light Freezing Rain,False,False,False,False,False,False,False,False,False,False,False,False,False,Night,Night,Day,Day,Thursday
A-1679920,Source2,4,2019-12-27 05:31:16,2019-12-27 10:10:23,43.732162,-70.299225,,,17.040000915527347,Right lane closed due to jackknifed trailer on I-95 Gold Star Memorial Hwy Southbound between Exit 63 US-202 Gray Rd and Exit 53 ME-100 Gray Rd.,Portland North Business Park,Falmouth,Cumberland,ME,04105,US,US/Eastern,KPWM,2019-12-27 05:51:00,31.0,26.0,76.0,30.23,10.0,W,5.0,0.03,Light Freezing Rain,False,False,False,False,False,False,False,False,False,False,False,False,False,Night,Night,Night,Day,Friday
A-7580609,Source1,2,2018-05-09 07:27:00,2018-05-09 08:52:00,44.169018,-70.232683,44.161332,-70.233777,0.534,At Mt Auburn Ave - Accident., Turner Rd,Auburn,Androscoggin,ME,04210-8412,US,US/Eastern,KLEW,2018-05-09 07:56:00,44.1,42.5,100.0,30.27,0.2,North,3.5,,Fog,False,False,False,False,False,False,False,False,False,False,False,False,False,Day,Day,Day,Day,Wednesday
A-574881,Source2,3,2022-07-05 16:29:43,2022-07-05 17:29:22,43.807613,-70.166756,,,0.0,One lane blocked due to crash on I-295 Northbound at Exit 17 US-1 Blue Star Memorial Hwy.,I-295 N,Yarmouth,Cumberland,ME,04096,US,US/Eastern,KPWM,2022-07-05 16:51:00,67.0,67.0,84.0,29.88,9.0,SSW,8.0,0.0,Light Rain,False,False,False,False,False,False,False,False,False,False,False,False,False,Day,Day,Day,Day,Tuesday
A-854793,Source2,3,2021-10-27 11:28:37,2021-10-27 13:13:51,43.245064,-70.627258,,,0.0,Left lane blocked due to accident on I-95 Gold Star Memorial Hwy Southbound near Berwick Rd.,I-95 N,Cape Neddick,York,ME,03902,US,US/Eastern,KSFM,2021-10-27 11:56:00,45.0,38.0,93.0,29.47,7.0,NNE,17.0,0.11,Rain,False,False,False,False,False,False,False,False,False,False,False,False,False,Day,Day,Day,Day,Wednesday
A-2471076,Source2,3,2018-11-21 10:31:38,2018-11-21 11:16:16,44.479984,-69.707153,,,0.0,Accident on I-95 Southbound at Exit 124 Trafton Rd.,I-95 S,Augusta,Kennebec,ME,04330,US,US/Eastern,KAUG,2018-11-21 10:53:00,28.0,21.7,78.0,29.86,10.0,SSW,5.8,,Overcast,False,False,False,False,False,False,False,False,False,False,False,False,False,Day,Day,Day,Day,Wednesday
A-7654129,Source1,2,2017-12-29 16:02:00,2017-12-29 17:02:00,43.7745,-70.50194,43.773093,-70.50330699999998,0.119,At ME-114/Richville Rd/Fort Hill Rd - Accident.,Chadbourne Rd,Standish,Cumberland,ME,04084,US,US/Eastern,KPWM,2017-12-29 15:51:00,6.1,-2.8,76.0,30.12,5.0,WNW,4.6,0.01,Haze,False,False,False,False,False,False,False,False,False,False,False,False,False,Day,Day,Day,Day,Friday
A-7563398,Source1,2,2018-07-23 08:48:00,2018-07-23 09:48:00,44.32467000000001,-69.86064,44.3245,-69.86162,0.05,At ME-17/Readfield Rd/Pond Rd - Accident., McKenney Ln,Manchester,Kennebec,ME,04351,US,US/Eastern,KAUG,2018-07-23 08:53:00,71.1,,100.0,30.28,2.0,SSE,6.9,0.0,Light Rain,False,False,False,False,False,False,False,False,False,False,False,False,False,Day,Day,Day,Day,Monday
