ID,Source,Severity,Start_Time,End_Time,Start_Lat,Start_Lng,End_Lat,End_Lng,Distance(mi),Description,Street,City,County,State,Zipcode,Country,Timezone,Airport_Code,Weather_Timestamp,Temperature(F),Wind_Chill(F),Humidity(%),Pressure(in),Visibility(mi),Wind_Direction,Wind_Speed(mph),Precipitation(in),Weather_Condition,Amenity,Bump,Crossing,Give_Way,Junction,No_Exit,Railway,Roundabout,Station,Stop,Traffic_Calming,Traffic_Signal,Turning_Loop,Sunrise_Sunset,Civil_Twilight,Nautical_Twilight,Astronomical_Twilight,Day_Of_Week
A-1755218,Source2,2,2019-10-15 09:58:30,2019-10-15 10:28:03,46.847347,-96.819382,,,0.0,Right hand shoulder blocked due to accident on I-94 Westbound at Exit 350 25th St.,US-52 E,Fargo,Cass,ND,58103,US,US/Central,KFAR,2019-10-15 09:53:00,40.0,35.0,97.0,28.96,6.0,NNW,7.0,0.05,Light Rain,False,False,False,False,False,False,False,False,False,False,False,False,False,Day,Day,Day,Day,Tuesday
A-5373348,Source1,2,2022-01-27 07:49:30,2022-01-27 10:10:00,46.906599,-98.222955,46.91164000000001,-98.087831,6.388,Slow traffic on ND-1 S - I-94 E - US-52 E from CR-11/Exit 281 (I-94) to ND-1/Exit 288 (I-94) due to accident.,I-94 E,Sanborn,Barnes,ND,58480,US,US/Central,KBAC,2022-01-27 07:55:00,10.0,-8.0,85.0,28.74,7.0,NNE,18.0,0.0,Light Snow,False,False,False,False,False,False,False,False,False,False,False,False,False,Night,Day,Day,Day,Thursday
A-4232357,Source1,2,2022-01-21 08:48:24,2022-01-21 10:03:25,46.84734463669373,-96.848055123821,46.847274636693726,-96.840205123821,0.371,Incident on I-94 EB near MP 350 Expect delays.,I-94 E,Fargo,Cass,ND,58103,US,US/Central,KFAR,2022-01-21 08:53:00,5.0,-18.0,70.0,28.95,9.0,S,25.0,0.0,Mostly Cloudy / Windy,False,False,False,False,False,False,False,False,False,False,False,False,False,Day,Day,Day,Day,Friday
A-4873163,Source1,2,2022-01-16 12:37:05,2022-01-16 13:52:06.000000000,47.93309,-97.232865,47.933076,-97.239176,0.292,Incident on US-2 WB near MP 349 Expect delays., US 2,Grand Forks,Grand Forks,ND,58203-8918,US,US/Central,KGFK,2022-01-16 12:53:00,25.0,10.0,88.0,28.97,6.0,NNW,24.0,0.0,Blowing Snow / Windy,False,False,False,False,False,False,False,False,False,False,False,False,False,Day,Day,Day,Day,Sunday
A-6688402,Source1,2,2020-11-25 01:11:00,2020-11-25 02:33:00,46.884216,-96.83985,46.865999,-96.841946,1.263,Stationary traffic on US-81 S - I-29 S from 12th Ave/Exit 66 (I-29) to 13th Ave/38th St/Exit 64 (I-29) due to accident.,I-29 S,Fargo,Cass,ND,58102,US,US/Central,KFAR,2020-11-25 00:53:00,25.0,16.0,85.0,29.0,9.0,W,9.0,0.0,Cloudy,False,False,False,False,False,False,False,False,False,False,False,False,False,Night,Night,Night,Night,Wednesday
A-3366636,Source2,3,2017-08-09 17:25:40,2017-08-09 18:07:07,46.892384,-98.333321,,,0.0,Accident on I-94 Eastbound at Exit 276 County Hwy-7 101st Ave.,US-52 E,Spiritwood,Barnes,ND,58481,US,US/Central,KJMS,2017-08-09 16:56:00,70.0,,76.0,29.94,10.0,NNE,8.1,,Overcast,False,False,False,False,False,False,False,False,False,False,False,False,False,Day,Day,Day,Day,Wednesday
A-6229675,Source1,2,2021-08-07 13:06:16,2021-08-07 14:46:21,46.83509230591376,-100.28862118673186,46.83754230591375,-100.28857118673186,0.1689999999999999,Incident on ND-14 NB near MP 0 Expect delays.,US-83 S,Sterling,Burleigh,ND,58572,US,US/Central,KBIS,2021-08-07 12:52:00,80.0,80.0,60.0,28.03,8.0,NE,7.0,0.0,Smoke,False,False,False,False,False,False,False,False,False,True,False,False,False,Day,Day,Day,Day,Saturday
A-5023608,Source1,2,2022-01-22 17:08:49,2022-01-22 18:23:49,46.86305165268486,-101.00266814183712,46.84685165268486,-100.91345814183713,4.3610000000000015,Incident on I-94 EB near MP 147 Expect delays.,I-94 E,Mandan,Morton,ND,58554,US,US/Central,KY19,2022-01-22 17:15:00,30.0,17.0,100.0,27.87,2.0,NNW,23.0,0.0,Fog / Windy,False,False,False,False,False,False,False,False,False,False,False,False,False,Day,Day,Day,Day,Saturday
A-7579259,Source1,2,2018-05-04 07:37:10,2018-05-04 13:37:10,46.484476,-100.90278,46.455545,-100.927229,2.313,Between Solen and ND-21/22nd Ave - Accident., Highway 6,Solen,Morton,ND,58570-9777,US,US/Central,KBIS,2018-05-04 07:52:00,46.0,44.8,63.0,30.01,10.0,West,3.5,,Overcast,False,False,False,False,False,False,False,False,False,False,False,False,False,Day,Day,Day,Day,Friday
A-4439375,Source1,2,2023-01-25 07:33:25,2023-01-25 08:48:25.000000000,46.938508,-96.852682,46.943769,-96.855468,0.387,Incident on I-29 NB near MP 70 Expect delays.,I-29 N,Fargo,Cass,ND,58102,US,US/Central,KFAR,2023-01-25 07:53:00,1.0,-22.0,87.0,29.13,10.0,NNW,23.0,0.0,Partly Cloudy / Windy,False,False,False,False,False,False,False,False,False,False,False,False,False,Night,Day,Day,Day,Wednesday
A-6564556,Source1,2,2021-02-10 21:56:26,2021-02-10 23:51:26,48.200875,-101.231158,48.199767,-101.229275,0.116,Incident on US-52 EB near MP 99 Expect delays., Highway 52 S,Minot,Ward,ND,58701,US,US/Central,KMOT,2021-02-10 21:54:00,-14.0,-36.0,61.0,28.63,10.0,WNW,13.0,0.0,Fair,False,False,False,False,False,False,False,False,False,False,False,False,False,Night,Night,Night,Night,Wednesday
A-4337449,Source1,2,2023-01-13 20:43:00,2023-01-13 20:56:30,47.555819,-97.080742,47.54154000000001,-97.088751,1.055,Slow traffic on US-81 S - I-29 S from CR-21/Exit 118 (I-29) to ND-200/Exit 111 (I-29) due to accident.,I-29 S,Buxton,Traill,ND,58218,US,US/Central,KGFK,2023-01-13 20:53:00,10.0,-9.0,84.0,29.07,8.0,S,20.0,0.0,Mostly Cloudy,False,False,False,False,False,False,False,False,False,False,False,False,False,Night,Night,Night,Night,Friday
A-3878188,Source1,2,2022-11-16 19:55:30,2022-11-16 23:31:00,46.862429,-102.175412,46.863731,-101.092792,51.145,Slow traffic on I-94 E from Exit 90 (I-94) to I-94 Bus/ND-25/Exit 147 (I-94) due to accident.,Highway 10 E,Richardton,Stark,ND,58652,US,US/Mountain,KD57,2022-11-16 19:55:00,27.0,14.0,86.0,28.08,10.0,NW,17.0,0.0,Light Rain,False,False,False,False,False,False,False,False,False,False,False,False,False,Night,Night,Night,Night,Wednesday
A-5517898,Source1,2,2021-11-13 10:17:54,2021-11-13 11:32:54,48.445296,-101.718767,48.4454,-101.71869,0.008,Incident on ND-28 NB near MP 55 Expect delays., Highway 28,Carpio,Ward,ND,58725-9544,US,US/Central,KMIB,2021-11-13 10:21:00,30.0,23.0,86.0,27.86,10.0,S,7.0,0.0,Light Freezing Drizzle,False,False,True,False,False,False,True,False,False,True,False,False,False,,,,,Saturday
A-3728728,Source1,2,2022-09-15 06:42:45,2022-09-15 07:57:51.000000,46.281828,-96.832454,46.28329,-96.832171,0.102,Incident on I-29 NB near MP 24 Expect delays.,I-29 N,Mooreton,Richland,ND,58061,US,US/Central,KBWP,2022-09-15 06:35:00,68.0,68.0,88.0,28.79,10.0,SE,10.0,0.0,Mostly Cloudy,False,False,False,False,False,False,False,False,False,False,False,False,False,Night,Day,Day,Day,Thursday
