ID,Source,Severity,Start_Time,End_Time,Start_Lat,Start_Lng,End_Lat,End_Lng,Distance(mi),Description,Street,City,County,State,Zipcode,Country,Timezone,Airport_Code,Weather_Timestamp,Temperature(F),Wind_Chill(F),Humidity(%),Pressure(in),Visibility(mi),Wind_Direction,Wind_Speed(mph),Precipitation(in),Weather_Condition,Amenity,Bump,Crossing,Give_Way,Junction,No_Exit,Railway,Roundabout,Station,Stop,Traffic_Calming,Traffic_Signal,Turning_Loop,Sunrise_Sunset,Civil_Twilight,Nautical_Twilight,Astronomical_Twilight,Day_of_Week
A-5337842,Source1,2,2023-01-13 10:24:11,2023-01-13 12:37:37.000000000,43.147441,-89.283222,43.158195,-89.270963,0.966,Crash on US 151 North at American Pkwy. The 2 right lanes are blocked.,US Highway 151,Sun Prairie,Dane,WI,53590,US,US/Central,KMSN,2023-01-13 10:53:00,27.0,15.0,66.0,29.38,10.0,NNE,16.0,0.0,Cloudy,False,False,False,False,False,False,False,False,False,False,False,False,False,Day,Day,Day,Day,Friday
A-4143966,Source1,2,2022-12-04 12:59:00,2022-12-04 13:08:30.000000000,43.033091,-87.965897,43.032852,-87.973176,0.368,Slow traffic on I-94 W from 35th St/Exit 309 (I-94) to US-41/Exit 308 (I-94) due to accident.,I-94 W,Milwaukee,Milwaukee,WI,53208,US,US/Central,KMWC,2022-12-04 12:45:00,36.0,29.0,35.0,29.27,10.0,WSW,9.0,0.0,Fair,False,False,False,False,False,False,False,False,False,False,False,False,False,Day,Day,Day,Day,Sunday
A-4246789,Source1,2,2022-04-24 05:47:10,2022-04-24 07:04:28.000000000,43.02004694918145,-87.9179513450245,43.02502694918145,-87.92144134502449,0.387,Crash on I-43/94 North 0.2 miles beyond National Ave. The right shoulder is blocked.,I-43 N,Milwaukee,Milwaukee,WI,53204,US,US/Central,KMKE,2022-04-24 05:52:00,66.0,66.0,60.0,29.02,10.0,WSW,10.0,0.0,Cloudy,False,False,True,False,False,False,False,False,True,False,False,True,False,Night,Day,Day,Day,Sunday
A-4260064,Source1,2,2022-12-27 18:47:30,2022-12-27 19:16:30.000000000,43.036109,-89.453076,43.034928,-89.441126,0.609,Stationary traffic on US-12 E - US-14 E - US-151 N - US-18 E from Raymond Rd (US-151/Verona Rd/US-18) to Seminole Hwy/Exit 258 (US-14/US-12/US-151/US-18) due to accident.,Verona Rd,Madison,Dane,WI,53711,US,US/Central,KC29,2022-12-27 18:55:00,21.0,10.0,74.0,28.82,10.0,S,9.0,0.0,Fair,False,False,True,False,False,False,False,False,False,False,False,False,False,Night,Night,Night,Night,Tuesday
A-4930193,Source1,2,2022-05-27 16:40:10,2022-05-27 18:25:14.000000000,43.03547,-89.43189699999998,43.034922,-89.41494399999998,0.857,Crash on US 12/14/18/151 East 0.3 miles before Todd Dr. The right shoulder is blocked.,W Beltline Hwy E,Madison,Dane,WI,53713,US,US/Central,KMSN,2022-05-27 16:53:00,69.0,69.0,53.0,28.94,10.0,ENE,6.0,0.0,Mostly Cloudy,False,False,False,False,False,False,False,False,False,False,False,False,False,Day,Day,Day,Day,Friday
A-4909033,Source1,2,2022-04-19 14:45:01,2022-04-19 18:09:09.000000000,43.081573,-87.92062800000002,43.027699,-87.922557,3.724,Slow traffic on I-43 S - I-94 E from WI-190/Capitol Dr/Exit 76 (I-43) to I-94/I-794/Exit 72 (I-43) due to accident.,W Keefe Ave,Milwaukee,Milwaukee,WI,53206,US,US/Central,KMWC,2022-04-19 14:45:00,43.0,37.0,42.0,29.37,10.0,W,12.0,0.0,Mostly Cloudy,False,False,False,False,False,False,False,False,False,False,False,False,False,Day,Day,Day,Day,Tuesday
A-3728459,Source1,2,2023-02-16 12:53:09,2023-02-16 15:05:18.000000,43.028159,-87.969235,43.026514,-87.969737,0.116,Crash on WIS 175 South 0.6 miles beyond I-94 East. Expect lane closures.,State Highway 341,Milwaukee,Milwaukee,WI,53214,US,US/Central,KMWC,2023-02-16 12:45:00,28.0,17.0,86.0,29.13,0.5,NNE,15.0,0.0,Light Snow,False,False,False,False,False,False,False,False,False,False,False,False,False,Day,Day,Day,Day,Thursday
A-3655320,Source1,2,2023-02-28 07:13:05,2023-02-28 09:22:24.000000000,43.03038,-87.985747,43.033039,-87.96842,0.894,Crash on I-94 East at Mitchell Blvd. The right shoulder is blocked.,I-94 E,Milwaukee,Milwaukee,WI,53214,US,US/Central,KMWC,2023-02-28 07:15:00,32.0,23.0,80.0,29.04,10.0,WNW,12.0,0.0,Cloudy,False,False,False,False,True,False,False,False,False,False,False,False,False,Day,Day,Day,Day,Tuesday
A-4127942,Source1,2,2022-06-15 10:52:11,2022-06-15 12:56:03.000000000,43.027506,-88.012289,43.027689,-88.017222,0.249,Crash on I-94 West at 84th St. The right lane is blocked.,I-94 W,Milwaukee,Milwaukee,WI,53214,US,US/Central,KMWC,2022-06-15 10:45:00,86.0,86.0,51.0,29.06,10.0,WSW,8.0,0.0,Fair,False,False,False,False,True,False,False,False,False,False,False,False,False,Day,Day,Day,Day,Wednesday
A-5214009,Source1,2,2022-12-28 04:26:07,2022-12-28 05:49:28.000000000,43.083208,-88.056926,43.085546,-88.057113,0.162,I-41/US 45 North CLOSED beyond Ramp from Burleigh St because of a crash.,I-41 N,Milwaukee,Milwaukee,WI,53222,US,US/Central,KMWC,2022-12-28 04:35:00,27.0,20.0,69.0,29.0,10.0,S,6.0,0.0,Fair,False,False,False,False,False,False,False,False,False,False,False,False,False,Night,Night,Night,Night,Wednesday
A-3754457,Source1,2,2022-12-17 16:45:30,2022-12-17 19:20:00.000000000,43.027197,-88.014078,43.031458,-87.97636,1.928,Slow traffic on I-94 E from WI-181/84th St/Exit 306 (I-94) to General Mitchell Blvd/Exit 308 (I-94) due to accident.,I-94 E,Milwaukee,Milwaukee,WI,53214,US,US/Central,KMWC,2022-12-17 16:45:00,25.0,12.0,74.0,28.97,10.0,W,15.0,0.0,Cloudy,False,False,False,False,False,False,False,False,False,False,False,False,False,Night,Day,Day,Day,Saturday
A-3669509,Source1,2,2023-03-23 16:32:10,2023-03-23 18:39:26.000000000,43.17984223,-87.91885257,43.17694223,-87.92013257,0.21,Crash on WIS 100 South at I-43/Brown Deer Rd. The right shoulder is blocked.,I-43 S,Milwaukee,Milwaukee,WI,53217,US,US/Central,KMWC,2023-03-23 16:45:00,43.0,37.0,57.0,29.24,10.0,ESE,9.0,0.0,Mostly Cloudy,False,False,False,False,True,False,False,False,False,False,False,False,False,Day,Day,Day,Day,Thursday
A-5296786,Source1,2,2022-08-11 16:55:03,2022-08-11 19:01:14.000000000,42.901809,-87.936058,42.905664,-87.935916,0.266,Crash on I-41/94 North 0.4 miles beyond Drexel Ave. The right shoulder is blocked.,W Drexel Ave,Oak Creek,Milwaukee,WI,53154,US,US/Central,KMKE,2022-08-11 16:52:00,72.0,72.0,64.0,29.44,10.0,NE,13.0,0.0,Fair,False,False,False,False,False,False,False,False,False,False,False,False,False,Day,Day,Day,Day,Thursday
A-5234750,Source1,2,2022-06-09 10:15:11,2022-06-09 12:31:05.000000000,43.016372,-88.037014,43.01638,-88.036298,0.036,WIS 59 East CLOSED at I-894 East because of a crash.,W Greenfield Ave,Milwaukee,Milwaukee,WI,53214,US,US/Central,KMWC,2022-06-09 09:45:00,64.0,64.0,64.0,29.14,10.0,WNW,12.0,0.0,Fair,False,False,True,False,False,False,False,False,False,False,False,True,False,Day,Day,Day,Day,Thursday
A-3866898,Source1,2,2022-07-05 07:32:00,2022-07-05 08:50:00.000000000,43.045096,-89.319822,43.043494,-89.368195,2.445,Stationary traffic on US-12 W - US-18 W from US-51/Stoughton Rd/Exit 266 (US-12/US-18) to John Nolen Dr/Exit 263 (US-12/US-18) due to accident.,W Beltline Hwy W,Madison,Dane,WI,53716,US,US/Central,KMSN,2022-07-05 07:15:00,76.0,76.0,85.0,28.96,10.0,CALM,0.0,0.0,Mostly Cloudy,False,False,False,False,False,False,False,False,False,False,False,False,False,Day,Day,Day,Day,Tuesday
A-3724995,Source1,2,2022-09-14 11:43:14,2022-09-14 13:01:18.000000000,42.976822,-88.039087,42.97993,-88.03903299999998,0.215,Incident on I-41 NB near BELOIT RD Drive with caution.,I-41 N,Milwaukee,Milwaukee,WI,53228,US,US/Central,KMKE,2022-09-14 11:52:00,69.0,69.0,75.0,29.41,10.0,NNE,12.0,0.0,Mostly Cloudy,False,False,False,False,True,False,False,False,False,False,False,False,False,Day,Day,Day,Day,Wednesday
A-3920430,Source1,2,2022-11-16 17:56:13,2022-11-16 19:14:54.000000000,43.034928,-89.441126,43.035005,-89.417266,1.205,Crash on US 12/14/18/151 East 0.3 miles before Todd Dr. The center lane is blocked.,W Beltline Hwy E,Madison,Dane,WI,53713,US,US/Central,KMSN,2022-11-16 17:53:00,30.0,30.0,82.0,29.2,10.0,W,3.0,0.0,Mostly Cloudy,False,False,False,False,False,False,False,False,False,False,False,False,False,Night,Night,Night,Day,Wednesday
A-3872974,Source1,2,2022-12-03 11:11:00,2022-12-03 11:46:00.000000000,43.081573,-87.92062800000002,43.06734,-87.920778,0.983,Slow traffic on I-43 S from WI-190/Capitol Dr/Exit 76 (I-43) to North Ave/8th St/Exit 73 (I-43) due to accident.,W Keefe Ave,Milwaukee,Milwaukee,WI,53206,US,US/Central,KMWC,2022-12-03 10:45:00,25.0,11.0,50.0,29.5,10.0,W,18.0,0.0,Fair,False,False,False,False,False,False,False,False,False,False,False,False,False,Day,Day,Day,Day,Saturday
A-3654270,Source1,2,2023-03-27 14:51:30,2023-03-27 15:18:00.000000000,43.049264,-88.34487,43.050304,-88.318573,1.33,Slow traffic on I-94 E from WI-83/Exit 287 (I-94) to Exit 290 (I-94) due to accident.,I-94 E,Pewaukee,Waukesha,WI,53072,US,US/Central,KUES,2023-03-27 14:45:00,43.0,37.0,42.0,29.18,10.0,NNE,10.0,0.0,Fair,False,False,False,False,False,False,False,False,False,False,False,False,False,Day,Day,Day,Day,Monday
A-4007646,Source1,2,2022-09-30 21:33:12,2022-09-30 22:54:48.000000,43.045565,-89.309608,43.045432,-89.311193,0.081,Crash on Ramp from US 51/Stoughton Rd to US 12/18 West.,W Beltline Hwy W,Madison,Dane,WI,53716,US,US/Central,KMSN,2022-09-30 21:53:00,55.0,55.0,72.0,29.27,10.0,SE,7.0,0.0,Fair,False,False,False,False,False,False,False,False,False,False,False,False,False,Night,Night,Night,Night,Friday
A-3712078,Source1,2,2023-01-29 04:02:06,2023-01-29 05:20:20.000000000,43.071133,-87.920532,43.074181,-87.920508,0.211,Crash on I-43 North at Ramp from Locust St. Shoulders are blocked.,W Locust St,Milwaukee,Milwaukee,WI,53212,US,US/Central,KMWC,2023-01-29 03:55:00,19.0,6.0,74.0,29.32,7.0,N,14.0,0.0,Light Snow,False,False,False,False,False,False,False,False,False,False,False,False,False,Night,Night,Night,Night,Sunday
A-5498352,Source1,4,2021-11-21 18:37:51,2021-11-22 08:00:00.000000000,43.010227,-88.229648,43.010768,-88.229888,0.039,Closed road from N Barstow St to South St due to accident., N Barstow St,Waukesha,Waukesha,WI,53186-4819,US,US/Central,KUES,2021-11-21 18:45:00,30.0,17.0,37.0,29.05,10.0,WNW,23.0,0.0,Fair / Windy,False,False,False,False,False,False,False,False,False,False,False,False,False,Night,Night,Night,Night,Sunday
A-3868708,Source1,2,2022-10-14 15:31:23,2022-10-14 17:47:06.000000000,42.99139,-88.03813199999998,42.961935,-88.035039,2.041,Slow traffic on I-41 S - I-894 E - US-45 S - US-41 S from National Ave/Exit 2 (I-894) to I-43/Exit 4 (I-894) due to accident.,I-41 S,Milwaukee,Milwaukee,WI,53227,US,US/Central,KMWC,2022-10-14 15:45:00,50.0,50.0,35.0,28.77,10.0,SSE,6.0,0.0,Mostly Cloudy,False,False,False,False,False,False,False,False,False,False,False,False,False,Day,Day,Day,Day,Friday
A-3671472,Source1,2,2023-03-26 16:04:06,2023-03-26 18:14:16.000000000,43.03498149,-89.44764733,43.03986149,-89.45925733,0.6759999999999999,Crash on US 12/14/18/151 West at Ramp from Todd Dr. The right lane is blocked.,W Beltline Hwy W,Madison,Dane,WI,53711,US,US/Central,KC29,2023-03-26 15:55:00,40.0,40.0,59.0,28.95,10.0,NE,3.0,0.0,Cloudy,False,False,False,False,False,False,False,False,False,False,False,False,False,Day,Day,Day,Day,Sunday
A-4451028,Source1,2,2022-06-07 15:24:34,2022-06-07 17:21:31.000000000,43.027699,-87.922557,43.002893,-87.916344,1.742,Slow traffic on I-43 S - I-94 E from I-794/Exit 310 (I-43/I-94) to Becher St/Exit 312 (I-43/I-94) due to accident.,I-43 S,Milwaukee,Milwaukee,WI,53233,US,US/Central,KMKE,2022-06-07 15:52:00,60.0,60.0,78.0,29.19,10.0,ESE,8.0,0.0,Fair,False,False,False,False,False,False,False,False,False,False,False,False,False,Day,Day,Day,Day,Tuesday
A-3652081,Source1,2,2023-03-28 14:43:04,2023-03-28 16:54:18.000000000,42.872431,-87.937381,42.867743,-87.937547,0.324,Crash on Ramp from Ryan Rd to I-41/94 South.,I-41 S,Oak Creek,Milwaukee,WI,53154,US,US/Central,KMKE,2023-03-28 14:52:00,45.0,40.0,40.0,29.46,10.0,SW,9.0,0.0,Fair,False,False,False,False,False,False,False,False,False,False,False,False,False,Day,Day,Day,Day,Tuesday
A-4487880,Source1,2,2022-12-20 16:11:00,2022-12-20 17:39:30.000000000,42.961497,-88.03173000000002,42.96239600000001,-87.998345,1.689,Slow traffic on I-41 S - I-894 E - Rock Fwy N - I-43 N - US-41 S from I-43/US-45/Exit 4 (I-894/I-43) to 60th St/Exit 7 (I-894/I-43) due to accident.,I-41 S,Milwaukee,Milwaukee,WI,53228,US,US/Central,KMKE,2022-12-20 15:52:00,29.0,21.0,49.0,29.67,10.0,WNW,8.0,0.0,Fair,False,False,False,False,False,False,False,False,False,False,False,False,False,Day,Day,Day,Day,Tuesday
A-3725856,Source1,2,2022-04-22 13:35:10,2022-04-22 15:38:28.000000000,43.035517930779285,-87.93494582134278,43.035587930779286,-87.93170582134277,0.1639999999999999,Crash on I-94 East 0.2 miles beyond 26th St/St Paul Ave. The right shoulder is blocked.,I-94 E,Milwaukee,Milwaukee,WI,53233,US,US/Central,KMKE,2022-04-22 13:52:00,45.0,39.0,86.0,29.59,2.0,ESE,13.0,0.2,Light Rain,False,False,False,False,True,False,False,False,False,False,False,False,False,Day,Day,Day,Day,Friday
A-3903778,Source1,2,2022-09-28 08:21:08,2022-09-28 09:38:42.000000000,43.145542,-89.285913,43.143481,-89.288492,0.193,Incident on US-151 SB near AMERICAN PKY Drive with caution.,US Highway 151,Madison,Dane,WI,53718,US,US/Central,KMSN,2022-09-28 07:53:00,39.0,33.0,82.0,29.53,10.0,N,8.0,0.0,Fair,False,False,False,False,False,False,False,False,False,False,False,False,False,Day,Day,Day,Day,Wednesday
A-4940069,Source1,2,2022-04-03 06:45:16,2022-04-03 08:53:56.000000000,42.964428663048906,-87.88138747173366,42.951748663048896,-87.88039747173366,0.878,Crash on WIS 794 South 0.6 miles beyond Layton Ave. The right shoulder is blocked.,Lake Pkwy S,Saint Francis,Milwaukee,WI,53235,US,US/Central,KMKE,2022-04-03 06:52:00,36.0,30.0,86.0,29.25,7.0,NW,7.0,0.0,Partly Cloudy,False,False,False,False,False,False,False,False,False,False,False,False,False,Day,Day,Day,Day,Sunday
A-4774931,Source1,2,2023-01-25 16:34:15,2023-01-25 19:03:26.000000000,43.03038,-87.985747,43.030373,-87.98289,0.144,Crash on I-94 East at Ramp from Hawley Rd. The right shoulder is blocked.,I-94 E,Milwaukee,Milwaukee,WI,53214,US,US/Central,KMWC,2023-01-25 16:45:00,32.0,26.0,87.0,28.94,5.0,NNW,7.0,0.0,Light Snow,False,False,False,False,True,False,False,False,False,False,False,False,False,Day,Day,Day,Day,Wednesday
A-4715770,Source1,2,2022-10-07 07:16:05,2022-10-07 09:33:16.000000000,43.050847,-88.368675,43.048941,-88.351031,0.901,Crash on I-94 East 0.4 miles beyond WIS 83. The left lane is blocked.,I-94 E,Delafield,Waukesha,WI,53018,US,US/Central,KUES,2022-10-07 07:45:00,36.0,29.0,87.0,29.39,10.0,NNW,8.0,0.0,Fair,False,False,False,False,False,False,False,False,False,False,False,False,False,Day,Day,Day,Day,Friday
A-4118327,Source1,2,2023-01-28 16:29:10,2023-01-28 18:36:28.000000000,43.038988,-88.032725,43.039583,-88.032715,0.041,Crash on I-41/US 45 North at Ramp from Bluemond Rd. The left shoulder is blocked.,I-41 N,Milwaukee,Milwaukee,WI,53226,US,US/Central,KMWC,2023-01-28 16:45:00,16.0,5.0,86.0,29.38,1.0,NNE,8.0,0.0,Light Snow,False,False,False,False,False,False,False,False,False,False,False,False,False,Day,Day,Day,Day,Saturday
A-5305411,Source1,2,2022-09-08 08:09:07,2022-09-08 10:17:30.000000000,43.044435,-89.329249,43.044495,-89.32820699999998,0.053,Crash on US 12/18 East at Monona Dr. The right lane is blocked.,W Beltline Hwy E,Madison,Dane,WI,53716,US,US/Central,KMSN,2022-09-08 07:53:00,67.0,67.0,87.0,29.11,10.0,CALM,0.0,0.0,Fair,False,False,False,False,False,False,False,False,False,False,False,False,False,Day,Day,Day,Day,Thursday
A-4878734,Source1,2,2022-05-28 10:03:14,2022-05-28 11:20:27.000000000,42.96236872652548,-87.98393368679052,42.96092872652548,-87.96394368679054,1.016,Incident on I-41 EB near 60TH ST Left lane blocked.,I-41 S,Milwaukee,Milwaukee,WI,53220,US,US/Central,KMKE,2022-05-28 09:52:00,67.0,67.0,66.0,29.16,10.0,SW,10.0,0.0,Mostly Cloudy,False,False,False,False,False,False,False,False,False,False,False,False,False,Day,Day,Day,Day,Saturday
A-4879097,Source1,2,2022-06-09 14:46:13,2022-06-09 16:04:52.000000000,43.034665,-89.445296,43.043743,-89.358961,4.405,Stationary traffic on US-12 E - US-14 E - US-151 N - US-18 E from US-18/US-151/Verona Rd/Exit 258 (US-14/US-12/US-151/US-18) to Towne Dr/Exit 264 (US-12/US-18) due to accident.,W Beltline Hwy E,Madison,Dane,WI,53711,US,US/Central,KC29,2022-06-09 14:55:00,76.0,76.0,32.0,28.97,10.0,W,10.0,0.0,Mostly Cloudy,False,False,False,False,True,False,False,False,False,False,False,False,False,Day,Day,Day,Day,Thursday
A-4913356,Source1,2,2022-09-02 14:33:06,2022-09-02 17:25:14.000000000,43.108947,-88.05781400000002,43.052181,-88.04153199999998,4.007,Slow traffic on I-41 S - US-45 S - US-41 S from W Silver Spring Dr/Exit 46 (US-45) to W Watertown Plank Rd/Exit 40 (US-45) due to accident.,I-41 S,Milwaukee,Milwaukee,WI,53225,US,US/Central,KMWC,2022-09-02 14:45:00,82.0,82.0,42.0,29.22,10.0,SSW,12.0,0.0,Partly Cloudy,False,False,False,False,False,False,False,False,False,False,False,False,False,Day,Day,Day,Day,Friday
A-5098276,Source1,2,2022-07-06 15:23:11,2022-07-06 16:28:59.000000000,43.034888,-89.413985,43.044495,-89.32820699999998,4.382,Slow traffic on US-12 E - US-14 E - US-151 N - US-18 E from Todd Dr/Exit 259 (US-14/US-12/US-151/US-18) to Monona Dr/Exit 265 (US-12/US-18) due to accident.,W Beltline Hwy E,Madison,Dane,WI,53713,US,US/Central,KMSN,2022-07-06 14:53:00,80.0,80.0,67.0,29.08,10.0,ENE,8.0,0.0,Cloudy,False,False,False,False,False,False,False,False,False,False,False,False,False,Day,Day,Day,Day,Wednesday
A-5379034,Source1,2,2023-01-14 20:47:15,2023-01-15 01:17:37.000000000,43.163048,-89.265455,43.165057,-89.262949,0.188,US 151 North CLOSED at Ramp from Reiner Rd/Grand Ave because of a crash.,US Highway 151,Sun Prairie,Dane,WI,53590,US,US/Central,KMSN,2023-01-14 20:53:00,28.0,17.0,78.0,29.19,10.0,S,13.0,0.0,Cloudy,False,False,False,False,False,False,False,False,False,False,False,False,False,Night,Night,Night,Night,Saturday
A-5287811,Source1,2,2023-01-26 22:40:04,2023-01-26 23:59:49.000000000,42.962292,-88.02226800000003,42.962024,-88.018238,0.205,Crash on I-41/43/894 East at 76-84th St. The right shoulder is blocked.,I-41 S,Milwaukee,Milwaukee,WI,53228,US,US/Central,KMKE,2023-01-26 22:52:00,25.0,13.0,75.0,29.18,10.0,WSW,15.0,0.0,Cloudy,False,False,False,False,False,False,False,False,False,False,False,False,False,Night,Night,Night,Night,Thursday
A-4712213,Source1,2,2022-05-26 06:13:05,2022-05-26 07:29:49.000000000,42.967973,-88.03828100000001,42.968541,-88.03827199999998,0.039,Incident on I-41 NB near I-41 Drive with caution.,I-41 N,Milwaukee,Milwaukee,WI,53228,US,US/Central,KMKE,2022-05-26 06:07:00,67.0,67.0,90.0,29.0,10.0,SSW,6.0,0.0,Cloudy,False,False,False,False,False,False,False,False,False,False,False,False,False,Day,Day,Day,Day,Thursday
A-5228006,Source1,2,2022-12-22 09:16:00,2022-12-22 09:47:00.000000000,43.040456,-89.460523,43.052512,-89.487565,1.599,Slow traffic on US-12 W - US-14 W from US-18/US-151/Verona Rd/Exit 258 (US-14/W Beltline Hwy/US-12) to S Gammon Rd/Exit 255 (US-14/W Beltline Hwy/US-12) due to accident.,W Beltline Hwy W,Madison,Dane,WI,53711,US,US/Central,KC29,2022-12-22 09:15:00,11.0,-7.0,80.0,28.96,3.0,W,20.0,0.0,Cloudy,False,False,False,False,False,False,False,False,False,False,False,False,False,Day,Day,Day,Day,Thursday
A-5337625,Source1,2,2022-08-24 15:15:04,2022-08-24 16:31:59.000000000,43.189932,-89.230016,43.187442,-89.233561,0.248,Crash on US 151 South at WIS 19. Shoulders are blocked.,US-151 S,Sun Prairie,Dane,WI,53590,US,US/Central,KMSN,2022-08-24 14:53:00,81.0,81.0,45.0,29.11,10.0,SW,7.0,0.0,Partly Cloudy,False,False,False,False,False,False,False,False,False,False,False,False,False,Day,Day,Day,Day,Wednesday
A-5406247,Source1,2,2022-08-24 16:19:33,2022-08-24 17:06:26.000000000,42.962874,-87.945948,42.962593,-87.998336,2.649,Slow traffic on I-43 S - I-894 W - I-41 N - US-41 N from I-94/Exit 10 (I-894/I-43) to 76th St/Exit 5 (I-894/I-43) due to accident.,I-41 N,Milwaukee,Milwaukee,WI,53221,US,US/Central,KMKE,2022-08-24 15:52:00,83.0,83.0,51.0,29.27,10.0,SE,13.0,0.0,Partly Cloudy,False,False,False,False,False,False,False,False,False,False,False,False,False,Day,Day,Day,Day,Wednesday
A-5182062,Source1,2,2022-08-23 13:06:06,2022-08-23 14:26:40.000000000,42.96633,-87.922639,42.966629,-87.919398,0.165,Crash on I-43/94 North 2 miles beyond I-41/94 North. The right shoulder is blocked.,I-43 N,Milwaukee,Milwaukee,WI,53221,US,US/Central,KMKE,2022-08-23 12:52:00,85.0,85.0,38.0,29.24,10.0,VAR,3.0,0.0,Partly Cloudy,False,False,False,False,False,False,False,False,False,False,False,False,False,Day,Day,Day,Day,Tuesday
A-5137452,Source1,2,2022-08-15 07:47:00,2022-08-15 09:10:00.000000000,43.042991,-89.370777,43.03674,-89.452442,4.147,Slow traffic on US-12 W - US-18 W - US-14 W - US-151 S from Towne Dr/Exit 264 (US-12/US-18) to US-18/US-151/Verona Rd/Exit 258 (US-14/US-12/US-151/US-18) due to accident.,W Beltline Hwy W,Madison,Dane,WI,53713,US,US/Central,KMSN,2022-08-15 07:48:00,63.0,63.0,94.0,29.17,7.0,N,5.0,0.0,Fair,False,False,False,False,False,False,False,False,False,False,False,False,False,Day,Day,Day,Day,Monday
A-5337016,Source1,2,2022-10-04 14:46:10,2022-10-04 17:11:33.000000000,43.049067,-88.22574399999998,43.048161,-88.22575400000002,0.063,Crash on WIS 164 South at I-94 West. The right shoulder is blocked.,Pewaukee Rd,Waukesha,Waukesha,WI,53188,US,US/Central,KUES,2022-10-04 14:45:00,70.0,70.0,33.0,29.18,10.0,WSW,7.0,0.0,Fair,False,False,False,False,False,False,False,False,False,False,False,False,False,Day,Day,Day,Day,Tuesday
A-4556111,Source1,2,2023-01-17 05:58:10,2023-01-17 08:08:19.000000000,43.044435,-89.329249,43.044495,-89.32820699999998,0.053,Crash on US 12/18 East at Monona Dr. The right lane is blocked.,W Beltline Hwy E,Madison,Dane,WI,53716,US,US/Central,KMSN,2023-01-17 05:53:00,37.0,33.0,93.0,28.54,4.0,VAR,5.0,0.0,Cloudy,False,False,False,False,False,False,False,False,False,False,False,False,False,Night,Night,Night,Day,Tuesday
A-5315783,Source1,2,2022-12-02 19:33:09,2022-12-02 20:50:54.000000000,43.02936500000001,-88.06917299999998,43.027094,-88.081698,0.652,Crash on I-94 West 1.4 miles beyond WIS 100. The right shoulder is blocked.,I-94 W,Brookfield,Waukesha,WI,53005,US,US/Central,KMWC,2022-12-02 19:45:00,48.0,44.0,62.0,28.85,10.0,SSW,9.0,0.0,Cloudy,False,False,False,False,False,False,False,False,False,False,False,False,False,Night,Night,Night,Night,Friday
A-5079926,Source1,2,2022-11-03 10:34:03,2022-11-03 12:43:17.000000000,42.958506,-88.094111,42.958599,-88.08165799999998,0.63,Crash on I-43 North 1.4 miles beyond Moorland Rd. The left shoulder is blocked.,I-43 N,New Berlin,Waukesha,WI,53151,US,US/Central,KUES,2022-11-03 10:45:00,61.0,61.0,63.0,29.11,10.0,S,8.0,0.0,Fair,False,False,False,False,False,False,False,False,False,False,False,False,False,Day,Day,Day,Day,Thursday
A-5007901,Source1,2,2022-12-12 17:59:10,2022-12-12 19:17:56.000000000,43.051811,-88.376933,43.051431,-88.37364699999998,0.168,Incident on I-94 EB near WI-83 Drive with caution.,I-94 E,Delafield,Waukesha,WI,53018,US,US/Central,KUES,2022-12-12 17:45:00,32.0,26.0,80.0,29.3,10.0,NE,7.0,0.0,Cloudy,False,False,False,False,True,False,False,False,False,False,False,False,False,Night,Night,Night,Day,Monday
A-5365868,Source1,2,2022-11-04 12:32:30,2022-11-04 13:36:00.000000000,43.043937,-89.358412,43.03474,-89.400406,2.214,Slow traffic on US-12 W - US-18 W - US-14 W - US-151 S from Monona Dr/Exit 265 (US-12/US-18) to Fish Hatchery Rd/Exit 260 (US-14/US-12/US-151/US-18) due to accident.,W Beltline Hwy W,Madison,Dane,WI,53713,US,US/Central,KMSN,2022-11-04 12:43:00,60.0,60.0,90.0,28.88,4.0,CALM,0.0,0.07,Light Rain,False,False,False,False,False,False,False,False,False,False,False,False,False,Day,Day,Day,Day,Friday
A-5137443,Source1,2,2022-09-22 16:09:31,2022-09-22 18:02:23.000000000,43.032999,-89.457776,43.034643,-89.406986,2.568,Stationary traffic on US-12 E - US-151 N - US-14 E - US-18 E from Raymond Rd (US-151/Verona Rd/US-18) to Fish Hatchery Rd/Exit 260 (US-14/US-12/US-151/US-18) due to accident.,Verona Rd,Madison,Dane,WI,53711,US,US/Central,KC29,2022-09-22 16:15:00,64.0,64.0,44.0,29.22,10.0,NNE,7.0,0.0,Partly Cloudy,False,False,True,False,False,False,False,False,False,False,False,False,False,Day,Day,Day,Day,Thursday
A-5272180,Source1,2,2023-02-01 05:35:13,2023-02-01 07:46:18.000000000,43.046127,-88.20066700000002,43.049053,-88.216888,0.8440000000000001,Crash on I-94 West at County F (Waukesha County). The 2 left lanes are blocked.,I-94 W,Waukesha,Waukesha,WI,53186,US,US/Central,KUES,2023-02-01 05:35:00,3.0,-10.0,72.0,29.26,10.0,SSW,8.0,0.0,Fair,False,False,False,False,False,False,False,False,False,False,False,False,False,Night,Night,Night,Day,Wednesday
A-5117744,Source1,2,2022-04-11 07:58:04,2022-04-11 10:17:08.000000000,43.194876,-89.330591,43.194881,-89.330799,0.01,Crash on WIS 19 West at North Towne Rd. All lanes are blocked.,North Towne Rd,Windsor,Dane,WI,53598,US,US/Central,KMSN,2022-04-11 07:53:00,45.0,39.0,63.0,28.79,10.0,WNW,13.0,0.0,Mostly Cloudy,False,False,False,False,False,False,False,False,False,False,False,True,False,Day,Day,Day,Day,Monday
A-4826650,Source1,2,2022-05-11 17:02:15,2022-05-11 18:18:55.000000000,42.962133,-87.95829499999998,42.961897,-87.959722,0.074,Crash on I-41/43/894 West 0.8 miles beyond I-43/94 South. The right shoulder is blocked.,I-41 N,Milwaukee,Milwaukee,WI,53221,US,US/Central,KMKE,2022-05-11 16:52:00,54.0,54.0,86.0,29.38,0.5,CALM,0.0,0.0,Fog,False,False,False,False,False,False,False,False,False,False,False,False,False,Day,Day,Day,Day,Wednesday
A-5199870,Source1,2,2022-04-11 12:25:11,2022-04-11 13:45:30.000000000,42.95785,-88.360235,42.95780900000001,-88.36013,0.006,Incident on WI-59 EB near WI-83 Drive with caution.,State Road 59,Mukwonago,Waukesha,WI,53149,US,US/Central,KUES,2022-04-11 12:45:00,54.0,54.0,51.0,28.8,10.0,W,15.0,0.0,Partly Cloudy,False,False,False,False,False,False,False,False,False,False,False,False,False,Day,Day,Day,Day,Monday
A-4797348,Source1,2,2023-02-04 14:43:07,2023-02-04 16:54:55.000000000,43.074043,-89.2802,43.092913,-89.285538,1.331,Crash on I-39/90 North 2.3 miles beyond Ramp from US 12/18. The right shoulder is blocked., E Buckeye Rd,Madison,Dane,WI,53718,US,US/Central,KMSN,2023-02-04 14:53:00,32.0,26.0,61.0,28.95,10.0,SSW,7.0,0.0,Mostly Cloudy,False,False,False,False,False,False,False,False,False,False,False,False,False,Day,Day,Day,Day,Saturday
A-4911801,Source1,2,2022-12-24 02:45:04,2022-12-24 04:03:25.000000000,43.060277,-89.522242,43.060561,-89.522364,0.021,Incident on US-12 NB near MINERAL POINT RD Right lane blocked. Expect delays.,W Beltline Hwy W,Madison,Dane,WI,53719,US,US/Central,KC29,2022-12-24 02:55:00,0.0,-22.0,74.0,28.84,10.0,WNW,18.0,0.0,Fair,False,False,False,False,False,False,False,False,False,False,False,False,False,Night,Night,Night,Night,Saturday
A-4899088,Source1,2,2023-02-16 16:04:16,2023-02-16 20:14:09.000000000,44.496389,-88.081352,44.509166,-88.082458,0.884,Crash on I-41 North 0.3 miles beyond Ramp from County J. The left shoulder is blocked.,I-41 N,Green Bay,Brown,WI,54304,US,US/Central,KGRB,2023-02-16 16:06:00,23.0,10.0,85.0,29.26,1.0,NNE,15.0,0.0,Light Snow,False,False,False,False,False,False,False,False,False,False,False,False,False,Day,Day,Day,Day,Thursday
A-5254655,Source1,2,2022-09-28 11:57:00,2022-09-28 13:43:00.000000000,44.942294,-92.431066,44.941768,-92.449214,0.888,Slow traffic on I-94 W from US-63/Exit 19 (I-94) to WI-65/Exit 10 (I-94) due to accident.,I-94 W,Hammond,St. Croix,WI,54015,US,US/Central,KRNH,2022-09-28 11:55:00,53.0,53.0,53.0,29.45,10.0,CALM,0.0,0.0,Fair,False,False,False,False,False,False,False,False,False,False,False,False,False,Day,Day,Day,Day,Wednesday
A-5306863,Source1,2,2022-06-17 08:50:30,2022-06-17 10:50:30.000000000,42.995369,-88.03805799999998,42.974422,-88.038756,1.4480000000000002,Slow traffic on I-41 S - I-894 E - US-45 S - US-41 S from National Ave/Exit 2 (I-894) to I-43/Exit 4 (I-894) due to accident.,W Cleveland Ave,Milwaukee,Milwaukee,WI,53227,US,US/Central,KMWC,2022-06-17 08:45:00,72.0,72.0,46.0,29.24,10.0,NW,10.0,0.0,Fair,False,False,False,False,False,False,False,False,False,False,False,False,False,Day,Day,Day,Day,Friday
A-5391187,Source1,2,2022-05-13 17:50:17,2022-05-13 19:59:22.000000000,43.031621,-88.04732,43.031179,-88.04731,0.031,Crash on US 45 South 68.7 miles beyond 128th St. The 2 left lanes are blocked.,N Mayfair Rd,Milwaukee,Milwaukee,WI,53226,US,US/Central,KMWC,2022-05-13 17:45:00,84.0,84.0,25.0,29.08,10.0,SE,13.0,0.0,Fair,False,False,False,False,False,False,False,False,False,False,False,False,False,Day,Day,Day,Day,Friday
A-4695585,Source1,2,2022-09-11 08:15:00,2022-09-11 08:28:00.000000000,43.03901553,-87.92509675,43.03080553,-87.92275675,0.579,Slow traffic on I-43 S from Kilbourn Ave/Wells St/Exit 72 (I-43) to I-94/I-794/Exit 72 (I-43) due to accident.,I-43 S,Milwaukee,Milwaukee,WI,53233,US,US/Central,KMKE,2022-09-11 08:21:00,64.0,64.0,93.0,29.25,1.0,NNW,13.0,0.15,Rain,False,False,True,False,True,False,False,False,False,False,False,True,False,Day,Day,Day,Day,Sunday
A-4267141,Source1,2,2022-11-20 15:20:30,2022-11-20 17:08:00.000000000,43.062169,-88.44737099999998,43.052345,-88.38159399999998,3.389,Stationary traffic on I-94 E from WI-67/Exit 282 (I-94) to WI-83/Exit 287 (I-94) due to accident.,I-94 E,Oconomowoc,Waukesha,WI,53066,US,US/Central,KRYV,2022-11-20 15:15:00,30.0,20.0,50.0,29.23,10.0,SSW,14.0,0.0,Fair,False,False,False,False,True,False,False,False,False,False,False,False,False,Day,Day,Day,Day,Sunday
A-3999183,Source1,2,2023-02-16 22:05:10,2023-02-17 00:52:34.000000000,42.55042434,-87.95234799,42.57678434,-87.95272799,1.821,I-41/94 North CLOSED at Ramp from County C because of a crash.,I-41 N,Kenosha,Kenosha,WI,53142,US,US/Central,KENW,2023-02-16 22:12:00,25.0,13.0,81.0,29.21,2.0,NNW,14.0,0.0,Haze,False,False,False,False,False,False,False,False,False,False,False,False,False,Night,Night,Night,Night,Thursday
A-4010959,Source1,2,2023-01-27 08:55:13,2023-01-27 11:27:34.000000000,43.044772,-89.326307,43.043911,-89.359161,1.66,Crash on US 12/18 West at Ramp from Monona Dr. The right lane is blocked.,W Beltline Hwy W,Madison,Dane,WI,53716,US,US/Central,KMSN,2023-01-27 08:53:00,22.0,10.0,82.0,28.72,0.75,S,13.0,0.0,Light Snow,False,False,False,False,False,False,False,False,False,False,False,False,False,Day,Day,Day,Day,Friday
A-3676430,Source1,2,2023-03-24 14:38:14,2023-03-24 16:57:42.000000000,44.53400300000001,-88.009801,44.539657,-88.024789,0.835,I-43 North CLOSED beyond Ramp from E Shore Dr because of a crash.,I-43 N,Green Bay,Brown,WI,54303,US,US/Central,KGRB,2023-03-24 14:53:00,39.0,34.0,57.0,29.31,10.0,VAR,7.0,0.0,Fair,False,False,False,False,False,False,False,False,False,False,False,False,False,Day,Day,Day,Day,Friday
A-3885713,Source1,2,2022-12-18 11:22:00,2022-12-18 12:42:30.000000000,42.93339,-88.15897700000002,42.930524,-88.171449,0.6609999999999999,Slow traffic on I-43 S - Rock Fwy S from Moorland Rd/Exit 57 (I-43) to WI-164/Exit 50 (I-43) due to accident.,S Racine Ave,New Berlin,Waukesha,WI,53146,US,US/Central,KUES,2022-12-18 11:45:00,16.0,1.0,86.0,29.07,10.0,W,15.0,0.0,Cloudy,False,False,False,False,False,False,False,False,False,False,False,False,False,Day,Day,Day,Day,Sunday
A-5199565,Source1,2,2022-05-27 06:25:04,2022-05-27 07:45:07.000000000,42.958472,-88.04284100000002,42.957636,-88.057827,0.76,Crash on I-43 South at Us 45/WIS 100. The left shoulder is blocked.,I-43 S,Milwaukee,Milwaukee,WI,53228,US,US/Central,KMKE,2022-05-27 06:52:00,53.0,53.0,86.0,29.05,10.0,N,16.0,0.01,Cloudy,False,False,False,False,False,False,False,False,False,False,False,False,False,Day,Day,Day,Day,Friday
A-5274343,Source1,2,2022-10-14 19:59:30,2022-10-14 20:20:00.000000000,42.973719,-87.91727900000002,42.970187,-87.91578,0.256,Stationary traffic from W Howard Ave to I-43 S due to accident.,W Howard Ave,Milwaukee,Milwaukee,WI,53207,US,US/Central,KMKE,2022-10-14 19:52:00,44.0,40.0,71.0,28.9,10.0,W,8.0,0.0,Cloudy,False,False,True,False,False,False,False,False,False,False,False,True,False,Night,Night,Night,Night,Friday
A-3725405,Source1,2,2023-01-26 03:03:30,2023-01-26 03:23:00.000000000,42.69751668,-87.95365691,42.73186668,-87.95381691,2.373,Slow traffic on I-94 W - I-41 N - US-41 N from WI-11/Exit 335 (I-94) to WI-20/Exit 333 (I-94) due to accident.,I-41 N,Sturtevant,Racine,WI,53177,US,US/Central,KRAC,2023-01-26 03:00:00,30.0,23.0,88.0,29.1,3.0,WNW,7.0,0.0,Cloudy,False,False,False,False,False,False,False,False,False,False,False,False,False,Night,Night,Night,Night,Thursday
A-3725289,Source1,2,2022-05-03 12:25:30,2022-05-03 13:02:30.000000000,43.050624131951096,-88.31352353053896,43.04917413195109,-88.35102353053895,1.896,Stationary traffic on I-94 W from Exit 290 (I-94) to WI-83/Exit 287 (I-94) due to accident.,I-94 W,Pewaukee,Waukesha,WI,53072,US,US/Central,KUES,2022-05-03 12:45:00,43.0,35.0,93.0,28.91,10.0,NE,15.0,0.0,Cloudy,False,False,False,False,False,False,False,False,False,False,False,False,False,Day,Day,Day,Day,Tuesday
A-3885998,Source1,2,2022-11-16 00:55:30,2022-11-16 01:09:30.000000000,43.05412173,-88.41068387,43.06313173,-88.45041387,2.1,Slow traffic on I-94 W from Exit 285 (I-94) to Sawyer Rd/Exit 283 (I-94) due to accident.,I-94 W,Delafield,Waukesha,WI,53018,US,US/Central,KUES,2022-11-16 00:55:00,32.0,32.0,100.0,29.08,3.0,NNW,3.0,0.0,Light Snow,False,False,False,False,False,False,False,False,False,False,False,False,False,Night,Night,Night,Night,Wednesday
A-4370920,Source1,2,2023-01-27 10:56:17,2023-01-27 13:02:58.000000000,43.07881951,-88.05802703,43.09502951,-88.05807703,1.12,Crash on I-41/US 45 North at Capitol Dr. The left lane is blocked.,I-41 N,Milwaukee,Milwaukee,WI,53222,US,US/Central,KMWC,2023-01-27 10:45:00,25.0,11.0,74.0,28.87,3.0,S,20.0,0.0,Light Snow,False,False,False,False,False,False,False,False,False,False,False,False,False,Day,Day,Day,Day,Friday
A-3884153,Source1,2,2022-07-17 18:58:08,2022-07-17 20:14:47.000000000,43.066094,-89.277974,43.063691,-89.277332,0.1689999999999999,Crash on I-39/90 South 2.9 miles beyond WIS 30. The left shoulder is blocked.,I-39 S,Madison,Dane,WI,53718,US,US/Central,KMSN,2022-07-17 18:53:00,82.0,82.0,54.0,28.96,10.0,NNE,8.0,0.0,Partly Cloudy,False,False,False,False,False,False,False,False,False,False,False,False,False,Day,Day,Day,Day,Sunday
A-3675556,Source1,2,2023-02-26 17:46:15,2023-02-26 19:54:48.000000000,43.143481,-89.288492,43.141045,-89.291475,0.226,Crash on US 151 South at Ramp from American Pkwy. The left lane is blocked.,US Highway 151,Madison,Dane,WI,53718,US,US/Central,KMSN,2023-02-26 17:53:00,35.0,29.0,52.0,28.94,10.0,E,7.0,0.0,Mostly Cloudy,False,False,False,False,False,False,False,False,False,False,False,False,False,Night,Day,Day,Day,Sunday
A-3725705,Source1,2,2022-11-08 19:16:14,2022-11-08 20:37:52.000000000,43.00827,-89.219664,43.011152,-89.229065,0.515,Crash on I-39/90 North 1.4 miles beyond County N. The left shoulder is blocked.,I-39 N,Stoughton,Dane,WI,53589,US,US/Central,KMSN,2022-11-08 18:53:00,44.0,38.0,73.0,29.48,10.0,SE,12.0,0.0,Partly Cloudy,False,False,False,False,False,False,False,False,False,False,False,False,False,Night,Night,Night,Night,Tuesday
A-3870175,Source1,2,2022-11-20 18:47:09,2022-11-20 20:56:46.000000000,44.29381728,-88.35596681,44.29817728,-88.36379681,0.491,Exit to I-41 South from WIS 441 North closed because of a crash.,WI-441 N,Appleton,Outagamie,WI,54911,US,US/Central,KATW,2022-11-20 18:45:00,21.0,12.0,68.0,29.05,10.0,S,8.0,0.0,Partly Cloudy,False,False,False,False,True,False,False,False,False,False,False,False,False,Night,Night,Night,Night,Sunday
A-4006175,Source1,2,2022-07-05 11:34:03,2022-07-05 13:40:05.000000,43.053184,-88.404785,43.054055,-88.40485100000002,0.06,The ramp from Genesee St to I-94 East is blocked because of a crash.,S Genesee St,Delafield,Waukesha,WI,53018,US,US/Central,KUES,2022-07-05 11:45:00,82.0,82.0,62.0,28.91,10.0,NE,6.0,0.0,Mostly Cloudy,False,False,False,False,False,False,False,False,False,False,False,False,False,Day,Day,Day,Day,Tuesday
A-3665407,Source1,2,2023-03-20 15:20:09,2023-03-20 17:37:52.000000000,43.092913,-89.285538,43.104878,-89.282261,0.843,Crash on I-39/90 North at WIS 30. The right shoulder is blocked.,I-39 N,Madison,Dane,WI,53718,US,US/Central,KMSN,2023-03-20 14:53:00,47.0,43.0,36.0,29.04,10.0,SW,8.0,0.0,Partly Cloudy,False,False,False,False,False,False,False,False,False,False,False,False,False,Day,Day,Day,Day,Monday
A-3667140,Source1,2,2023-03-30 15:48:14,2023-03-30 17:57:43.000000000,44.047092,-88.76490600000002,44.046808,-88.76418000000002,0.041,WIS 21 West and WIS 21 East CLOSED at Brodrick Rd North/South because of a crash., Broderick Rd,Omro,Winnebago,WI,54963,US,US/Central,KOSH,2023-03-30 15:53:00,40.0,37.0,53.0,29.22,10.0,SSE,5.0,0.0,Cloudy,False,False,False,False,False,False,False,False,False,False,False,False,False,Day,Day,Day,Day,Thursday
A-3890737,Source1,2,2022-04-07 22:45:04,2022-04-08 01:28:48.000000000,44.940545,-92.391203,44.937884,-92.368206,1.14,Crash on I-94 East 1.6 miles beyond County T. The left lane is blocked.,I-94 E,Baldwin,St. Croix,WI,54002,US,US/Central,KRNH,2022-04-07 22:55:00,31.0,21.0,82.0,28.74,10.0,N,13.0,0.0,Cloudy,False,False,False,False,False,False,False,False,False,False,False,False,False,Night,Night,Night,Night,Thursday
A-3792236,Source1,2,2022-04-18 19:50:11,2022-04-18 21:14:25.000000000,43.04279208162764,-89.27570700602877,43.04828208162763,-89.28170700602877,0.485,Incident on I-39 NB near US-12 Drive with caution.,I-39 N,Madison,Dane,WI,53718,US,US/Central,KMSN,2022-04-18 19:53:00,35.0,28.0,82.0,29.13,10.0,WNW,9.0,0.0,Cloudy,False,False,False,False,True,False,False,False,False,False,False,False,False,Night,Day,Day,Day,Monday
A-4604107,Source1,2,2022-04-22 14:11:00,2022-04-22 15:02:14.000000000,43.107612,-89.282882,43.130461,-89.292185,1.6469999999999998,Stationary traffic on I-94 W - I-90 W - I-39 N from exit [138A] to US-151 exit [135C-B-A] due to accident.,I-94 W,Madison,Dane,WI,53718,US,US/Central,KMSN,2022-04-22 13:53:00,48.0,41.0,89.0,29.31,3.0,ESE,20.0,0.11,Rain,False,False,False,False,False,False,False,False,False,False,False,False,False,Day,Day,Day,Day,Friday
A-3800504,Source1,2,2023-02-23 06:43:19,2023-02-23 08:54:01.000000000,42.920869,-87.935762,42.916396,-87.93591500000002,0.309,Crash on I-41/94 South at Rawson Ave. The right shoulder is blocked.,I-41 S,Oak Creek,Milwaukee,WI,53154,US,US/Central,KMKE,2023-02-23 06:52:00,33.0,24.0,89.0,28.96,1.0,E,12.0,0.0,Wintry Mix,False,False,False,False,False,False,False,False,False,False,False,False,False,Day,Day,Day,Day,Thursday
A-4303426,Source1,2,2022-12-14 19:29:14,2022-12-14 21:36:50.000000000,43.109153000000006,-89.083225,43.109091,-89.086556,0.168,Crash on I-94 West at Ramp from WIS 73. The left shoulder is blocked.,I-94 W,Marshall,Dane,WI,53559,US,US/Central,KMSN,2022-12-14 19:53:00,39.0,31.0,89.0,28.73,7.0,ESE,15.0,0.06,Rain,False,False,False,False,False,False,False,False,False,False,False,False,False,Night,Night,Night,Night,Wednesday
A-3748559,Source1,2,2022-11-13 17:20:05,2022-11-13 18:39:20.000000000,42.926315,-87.935179,42.930225,-87.935186,0.27,Crash on I-41/94 North at College Ave. The right shoulder is blocked.,I-41 N,Milwaukee,Milwaukee,WI,53221,US,US/Central,KMKE,2022-11-13 16:52:00,35.0,31.0,42.0,29.54,10.0,W,5.0,0.0,Mostly Cloudy,False,False,False,False,False,False,False,False,False,False,False,False,False,Night,Night,Day,Day,Sunday
A-3789971,Source1,2,2022-09-08 08:09:07,2022-09-08 09:28:54.000000000,42.962516,-87.939368,42.962648,-87.94274399999998,0.171,Crash on I-41/43/894 West at I-41/94 North. The right shoulder is blocked.,I-41 N,Milwaukee,Milwaukee,WI,53221,US,US/Central,KMKE,2022-09-08 07:52:00,71.0,71.0,66.0,29.29,10.0,SW,3.0,0.0,Partly Cloudy,False,False,False,False,False,False,False,False,False,False,False,False,False,Day,Day,Day,Day,Thursday
A-3725854,Source1,2,2023-01-03 17:58:13,2023-01-03 19:16:08.000000000,43.035525,-87.93494100000002,43.035589,-87.932754,0.111,Incident on I-94 EB near WI-175 Right lane blocked. Expect delays.,I-94 E,Milwaukee,Milwaukee,WI,53233,US,US/Central,KMKE,2023-01-03 18:03:00,42.0,39.0,89.0,28.85,0.25,NNE,5.0,0.0,Light Drizzle,False,False,False,False,True,False,False,False,False,False,False,False,False,Night,Night,Night,Day,Tuesday
A-3665418,Source1,2,2023-02-28 00:34:12,2023-02-28 02:43:48.000000000,43.340189,-89.166577,43.340481,-89.14658100000003,1.005,WIS 60 CLOSED from Parakeet Rd to County A because of a crash.,W3562 State Road 60,Columbus,Columbia,WI,53925-9767,US,US/Central,KUNU,2023-02-28 00:35:00,32.0,26.0,94.0,28.62,10.0,W,7.0,0.0,Cloudy,False,False,False,False,False,False,False,False,False,False,False,False,False,Night,Night,Night,Night,Tuesday
A-4367064,Source1,2,2022-09-04 23:34:08,2022-09-05 01:12:27.000000000,42.648448,-87.952548,42.654948,-87.952618,0.449,Crash on I-41/94 North 0.8 miles beyond County E. The left shoulder is blocked.,I-41 N,Sturtevant,Kenosha,WI,53177,US,US/Central,KRAC,2022-09-04 23:53:00,66.0,66.0,81.0,29.41,10.0,ENE,7.0,0.0,Cloudy,False,False,False,False,False,False,False,False,False,False,False,False,False,Night,Night,Night,Night,Sunday
A-3737010,Source1,2,2023-01-19 22:48:11,2023-01-20 00:58:05.000000000,43.029195,-88.06913399999998,43.029508,-88.067314,0.094,Crash on I-94 East 1.7 miles beyond Ramp from Moorland Rd. The left shoulder is blocked.,I-94 E,Brookfield,Waukesha,WI,53005,US,US/Central,KMWC,2023-01-19 22:55:00,32.0,22.0,93.0,28.94,10.0,WNW,14.0,0.0,Cloudy,False,False,False,False,False,False,False,False,False,False,False,False,False,Night,Night,Night,Night,Thursday
A-3976476,Source1,2,2022-11-01 20:22:19,2022-11-01 23:32:49.000000000,42.567322,-87.949694,42.567319,-87.949333,0.018,Crash on WIS 50 East at 118th Ave. The 2 right lanes are blocked.,75th St,Pleasant Prairie,Kenosha,WI,53158,US,US/Central,KENW,2022-11-01 19:53:00,56.0,56.0,51.0,29.38,10.0,S,5.0,0.0,Fair,False,False,False,False,False,False,False,False,False,False,False,True,False,Night,Night,Night,Night,Tuesday
A-4771089,Source1,2,2022-04-07 07:25:30,2022-04-07 09:31:31.000000000,43.044468,-89.331336,43.041159,-89.37633000000002,2.2840000000000003,Stationary traffic on US-12 W - US-18 W from Monona Dr/Exit 265 (US-12/US-18) to Rimrock Rd/Exit 262 (US-12/US-18) due to accident.,W Beltline Hwy W,Madison,Dane,WI,53713,US,US/Central,KMSN,2022-04-07 07:39:00,36.0,28.0,79.0,28.51,10.0,SW,10.0,0.0,Light Snow,False,False,False,False,False,False,False,False,False,False,False,False,False,Day,Day,Day,Day,Thursday
A-4439510,Source1,2,2022-12-07 16:49:04,2022-12-07 19:23:31.000000000,43.02768588,-87.92254329,43.01989588,-87.91807329,0.584,Crash on Exit to WIS 145/Fond Du Lac Ave from I-43 South.,I-43 S,Milwaukee,Milwaukee,WI,53233,US,US/Central,KMKE,2022-12-07 16:52:00,39.0,33.0,73.0,29.56,7.0,NW,9.0,0.0,Cloudy,False,False,False,False,False,False,False,False,False,False,False,False,False,Night,Night,Day,Day,Wednesday
A-5419012,Source1,2,2022-11-07 14:21:12,2022-11-07 16:02:33.000000000,42.988579,-88.047208,42.988148,-88.047214,0.03,Incident on WI-100 SB near W OKLAHOMA AVE Right lane blocked. Expect delays., S 108th St,Milwaukee,Milwaukee,WI,53227-3521,US,US/Central,KMWC,2022-11-07 14:45:00,48.0,45.0,34.0,29.71,10.0,N,7.0,0.0,Fair,False,False,False,False,False,False,False,False,True,False,False,False,False,Day,Day,Day,Day,Monday
A-5289690,Source1,2,2022-10-10 09:49:17,2022-10-10 11:09:40.000000000,43.114064,-87.918113,43.117665,-87.918646,0.25,Crash on I-43 North at Silver Spring Dr. The right shoulder is blocked.,W Lexington Blvd,Milwaukee,Milwaukee,WI,53217,US,US/Central,KMWC,2022-10-10 09:45:00,55.0,55.0,63.0,29.42,10.0,E,9.0,0.0,Fair,False,False,False,False,False,False,False,False,False,False,False,False,False,Day,Day,Day,Day,Monday
A-5415230,Source1,2,2022-06-06 11:40:30,2022-06-06 11:54:00.000000000,43.085655,-87.92107800000002,43.093403,-87.922009,0.537,Slow traffic on I-43 N from Keefe Ave/Exit 75 (I-43) to WI-57/Green Bay Ave/Exit 76 (I-43) due to accident.,I-43 N,Milwaukee,Milwaukee,WI,53206,US,US/Central,KMWC,2022-06-06 11:45:00,64.0,64.0,77.0,28.93,10.0,S,5.0,0.0,Cloudy,False,False,False,False,False,False,False,False,False,False,False,False,False,Day,Day,Day,Day,Monday
A-5296715,Source1,2,2022-09-26 15:10:08,2022-09-26 17:28:33.000000000,43.081573,-87.92062800000002,43.078421,-87.920816,0.218,Crash on I-43 South 0.5 miles beyond Atkinson/Keefe. The right shoulder is blocked.,W Keefe Ave,Milwaukee,Milwaukee,WI,53206,US,US/Central,KMWC,2022-09-26 14:45:00,57.0,57.0,55.0,29.08,10.0,NW,18.0,0.0,Mostly Cloudy,False,False,False,False,False,False,False,False,False,False,False,False,False,Day,Day,Day,Day,Monday
